"fold","variable","rhat","ess_bulk","ess_tail","passed","model","iterations","burn_in","thin","prediction_draws","rep_id","eff_range","prior_scale"
1,"tau_B_sq",1.0009204472154,1674.15218791139,2285.61742536853,TRUE,"spatial",10000,5001,10,2000,1,0,500
1,"sigma_sq",1.00209542715277,1648.88398574227,1974.20239776036,TRUE,"spatial",10000,5001,10,2000,1,0,500
1,"eff_range",1.00541564226702,1843.75306396774,2066.39953066694,TRUE,"spatial",10000,5001,10,2000,1,0,500
1,"lp",1.00263453871984,1199.44485297762,1362.59095305477,TRUE,"spatial",10000,5001,10,2000,1,0,500
2,"tau_B_sq",1.0027386066282,1522.64769272249,1769.42451642118,TRUE,"spatial",10000,5001,10,2000,1,0,500
2,"sigma_sq",1.00373402570497,1727.39864983833,2043.56152746295,TRUE,"spatial",10000,5001,10,2000,1,0,500
2,"eff_range",1.00162072759387,1438.60368848111,1799.40568990432,TRUE,"spatial",10000,5001,10,2000,1,0,500
2,"lp",1.00386422377648,1366.21393714779,1744.09233088879,TRUE,"spatial",10000,5001,10,2000,1,0,500
3,"tau_B_sq",1.00201792322266,1488.34887384193,2025.41729213822,TRUE,"spatial",10000,5001,10,2000,1,0,500
3,"sigma_sq",1.00257875803042,1863.93669030711,2236.60593864041,TRUE,"spatial",10000,5001,10,2000,1,0,500
3,"eff_range",1.00268503047614,1656.90900040481,2162.57138254221,TRUE,"spatial",10000,5001,10,2000,1,0,500
3,"lp",1.00388128830641,1240.18423481984,1567.44099548915,TRUE,"spatial",10000,5001,10,2000,1,0,500
4,"tau_B_sq",1.00297858148556,1811.2832724957,2355.7185779743,TRUE,"spatial",10000,5001,10,2000,1,0,500
4,"sigma_sq",1.00288614668627,1871.82851982158,2288.33796342346,TRUE,"spatial",10000,5001,10,2000,1,0,500
4,"eff_range",1.00228093482219,1490.09103686506,1773.14405263235,TRUE,"spatial",10000,5001,10,2000,1,0,500
4,"lp",1.00605720382329,1249.741104175,1389.85397805504,TRUE,"spatial",10000,5001,10,2000,1,0,500
5,"tau_B_sq",1.0018715753914,1799.35725642532,2544.67149294073,TRUE,"spatial",10000,5001,10,2000,1,0,500
5,"sigma_sq",1.00131082712681,1831.95618823009,2739.01018484132,TRUE,"spatial",10000,5001,10,2000,1,0,500
5,"eff_range",1.00543092195331,1468.94933860519,2161.80888179251,TRUE,"spatial",10000,5001,10,2000,1,0,500
5,"lp",1.00334991723901,1341.10284077908,1549.07009233445,TRUE,"spatial",10000,5001,10,2000,1,0,500
1,"tau_B_sq",1.00096766298822,4115.41733914122,4332.15731206945,TRUE,"nonspatial",10000,5001,10,2000,1,0,500
1,"lp",1.00084309506437,2457.97088323386,2573.96103821079,TRUE,"nonspatial",10000,5001,10,2000,1,0,500
2,"tau_B_sq",1.0013497767273,3451.7626454481,3758.86531703379,TRUE,"nonspatial",10000,5001,10,2000,1,0,500
2,"lp",1.00055281690662,2904.54688921674,2886.28451249221,TRUE,"nonspatial",10000,5001,10,2000,1,0,500
3,"tau_B_sq",1.00088143856215,3766.99386838149,3412.02240434624,TRUE,"nonspatial",10000,5001,10,2000,1,0,500
3,"lp",1.00095769206324,2941.0115460112,3036.24439037575,TRUE,"nonspatial",10000,5001,10,2000,1,0,500
4,"tau_B_sq",1.00167931976426,3890.21360201006,3914.78216964446,TRUE,"nonspatial",10000,5001,10,2000,1,0,500
4,"lp",1.00155738651647,3009.36661071613,2832.49402072919,TRUE,"nonspatial",10000,5001,10,2000,1,0,500
5,"tau_B_sq",1.00052598663988,3919.96627336801,4089.12851417425,TRUE,"nonspatial",10000,5001,10,2000,1,0,500
5,"lp",1.00041363692839,2952.18677100958,2446.95770639869,TRUE,"nonspatial",10000,5001,10,2000,1,0,500
1,"tau_B_sq",1.00251218319427,1761.64274786318,1860.99324187961,TRUE,"spatial",10000,5001,10,2000,2,0,500
1,"sigma_sq",1.00111324613192,1632.59106982127,2016.94534000761,TRUE,"spatial",10000,5001,10,2000,2,0,500
1,"eff_range",1.00381215255601,1116.93193521753,1387.37083965273,TRUE,"spatial",10000,5001,10,2000,2,0,500
1,"lp",1.00217958678317,1253.63056468416,1388.17843408167,TRUE,"spatial",10000,5001,10,2000,2,0,500
2,"tau_B_sq",1.00289309288643,1705.72935080359,2236.30988198251,TRUE,"spatial",10000,5001,10,2000,2,0,500
2,"sigma_sq",1.00339077105626,1604.49955341206,2523.80466084089,TRUE,"spatial",10000,5001,10,2000,2,0,500
2,"eff_range",1.00396491591506,1431.6081599909,1584.87438688852,TRUE,"spatial",10000,5001,10,2000,2,0,500
2,"lp",1.00849180604984,1200.97122769431,1370.71476272326,TRUE,"spatial",10000,5001,10,2000,2,0,500
3,"tau_B_sq",1.00301951008918,1777.45874391758,1915.86647009757,TRUE,"spatial",10000,5001,10,2000,2,0,500
3,"sigma_sq",1.00489112606411,1953.11653168015,2360.23849283351,TRUE,"spatial",10000,5001,10,2000,2,0,500
3,"eff_range",1.00133294244501,1431.71716586647,1341.8581642939,TRUE,"spatial",10000,5001,10,2000,2,0,500
3,"lp",1.00456368851401,1281.3302150244,1562.03604291198,TRUE,"spatial",10000,5001,10,2000,2,0,500
4,"tau_B_sq",1.0016045614888,1607.00372569742,2510.37624240802,TRUE,"spatial",10000,5001,10,2000,2,0,500
4,"sigma_sq",1.00166282410669,1789.77148660745,2711.57623059403,TRUE,"spatial",10000,5001,10,2000,2,0,500
4,"eff_range",1.00310648871937,1608.14479918706,2052.09257542838,TRUE,"spatial",10000,5001,10,2000,2,0,500
4,"lp",1.00211745077733,1287.07228225516,1885.80570850851,TRUE,"spatial",10000,5001,10,2000,2,0,500
5,"tau_B_sq",1.00125007790162,1787.14546794492,2395.38181995837,TRUE,"spatial",10000,5001,10,2000,2,0,500
5,"sigma_sq",1.00146418566679,1502.52988676484,2037.18062409591,TRUE,"spatial",10000,5001,10,2000,2,0,500
5,"eff_range",1.00284850438728,1567.82203246282,2174.20806513104,TRUE,"spatial",10000,5001,10,2000,2,0,500
5,"lp",1.00279189959817,1455.53020935516,1773.43968078168,TRUE,"spatial",10000,5001,10,2000,2,0,500
1,"tau_B_sq",1.00052883032537,4215.00214792848,4344.26364559038,TRUE,"nonspatial",10000,5001,10,2000,2,0,500
1,"lp",1.00058448523826,3018.58442729624,2956.70624085619,TRUE,"nonspatial",10000,5001,10,2000,2,0,500
2,"tau_B_sq",1.00152038708552,3966.33312308699,3968.1549334572,TRUE,"nonspatial",10000,5001,10,2000,2,0,500
2,"lp",1.00083150715353,2746.98597562422,2910.8142384411,TRUE,"nonspatial",10000,5001,10,2000,2,0,500
3,"tau_B_sq",1.00132717989473,3406.11552693297,3403.75281915525,TRUE,"nonspatial",10000,5001,10,2000,2,0,500
3,"lp",1.00158518667811,2901.79778874886,2817.43859528334,TRUE,"nonspatial",10000,5001,10,2000,2,0,500
4,"tau_B_sq",1.00115897930218,4204.63104350107,4225.71034655689,TRUE,"nonspatial",10000,5001,10,2000,2,0,500
4,"lp",1.00066935207356,3123.87154754067,3150.44267725038,TRUE,"nonspatial",10000,5001,10,2000,2,0,500
5,"tau_B_sq",1.00328787355252,3846.95623919816,3977.37811473291,TRUE,"nonspatial",10000,5001,10,2000,2,0,500
5,"lp",1.00276256993467,2987.44258091345,2744.57498943587,TRUE,"nonspatial",10000,5001,10,2000,2,0,500
1,"tau_B_sq",1.00277641545964,1760.08635688476,2185.29631522555,TRUE,"spatial",10000,5001,10,2000,3,0,500
1,"sigma_sq",1.00226516140698,1756.72663887443,2269.82589011774,TRUE,"spatial",10000,5001,10,2000,3,0,500
1,"eff_range",1.00258806781458,1536.94693734326,2160.13756862182,TRUE,"spatial",10000,5001,10,2000,3,0,500
1,"lp",1.00592711456699,1246.7217859251,1559.34026896984,TRUE,"spatial",10000,5001,10,2000,3,0,500
2,"tau_B_sq",1.00375509511711,1854.91692559207,2426.84410636698,TRUE,"spatial",10000,5001,10,2000,3,0,500
2,"sigma_sq",1.00519855768148,1755.56953060526,2608.89284543291,TRUE,"spatial",10000,5001,10,2000,3,0,500
2,"eff_range",1.00409103034637,1651.70401375012,1876.84753248951,TRUE,"spatial",10000,5001,10,2000,3,0,500
2,"lp",1.00435935748004,1417.85050091339,1843.0185698339,TRUE,"spatial",10000,5001,10,2000,3,0,500
3,"tau_B_sq",1.00139365966579,1818.86073224554,2080.56978931018,TRUE,"spatial",10000,5001,10,2000,3,0,500
3,"sigma_sq",1.0043702592698,1327.24274655518,1965.1317045026,TRUE,"spatial",10000,5001,10,2000,3,0,500
3,"eff_range",1.00158346142361,1867.01127050328,2643.54628828122,TRUE,"spatial",10000,5001,10,2000,3,0,500
3,"lp",1.00143130367511,1420.49353864458,1749.85204260647,TRUE,"spatial",10000,5001,10,2000,3,0,500
4,"tau_B_sq",1.00102123215369,1667.1964503833,1960.90788883579,TRUE,"spatial",10000,5001,10,2000,3,0,500
4,"sigma_sq",1.00140570823898,1735.40320368588,2062.41124226569,TRUE,"spatial",10000,5001,10,2000,3,0,500
4,"eff_range",1.00120206136225,1505.16493350978,1831.28660719343,TRUE,"spatial",10000,5001,10,2000,3,0,500
4,"lp",1.00062286721464,1474.79948507683,1983.40450458442,TRUE,"spatial",10000,5001,10,2000,3,0,500
5,"tau_B_sq",1.00129096990592,1567.04676280497,1802.84569750249,TRUE,"spatial",10000,5001,10,2000,3,0,500
5,"sigma_sq",1.00248898893081,1699.85333720217,2472.07509914975,TRUE,"spatial",10000,5001,10,2000,3,0,500
5,"eff_range",1.00248821316686,1570.5276009208,1891.06280898179,TRUE,"spatial",10000,5001,10,2000,3,0,500
5,"lp",1.00204596724508,1463.86440394274,1607.39295166137,TRUE,"spatial",10000,5001,10,2000,3,0,500
1,"tau_B_sq",1.00115508902319,3496.49330954909,3983.05546711203,TRUE,"nonspatial",10000,5001,10,2000,3,0,500
1,"lp",1.00110240582431,2847.33554494056,2701.65901782049,TRUE,"nonspatial",10000,5001,10,2000,3,0,500
2,"tau_B_sq",1.00070265697137,3770.87661831317,4046.12359400565,TRUE,"nonspatial",10000,5001,10,2000,3,0,500
2,"lp",1.00058686794617,3085.96029234622,2471.63688671352,TRUE,"nonspatial",10000,5001,10,2000,3,0,500
3,"tau_B_sq",1.00073327240118,3921.65656536558,4586.72747699075,TRUE,"nonspatial",10000,5001,10,2000,3,0,500
3,"lp",1.00249706689881,3042.71007506541,2693.66173506446,TRUE,"nonspatial",10000,5001,10,2000,3,0,500
4,"tau_B_sq",1.00102910160818,3537.83910279387,3643.01214631522,TRUE,"nonspatial",10000,5001,10,2000,3,0,500
4,"lp",1.00073277919581,2754.5338868487,2709.91450832448,TRUE,"nonspatial",10000,5001,10,2000,3,0,500
5,"tau_B_sq",1.00202627283948,4031.98734851383,4257.66933892368,TRUE,"nonspatial",10000,5001,10,2000,3,0,500
5,"lp",1.00128636770431,3087.61289315488,2901.973995891,TRUE,"nonspatial",10000,5001,10,2000,3,0,500
1,"tau_B_sq",1.00307992079219,1647.473670061,2105.32003648331,TRUE,"spatial",10000,5001,10,2000,4,0,500
1,"sigma_sq",1.00121523933646,1814.66107924312,2432.40667369068,TRUE,"spatial",10000,5001,10,2000,4,0,500
1,"eff_range",1.00192142235141,1484.34749157375,1743.08226233558,TRUE,"spatial",10000,5001,10,2000,4,0,500
1,"lp",1.00273855316932,1294.41458502448,1817.82154102021,TRUE,"spatial",10000,5001,10,2000,4,0,500
2,"tau_B_sq",1.00285158469405,1710.73484040472,2337.19345254482,TRUE,"spatial",10000,5001,10,2000,4,0,500
2,"sigma_sq",1.00474580799505,1642.13068410729,2127.7476995659,TRUE,"spatial",10000,5001,10,2000,4,0,500
2,"eff_range",1.00292783116708,1588.50485813155,1690.38085057007,TRUE,"spatial",10000,5001,10,2000,4,0,500
2,"lp",1.00171545234722,1344.0417320496,1696.75080281699,TRUE,"spatial",10000,5001,10,2000,4,0,500
3,"tau_B_sq",1.00217818539807,1778.29067665342,2116.78197957288,TRUE,"spatial",10000,5001,10,2000,4,0,500
3,"sigma_sq",1.00157564694428,1685.82359908733,2251.7003473116,TRUE,"spatial",10000,5001,10,2000,4,0,500
3,"eff_range",1.00244537765232,1537.74833467127,1989.8149230124,TRUE,"spatial",10000,5001,10,2000,4,0,500
3,"lp",1.00350678737215,1396.86487606313,1673.9094959947,TRUE,"spatial",10000,5001,10,2000,4,0,500
4,"tau_B_sq",1.00084240754912,1636.12813956162,1885.99635996398,TRUE,"spatial",10000,5001,10,2000,4,0,500
4,"sigma_sq",1.00227990051667,1773.91286249434,2121.33323854058,TRUE,"spatial",10000,5001,10,2000,4,0,500
4,"eff_range",1.00396523816764,1473.38485855572,1581.44082314816,TRUE,"spatial",10000,5001,10,2000,4,0,500
4,"lp",1.00227066709314,1327.99654074817,1606.66321236542,TRUE,"spatial",10000,5001,10,2000,4,0,500
5,"tau_B_sq",1.0014090310695,1685.57151120493,2287.07272423447,TRUE,"spatial",10000,5001,10,2000,4,0,500
5,"sigma_sq",1.0019701719417,1710.57069553247,2325.65637293904,TRUE,"spatial",10000,5001,10,2000,4,0,500
5,"eff_range",1.00547875164486,1324.66257672338,1915.30835300266,TRUE,"spatial",10000,5001,10,2000,4,0,500
5,"lp",1.00264140372539,1369.99978057724,1566.02357989379,TRUE,"spatial",10000,5001,10,2000,4,0,500
1,"tau_B_sq",1.00109266478471,3900.96303111773,4040.81476912379,TRUE,"nonspatial",10000,5001,10,2000,4,0,500
1,"lp",1.00137074261986,2612.92885046244,2661.92000944644,TRUE,"nonspatial",10000,5001,10,2000,4,0,500
2,"tau_B_sq",1.00125897160682,4017.68185112684,3769.03523913699,TRUE,"nonspatial",10000,5001,10,2000,4,0,500
2,"lp",1.00144829363819,2813.24077983994,2680.41875403366,TRUE,"nonspatial",10000,5001,10,2000,4,0,500
3,"tau_B_sq",1.00192418703912,3822.62139695723,3768.24506902236,TRUE,"nonspatial",10000,5001,10,2000,4,0,500
3,"lp",1.00160705920101,2529.33661553948,2995.75693378069,TRUE,"nonspatial",10000,5001,10,2000,4,0,500
4,"tau_B_sq",1.00090886795874,3529.05595319925,3727.49751012733,TRUE,"nonspatial",10000,5001,10,2000,4,0,500
4,"lp",1.00083665874004,2442.75238501106,2305.25320127507,TRUE,"nonspatial",10000,5001,10,2000,4,0,500
5,"tau_B_sq",1.00161565506083,4279.01515924008,4480.86465140486,TRUE,"nonspatial",10000,5001,10,2000,4,0,500
5,"lp",1.00137392614424,2818.85441117313,3305.67580912864,TRUE,"nonspatial",10000,5001,10,2000,4,0,500
1,"tau_B_sq",1.00203785059494,1618.45135803402,1810.17899619839,TRUE,"spatial",10000,5001,10,2000,5,0,500
1,"sigma_sq",1.00180519692127,1681.10684103624,2076.37520907815,TRUE,"spatial",10000,5001,10,2000,5,0,500
1,"eff_range",1.00349390546078,1688.06465190362,2213.67727820361,TRUE,"spatial",10000,5001,10,2000,5,0,500
1,"lp",1.00082471771665,1168.21194096474,1287.18202679213,TRUE,"spatial",10000,5001,10,2000,5,0,500
2,"tau_B_sq",1.00322523049265,1592.54552368543,1873.55727386239,TRUE,"spatial",10000,5001,10,2000,5,0,500
2,"sigma_sq",1.00099447741065,1927.61515512193,2414.26203426688,TRUE,"spatial",10000,5001,10,2000,5,0,500
2,"eff_range",1.0029317329071,1606.43559396077,1732.69572358343,TRUE,"spatial",10000,5001,10,2000,5,0,500
2,"lp",1.00273989406418,1480.59239473413,1793.26044786809,TRUE,"spatial",10000,5001,10,2000,5,0,500
3,"tau_B_sq",1.00277439869838,1527.89605017494,1997.48677935652,TRUE,"spatial",10000,5001,10,2000,5,0,500
3,"sigma_sq",1.000858303525,1686.96432677938,2233.43315500171,TRUE,"spatial",10000,5001,10,2000,5,0,500
3,"eff_range",1.00239505141501,1658.8852815537,2179.07281719434,TRUE,"spatial",10000,5001,10,2000,5,0,500
3,"lp",1.00110209914366,1367.53971703282,1397.2645641755,TRUE,"spatial",10000,5001,10,2000,5,0,500
4,"tau_B_sq",1.00186290213401,1654.61269227277,2068.17541876877,TRUE,"spatial",10000,5001,10,2000,5,0,500
4,"sigma_sq",1.00122933258568,1791.07431122838,2085.23363778666,TRUE,"spatial",10000,5001,10,2000,5,0,500
4,"eff_range",1.00145131987547,1584.46973318864,1653.32388096131,TRUE,"spatial",10000,5001,10,2000,5,0,500
4,"lp",1.00301886302209,1161.21950585545,1261.79104814788,TRUE,"spatial",10000,5001,10,2000,5,0,500
5,"tau_B_sq",1.001972786068,1785.73362702513,2088.21461015435,TRUE,"spatial",10000,5001,10,2000,5,0,500
5,"sigma_sq",1.00233372782216,1656.13044298598,2473.43636829489,TRUE,"spatial",10000,5001,10,2000,5,0,500
5,"eff_range",1.00255231202298,1530.1954154886,1962.57528804316,TRUE,"spatial",10000,5001,10,2000,5,0,500
5,"lp",1.0015276458502,1341.24297630474,1567.19980076803,TRUE,"spatial",10000,5001,10,2000,5,0,500
1,"tau_B_sq",1.00097298936769,4077.57359928189,3833.22008408316,TRUE,"nonspatial",10000,5001,10,2000,5,0,500
1,"lp",1.0017117653177,2695.39590531612,3181.55779116053,TRUE,"nonspatial",10000,5001,10,2000,5,0,500
2,"tau_B_sq",1.00186354644121,3719.15423854309,3666.38055220203,TRUE,"nonspatial",10000,5001,10,2000,5,0,500
2,"lp",1.00226240290265,2927.13749614821,2936.78804529255,TRUE,"nonspatial",10000,5001,10,2000,5,0,500
3,"tau_B_sq",1.0006620917214,3907.91651581473,3977.76480127057,TRUE,"nonspatial",10000,5001,10,2000,5,0,500
3,"lp",1.00090680891496,2902.42036639942,3027.0385569233,TRUE,"nonspatial",10000,5001,10,2000,5,0,500
4,"tau_B_sq",1.00339751118991,3890.84019158138,4087.12912270825,TRUE,"nonspatial",10000,5001,10,2000,5,0,500
4,"lp",1.00299572511893,2813.02483091538,2559.11762181535,TRUE,"nonspatial",10000,5001,10,2000,5,0,500
5,"tau_B_sq",1.00149236186864,3878.62245559319,4054.83484607722,TRUE,"nonspatial",10000,5001,10,2000,5,0,500
5,"lp",1.0009770785513,2715.87820882928,2889.27098217058,TRUE,"nonspatial",10000,5001,10,2000,5,0,500
1,"tau_B_sq",1.0015298374232,1497.01075668538,1856.40746743009,TRUE,"spatial",10000,5001,10,2000,6,0,500
1,"sigma_sq",1.00250300774773,1411.32139391564,1845.9384283657,TRUE,"spatial",10000,5001,10,2000,6,0,500
1,"eff_range",1.00070288988576,1777.35288403728,2475.60563501886,TRUE,"spatial",10000,5001,10,2000,6,0,500
1,"lp",1.00243095883243,1356.12301133682,1679.17151889002,TRUE,"spatial",10000,5001,10,2000,6,0,500
2,"tau_B_sq",1.00241702758161,1526.99772724538,1788.90583601202,TRUE,"spatial",10000,5001,10,2000,6,0,500
2,"sigma_sq",1.00465727485408,1878.2665616257,2501.95523610829,TRUE,"spatial",10000,5001,10,2000,6,0,500
2,"eff_range",1.00096981528285,1760.79811207319,2323.14169165398,TRUE,"spatial",10000,5001,10,2000,6,0,500
2,"lp",1.00291941122868,1371.91299538083,1775.38509756062,TRUE,"spatial",10000,5001,10,2000,6,0,500
3,"tau_B_sq",1.00353878047367,1635.62015570042,1737.48463566773,TRUE,"spatial",10000,5001,10,2000,6,0,500
3,"sigma_sq",1.00309477293597,1657.05276064418,2234.84515698621,TRUE,"spatial",10000,5001,10,2000,6,0,500
3,"eff_range",1.00257455529303,1841.02061944197,2653.75754112443,TRUE,"spatial",10000,5001,10,2000,6,0,500
3,"lp",1.00571037916932,1285.91588660364,1544.89294380058,TRUE,"spatial",10000,5001,10,2000,6,0,500
4,"tau_B_sq",1.00177024639387,1775.60711589759,2328.35889776716,TRUE,"spatial",10000,5001,10,2000,6,0,500
4,"sigma_sq",1.0017348173569,1907.32731945853,2754.70970928805,TRUE,"spatial",10000,5001,10,2000,6,0,500
4,"eff_range",1.00134127736516,1686.77253439874,2058.72772450518,TRUE,"spatial",10000,5001,10,2000,6,0,500
4,"lp",1.00329611620652,1474.96905097045,1620.81223771026,TRUE,"spatial",10000,5001,10,2000,6,0,500
5,"tau_B_sq",1.00146274617868,1626.91468505919,1735.6617963639,TRUE,"spatial",10000,5001,10,2000,6,0,500
5,"sigma_sq",1.00404603058735,1515.55040962661,2111.73482978287,TRUE,"spatial",10000,5001,10,2000,6,0,500
5,"eff_range",1.00253426132555,1400.7105894384,1807.81078726213,TRUE,"spatial",10000,5001,10,2000,6,0,500
5,"lp",1.00345024647894,1194.51919143515,1638.33432716556,TRUE,"spatial",10000,5001,10,2000,6,0,500
1,"tau_B_sq",1.00049429374659,3614.55096711539,3648.86133666786,TRUE,"nonspatial",10000,5001,10,2000,6,0,500
1,"lp",1.0016999711688,2810.96092258011,2980.09473482925,TRUE,"nonspatial",10000,5001,10,2000,6,0,500
2,"tau_B_sq",1.0013622834234,3795.12965698404,3626.64428336386,TRUE,"nonspatial",10000,5001,10,2000,6,0,500
2,"lp",1.00076857110238,2789.94590247657,2751.12752292763,TRUE,"nonspatial",10000,5001,10,2000,6,0,500
3,"tau_B_sq",1.00095289215361,3995.09276796683,3799.47683825971,TRUE,"nonspatial",10000,5001,10,2000,6,0,500
3,"lp",1.0009399181232,2873.57088447256,3010.144475777,TRUE,"nonspatial",10000,5001,10,2000,6,0,500
4,"tau_B_sq",1.00158788875551,3704.84936849527,3521.09189396846,TRUE,"nonspatial",10000,5001,10,2000,6,0,500
4,"lp",1.00062668177771,2922.63775355887,2644.39328717568,TRUE,"nonspatial",10000,5001,10,2000,6,0,500
5,"tau_B_sq",1.00195915706958,3988.54562994881,4061.93373003625,TRUE,"nonspatial",10000,5001,10,2000,6,0,500
5,"lp",1.00208973916815,2678.52795761044,3016.55407983716,TRUE,"nonspatial",10000,5001,10,2000,6,0,500
1,"tau_B_sq",1.00265734999794,1627.16415459844,1851.6266697264,TRUE,"spatial",10000,5001,10,2000,7,0,500
1,"sigma_sq",1.00201292732851,1687.9594392349,1835.00013011517,TRUE,"spatial",10000,5001,10,2000,7,0,500
1,"eff_range",1.00274990046948,1760.29085647706,2106.79883365035,TRUE,"spatial",10000,5001,10,2000,7,0,500
1,"lp",1.0029996570645,1352.83553230778,1774.14681771012,TRUE,"spatial",10000,5001,10,2000,7,0,500
2,"tau_B_sq",1.00393378650199,1416.92966928947,1534.55625168249,TRUE,"spatial",10000,5001,10,2000,7,0,500
2,"sigma_sq",1.00377712970593,2030.61153312707,2301.85754727015,TRUE,"spatial",10000,5001,10,2000,7,0,500
2,"eff_range",1.0026498702544,1560.07455920467,1782.92663035344,TRUE,"spatial",10000,5001,10,2000,7,0,500
2,"lp",1.00501071221749,1242.81562180743,1347.45653439044,TRUE,"spatial",10000,5001,10,2000,7,0,500
3,"tau_B_sq",1.0023746957203,1575.74554964472,1697.38710796768,TRUE,"spatial",10000,5001,10,2000,7,0,500
3,"sigma_sq",1.00177617264412,1554.82580026602,1832.83682409535,TRUE,"spatial",10000,5001,10,2000,7,0,500
3,"eff_range",1.0033169002879,1510.22994211184,1608.87959490727,TRUE,"spatial",10000,5001,10,2000,7,0,500
3,"lp",1.00629988915897,966.35707754456,1117.26382501284,TRUE,"spatial",10000,5001,10,2000,7,0,500
4,"tau_B_sq",1.00154538907373,1798.64208023167,1826.23571128614,TRUE,"spatial",10000,5001,10,2000,7,0,500
4,"sigma_sq",1.00277334349878,1754.52265553529,2172.58940100522,TRUE,"spatial",10000,5001,10,2000,7,0,500
4,"eff_range",1.00239599330307,1760.43956910733,1961.05253042286,TRUE,"spatial",10000,5001,10,2000,7,0,500
4,"lp",1.00227185298351,1595.06255148557,1906.53409458752,TRUE,"spatial",10000,5001,10,2000,7,0,500
5,"tau_B_sq",1.00307999037983,1570.76129185312,1532.86305707361,TRUE,"spatial",10000,5001,10,2000,7,0,500
5,"sigma_sq",1.00057236917584,1635.57384711873,2043.99208251895,TRUE,"spatial",10000,5001,10,2000,7,0,500
5,"eff_range",1.00321262000542,1510.10445189234,1546.82938220301,TRUE,"spatial",10000,5001,10,2000,7,0,500
5,"lp",1.00278701904437,1217.57940655355,1345.7011822651,TRUE,"spatial",10000,5001,10,2000,7,0,500
1,"tau_B_sq",1.00107771149883,3530.74932375948,3993.86383929383,TRUE,"nonspatial",10000,5001,10,2000,7,0,500
1,"lp",1.00078935228202,3012.54131171637,2838.06737861692,TRUE,"nonspatial",10000,5001,10,2000,7,0,500
2,"tau_B_sq",1.00144312371341,3677.78974772457,3690.85207708206,TRUE,"nonspatial",10000,5001,10,2000,7,0,500
2,"lp",1.00121688976522,3064.0147867118,3226.91712121577,TRUE,"nonspatial",10000,5001,10,2000,7,0,500
3,"tau_B_sq",1.00129860842845,3724.37795157672,3815.47360536313,TRUE,"nonspatial",10000,5001,10,2000,7,0,500
3,"lp",1.00126818553949,3021.99657715776,3166.18371730132,TRUE,"nonspatial",10000,5001,10,2000,7,0,500
4,"tau_B_sq",1.00034082482589,3954.86596308331,4121.91104774844,TRUE,"nonspatial",10000,5001,10,2000,7,0,500
4,"lp",1.00103338948784,3190.14659207613,2925.8018262067,TRUE,"nonspatial",10000,5001,10,2000,7,0,500
5,"tau_B_sq",1.00114676279801,3878.93872265051,4321.04913559635,TRUE,"nonspatial",10000,5001,10,2000,7,0,500
5,"lp",1.00072344941846,2981.19120628239,2818.50803188294,TRUE,"nonspatial",10000,5001,10,2000,7,0,500
1,"tau_B_sq",1.00193942948398,1609.99374464901,2201.21537595062,TRUE,"spatial",10000,5001,10,2000,8,0,500
1,"sigma_sq",1.00184406514961,1857.69319126295,2422.70724671718,TRUE,"spatial",10000,5001,10,2000,8,0,500
1,"eff_range",1.00920783620403,1370.93522414157,1632.47455941035,TRUE,"spatial",10000,5001,10,2000,8,0,500
1,"lp",1.00329054349791,1251.38154495695,1611.55581643997,TRUE,"spatial",10000,5001,10,2000,8,0,500
2,"tau_B_sq",1.00411609584747,1838.83877992237,2626.44386268067,TRUE,"spatial",10000,5001,10,2000,8,0,500
2,"sigma_sq",1.00259002689464,1763.52650166756,2268.14884496833,TRUE,"spatial",10000,5001,10,2000,8,0,500
2,"eff_range",1.00418545826022,1699.55379212269,1586.00093861423,TRUE,"spatial",10000,5001,10,2000,8,0,500
2,"lp",1.0021880143552,1317.94310603925,1549.42560683562,TRUE,"spatial",10000,5001,10,2000,8,0,500
3,"tau_B_sq",1.00152274149525,1826.82657134204,2768.59268510613,TRUE,"spatial",10000,5001,10,2000,8,0,500
3,"sigma_sq",1.00450875735701,1624.25878397438,2066.63332732616,TRUE,"spatial",10000,5001,10,2000,8,0,500
3,"eff_range",1.00317570215308,1572.72707653104,1691.69706047041,TRUE,"spatial",10000,5001,10,2000,8,0,500
3,"lp",1.00424681488834,1086.56821796078,1504.40012769695,TRUE,"spatial",10000,5001,10,2000,8,0,500
4,"tau_B_sq",1.00217254302035,1732.99682208318,2009.28217702567,TRUE,"spatial",10000,5001,10,2000,8,0,500
4,"sigma_sq",1.00279643598131,1822.00017304803,2359.41174688311,TRUE,"spatial",10000,5001,10,2000,8,0,500
4,"eff_range",1.00374176180334,1549.51265698861,1824.62664381452,TRUE,"spatial",10000,5001,10,2000,8,0,500
4,"lp",1.00391830433569,1227.29043879967,1298.63314512688,TRUE,"spatial",10000,5001,10,2000,8,0,500
5,"tau_B_sq",1.00162058092777,1746.94614910017,2391.8799103907,TRUE,"spatial",10000,5001,10,2000,8,0,500
5,"sigma_sq",1.00230199622776,1443.1930260298,2222.64973461835,TRUE,"spatial",10000,5001,10,2000,8,0,500
5,"eff_range",1.00193168874136,1687.97719619689,1953.80804396783,TRUE,"spatial",10000,5001,10,2000,8,0,500
5,"lp",1.00451428257604,1367.92494464527,1595.26823267572,TRUE,"spatial",10000,5001,10,2000,8,0,500
1,"tau_B_sq",1.00134823700885,3853.30626365444,3771.66952224092,TRUE,"nonspatial",10000,5001,10,2000,8,0,500
1,"lp",1.00123564274564,3221.36010290943,3717.15031428035,TRUE,"nonspatial",10000,5001,10,2000,8,0,500
2,"tau_B_sq",1.00243008713611,3666.86773961423,3677.83232304696,TRUE,"nonspatial",10000,5001,10,2000,8,0,500
2,"lp",1.00240943981624,2559.25733365569,2450.44463585768,TRUE,"nonspatial",10000,5001,10,2000,8,0,500
3,"tau_B_sq",1.00057019397933,3909.08280375488,3876.66865898236,TRUE,"nonspatial",10000,5001,10,2000,8,0,500
3,"lp",1.00066231053176,2922.4505230817,2769.80573234803,TRUE,"nonspatial",10000,5001,10,2000,8,0,500
4,"tau_B_sq",1.00197181067704,3890.41734580041,4172.76561969045,TRUE,"nonspatial",10000,5001,10,2000,8,0,500
4,"lp",1.00170729591527,2851.07683076339,2778.97266770589,TRUE,"nonspatial",10000,5001,10,2000,8,0,500
5,"tau_B_sq",1.00055244165099,3638.59318887117,3443.59066084293,TRUE,"nonspatial",10000,5001,10,2000,8,0,500
5,"lp",1.00112481588382,2689.73270802317,3053.98558315385,TRUE,"nonspatial",10000,5001,10,2000,8,0,500
1,"tau_B_sq",1.00165273879375,1451.25484565229,2169.61953504784,TRUE,"spatial",10000,5001,10,2000,9,0,500
1,"sigma_sq",1.00206288613104,1713.47862930431,2167.57308578392,TRUE,"spatial",10000,5001,10,2000,9,0,500
1,"eff_range",1.00322272861616,1382.11800151817,1598.61441392703,TRUE,"spatial",10000,5001,10,2000,9,0,500
1,"lp",1.00301346643542,1272.65438193569,1526.57374226714,TRUE,"spatial",10000,5001,10,2000,9,0,500
2,"tau_B_sq",1.00135967985785,1740.80620899076,2149.18446862976,TRUE,"spatial",10000,5001,10,2000,9,0,500
2,"sigma_sq",1.00423300785157,1845.78443380919,2261.16027351346,TRUE,"spatial",10000,5001,10,2000,9,0,500
2,"eff_range",1.00217267573469,1969.88059999208,2220.31674550777,TRUE,"spatial",10000,5001,10,2000,9,0,500
2,"lp",1.00340589357007,1475.50679880319,1720.49793148731,TRUE,"spatial",10000,5001,10,2000,9,0,500
3,"tau_B_sq",1.00303924530128,1550.80975098662,1909.35233708837,TRUE,"spatial",10000,5001,10,2000,9,0,500
3,"sigma_sq",1.00277891215661,1874.17175283449,2792.58892510245,TRUE,"spatial",10000,5001,10,2000,9,0,500
3,"eff_range",1.0066072506849,1574.47375926063,2096.44319598698,TRUE,"spatial",10000,5001,10,2000,9,0,500
3,"lp",1.0017170185442,1385.17842620804,1848.71718697795,TRUE,"spatial",10000,5001,10,2000,9,0,500
4,"tau_B_sq",1.00096024706535,1565.34149821579,2181.61942893206,TRUE,"spatial",10000,5001,10,2000,9,0,500
4,"sigma_sq",1.00194266660149,1658.00905672392,2588.81932788214,TRUE,"spatial",10000,5001,10,2000,9,0,500
4,"eff_range",1.0008409728467,1558.26507739721,1846.57815826699,TRUE,"spatial",10000,5001,10,2000,9,0,500
4,"lp",1.00225899726944,1263.55614801383,1258.16255045636,TRUE,"spatial",10000,5001,10,2000,9,0,500
5,"tau_B_sq",1.00150036502202,1757.91681106444,2139.826280088,TRUE,"spatial",10000,5001,10,2000,9,0,500
5,"sigma_sq",1.00156498074926,1884.24112613262,2463.46295266001,TRUE,"spatial",10000,5001,10,2000,9,0,500
5,"eff_range",1.0008645549726,1727.35058060723,2199.21077294023,TRUE,"spatial",10000,5001,10,2000,9,0,500
5,"lp",1.0009139760809,1444.81614576544,1428.55733489376,TRUE,"spatial",10000,5001,10,2000,9,0,500
1,"tau_B_sq",1.00074408203846,3918.7159406524,4228.44860632771,TRUE,"nonspatial",10000,5001,10,2000,9,0,500
1,"lp",1.00100034028219,3041.34734948915,2988.79311293568,TRUE,"nonspatial",10000,5001,10,2000,9,0,500
2,"tau_B_sq",1.00248420843323,3753.85688099939,4345.66994546752,TRUE,"nonspatial",10000,5001,10,2000,9,0,500
2,"lp",1.00104845436741,3126.27003527373,3245.10412228252,TRUE,"nonspatial",10000,5001,10,2000,9,0,500
3,"tau_B_sq",1.00166815722855,3962.05042623587,3670.30104491688,TRUE,"nonspatial",10000,5001,10,2000,9,0,500
3,"lp",1.00088736010232,2754.91450251934,3031.11330408516,TRUE,"nonspatial",10000,5001,10,2000,9,0,500
4,"tau_B_sq",1.00045503439716,3833.83560908938,3936.99884454045,TRUE,"nonspatial",10000,5001,10,2000,9,0,500
4,"lp",1.00100068787763,2983.86175990508,3093.53663860832,TRUE,"nonspatial",10000,5001,10,2000,9,0,500
5,"tau_B_sq",1.00124907352305,3877.73227024077,3774.34005042918,TRUE,"nonspatial",10000,5001,10,2000,9,0,500
5,"lp",1.00144548116922,2876.741770148,2636.62016781518,TRUE,"nonspatial",10000,5001,10,2000,9,0,500
1,"tau_B_sq",1.00313111432683,1640.16435230376,2345.7542133202,TRUE,"spatial",10000,5001,10,2000,10,0,500
1,"sigma_sq",1.00118073262165,1699.77343707302,2158.44652900432,TRUE,"spatial",10000,5001,10,2000,10,0,500
1,"eff_range",1.00221790110545,1352.8975949375,1652.84195490617,TRUE,"spatial",10000,5001,10,2000,10,0,500
1,"lp",1.00518303608859,1222.0108078907,1611.34526978628,TRUE,"spatial",10000,5001,10,2000,10,0,500
2,"tau_B_sq",1.00225761887863,1759.39030274775,2427.134259118,TRUE,"spatial",10000,5001,10,2000,10,0,500
2,"sigma_sq",1.00223469745536,1848.80769009008,2246.23238130173,TRUE,"spatial",10000,5001,10,2000,10,0,500
2,"eff_range",1.00130491375916,1868.10528785252,1936.76130422537,TRUE,"spatial",10000,5001,10,2000,10,0,500
2,"lp",1.00234416608408,1197.51591047137,1856.29921888773,TRUE,"spatial",10000,5001,10,2000,10,0,500
3,"tau_B_sq",1.00402028003093,1576.62287743148,1922.55524410283,TRUE,"spatial",10000,5001,10,2000,10,0,500
3,"sigma_sq",1.00256832819259,1836.30757057012,2204.3797776505,TRUE,"spatial",10000,5001,10,2000,10,0,500
3,"eff_range",1.00185665837036,1713.33003400392,1886.62238593847,TRUE,"spatial",10000,5001,10,2000,10,0,500
3,"lp",1.00353208698721,1144.32900799917,1390.70979930558,TRUE,"spatial",10000,5001,10,2000,10,0,500
4,"tau_B_sq",1.00344322769941,1604.48458024075,1867.29590116577,TRUE,"spatial",10000,5001,10,2000,10,0,500
4,"sigma_sq",1.00424645226944,1432.20726908127,2005.83414609843,TRUE,"spatial",10000,5001,10,2000,10,0,500
4,"eff_range",1.00177497448191,1653.40870312484,1596.83533428104,TRUE,"spatial",10000,5001,10,2000,10,0,500
4,"lp",1.00497683482205,1108.98407030226,1458.24408501566,TRUE,"spatial",10000,5001,10,2000,10,0,500
5,"tau_B_sq",1.00148922105432,1742.42757551196,2138.84814756219,TRUE,"spatial",10000,5001,10,2000,10,0,500
5,"sigma_sq",1.00160731508391,1743.73511711394,2526.50935031563,TRUE,"spatial",10000,5001,10,2000,10,0,500
5,"eff_range",1.00350080680112,1408.72222856659,1754.69828556417,TRUE,"spatial",10000,5001,10,2000,10,0,500
5,"lp",1.00221761197741,1309.65433388349,1360.42113301969,TRUE,"spatial",10000,5001,10,2000,10,0,500
1,"tau_B_sq",1.00133858026875,3929.05810594733,4050.69126291139,TRUE,"nonspatial",10000,5001,10,2000,10,0,500
1,"lp",1.00098021064212,3106.54976590294,2895.90768271431,TRUE,"nonspatial",10000,5001,10,2000,10,0,500
2,"tau_B_sq",1.00076991171003,3504.75792143368,3601.68311283651,TRUE,"nonspatial",10000,5001,10,2000,10,0,500
2,"lp",1.00094441161402,2800.6981273748,3343.79026914077,TRUE,"nonspatial",10000,5001,10,2000,10,0,500
3,"tau_B_sq",1.00142650285774,3950.34712339859,3976.8911526622,TRUE,"nonspatial",10000,5001,10,2000,10,0,500
3,"lp",1.00112317663585,2964.63166535576,2888.90003735522,TRUE,"nonspatial",10000,5001,10,2000,10,0,500
4,"tau_B_sq",1.0007035629162,3881.91928904066,3629.54303963557,TRUE,"nonspatial",10000,5001,10,2000,10,0,500
4,"lp",1.00183604825021,2885.73740272418,2720.79140394674,TRUE,"nonspatial",10000,5001,10,2000,10,0,500
5,"tau_B_sq",1.00214471030547,4011.01382796823,3769.03593073071,TRUE,"nonspatial",10000,5001,10,2000,10,0,500
5,"lp",1.00207398515,3036.34365823755,3355.54034377271,TRUE,"nonspatial",10000,5001,10,2000,10,0,500
1,"tau_B_sq",1.00423702349605,1527.34902958654,1962.72275127494,TRUE,"spatial",10000,5001,10,2000,1,50,500
1,"sigma_sq",1.00238034644827,1736.28067441921,2155.90761126842,TRUE,"spatial",10000,5001,10,2000,1,50,500
1,"eff_range",1.00287812707169,1630.08260863193,2044.05137442845,TRUE,"spatial",10000,5001,10,2000,1,50,500
1,"lp",1.00147552308021,1287.83041886526,1670.05217675184,TRUE,"spatial",10000,5001,10,2000,1,50,500
2,"tau_B_sq",1.00265650699451,1516.48001045216,1415.62625638948,TRUE,"spatial",10000,5001,10,2000,1,50,500
2,"sigma_sq",1.00104810670292,1206.69085934742,1618.18555074038,TRUE,"spatial",10000,5001,10,2000,1,50,500
2,"eff_range",1.00326724390631,1387.89845921115,1802.45703211337,TRUE,"spatial",10000,5001,10,2000,1,50,500
2,"lp",1.00381800670363,1056.27959381318,1618.33415395941,TRUE,"spatial",10000,5001,10,2000,1,50,500
3,"tau_B_sq",1.00273951825678,1611.26784409499,1618.99197292612,TRUE,"spatial",10000,5001,10,2000,1,50,500
3,"sigma_sq",1.00131966820032,1488.31226420088,2257.01577624569,TRUE,"spatial",10000,5001,10,2000,1,50,500
3,"eff_range",1.00105360413609,1471.6186705866,1874.87477621098,TRUE,"spatial",10000,5001,10,2000,1,50,500
3,"lp",1.00280005013351,1274.31554915102,1743.8931903006,TRUE,"spatial",10000,5001,10,2000,1,50,500
4,"tau_B_sq",1.0015428750443,1704.75984060428,1730.11496563077,TRUE,"spatial",10000,5001,10,2000,1,50,500
4,"sigma_sq",1.0027093722456,1566.11308912096,2132.86359345745,TRUE,"spatial",10000,5001,10,2000,1,50,500
4,"eff_range",1.0015438781956,1649.40598855766,2042.51049697342,TRUE,"spatial",10000,5001,10,2000,1,50,500
4,"lp",1.00233222219239,1352.18968068196,1584.45546258653,TRUE,"spatial",10000,5001,10,2000,1,50,500
5,"tau_B_sq",1.00242635505042,1519.13805526677,1406.68397232552,TRUE,"spatial",10000,5001,10,2000,1,50,500
5,"sigma_sq",1.00208169517279,1671.42645994722,1863.31763305106,TRUE,"spatial",10000,5001,10,2000,1,50,500
5,"eff_range",1.00305765408769,1629.72291234082,1824.85560122645,TRUE,"spatial",10000,5001,10,2000,1,50,500
5,"lp",1.00376506540846,1247.31881161,1505.86928822913,TRUE,"spatial",10000,5001,10,2000,1,50,500
1,"tau_B_sq",1.00102523000518,4143.79361196382,4252.89517985269,TRUE,"nonspatial",10000,5001,10,2000,1,50,500
1,"lp",1.0011551827685,3098.20246422391,2462.73404039051,TRUE,"nonspatial",10000,5001,10,2000,1,50,500
2,"tau_B_sq",1.00194484969569,3886.27605452284,4377.14762839852,TRUE,"nonspatial",10000,5001,10,2000,1,50,500
2,"lp",1.00176706095333,2974.77521669942,2828.49212675895,TRUE,"nonspatial",10000,5001,10,2000,1,50,500
3,"tau_B_sq",1.00250779645762,3546.22847088368,3959.6365328941,TRUE,"nonspatial",10000,5001,10,2000,1,50,500
3,"lp",1.00219679093335,2739.11959316517,2752.97674901602,TRUE,"nonspatial",10000,5001,10,2000,1,50,500
4,"tau_B_sq",1.0009662850099,3857.779280619,4092.97699515338,TRUE,"nonspatial",10000,5001,10,2000,1,50,500
4,"lp",1.00123982372611,2841.41325681744,2643.44898082982,TRUE,"nonspatial",10000,5001,10,2000,1,50,500
5,"tau_B_sq",1.00135374045396,3991.65988651047,3925.22120626897,TRUE,"nonspatial",10000,5001,10,2000,1,50,500
5,"lp",1.00115036740814,2895.01031549942,3176.31805709009,TRUE,"nonspatial",10000,5001,10,2000,1,50,500
1,"tau_B_sq",1.00166466452768,1464.76117841113,1434.26015571296,TRUE,"spatial",10000,5001,10,2000,2,50,500
1,"sigma_sq",1.00142831834205,1480.10944761976,2021.47777121448,TRUE,"spatial",10000,5001,10,2000,2,50,500
1,"eff_range",1.00236318662482,1701.3106769761,2263.49760293542,TRUE,"spatial",10000,5001,10,2000,2,50,500
1,"lp",1.00428205306451,1299.8518144956,1612.86766168429,TRUE,"spatial",10000,5001,10,2000,2,50,500
2,"tau_B_sq",1.00641494070193,1240.71922727869,1245.84130591557,TRUE,"spatial",10000,5001,10,2000,2,50,500
2,"sigma_sq",1.00747269268238,1312.28276479067,1895.64210812546,TRUE,"spatial",10000,5001,10,2000,2,50,500
2,"eff_range",1.00194008541614,1337.66075487737,1413.37934566541,TRUE,"spatial",10000,5001,10,2000,2,50,500
2,"lp",1.00178314785873,1164.03545475569,1477.89110298468,TRUE,"spatial",10000,5001,10,2000,2,50,500
3,"tau_B_sq",1.00323388595463,1501.21777855903,1436.5232403105,TRUE,"spatial",10000,5001,10,2000,2,50,500
3,"sigma_sq",1.00221698739131,1506.20129591553,1859.71666766468,TRUE,"spatial",10000,5001,10,2000,2,50,500
3,"eff_range",1.00303398681699,1487.55934747632,1867.38296650217,TRUE,"spatial",10000,5001,10,2000,2,50,500
3,"lp",1.0047163071022,1298.24177071868,1567.04094562172,TRUE,"spatial",10000,5001,10,2000,2,50,500
4,"tau_B_sq",1.0025605903018,1562.38220173042,1707.53623112884,TRUE,"spatial",10000,5001,10,2000,2,50,500
4,"sigma_sq",1.00253922468303,1642.08188873658,2275.29647917912,TRUE,"spatial",10000,5001,10,2000,2,50,500
4,"eff_range",1.00297917531812,1461.97005542322,2117.2205092847,TRUE,"spatial",10000,5001,10,2000,2,50,500
4,"lp",1.00390369481664,1390.50852203649,1751.52560628419,TRUE,"spatial",10000,5001,10,2000,2,50,500
5,"tau_B_sq",1.00084558566278,1616.27954873861,1557.83486193494,TRUE,"spatial",10000,5001,10,2000,2,50,500
5,"sigma_sq",1.0028629640848,1523.73897819505,2470.78264457517,TRUE,"spatial",10000,5001,10,2000,2,50,500
5,"eff_range",1.00339019409415,1363.89737890932,1573.14448750466,TRUE,"spatial",10000,5001,10,2000,2,50,500
5,"lp",1.00231193919518,1237.36105505934,1500.54724673512,TRUE,"spatial",10000,5001,10,2000,2,50,500
1,"tau_B_sq",1.00044415282709,3737.83675241361,3646.71192863943,TRUE,"nonspatial",10000,5001,10,2000,2,50,500
1,"lp",1.00045249522774,2734.95871996955,3342.72976943316,TRUE,"nonspatial",10000,5001,10,2000,2,50,500
2,"tau_B_sq",1.00124288194174,3832.73903779747,3737.28181182063,TRUE,"nonspatial",10000,5001,10,2000,2,50,500
2,"lp",1.00136867338177,2797.31539767715,2456.11245867217,TRUE,"nonspatial",10000,5001,10,2000,2,50,500
3,"tau_B_sq",1.00044416416025,3882.18288314785,3961.53275944457,TRUE,"nonspatial",10000,5001,10,2000,2,50,500
3,"lp",1.00103121239731,2863.76742630753,3281.58417878825,TRUE,"nonspatial",10000,5001,10,2000,2,50,500
4,"tau_B_sq",1.00090437072429,3904.91113239024,4396.92389347939,TRUE,"nonspatial",10000,5001,10,2000,2,50,500
4,"lp",1.00131510531355,3044.3250183311,3141.47301338851,TRUE,"nonspatial",10000,5001,10,2000,2,50,500
5,"tau_B_sq",1.00137342595606,4078.86223658539,3892.56410439841,TRUE,"nonspatial",10000,5001,10,2000,2,50,500
5,"lp",1.00222448948157,2798.94806646446,2730.7664532694,TRUE,"nonspatial",10000,5001,10,2000,2,50,500
1,"tau_B_sq",1.00361373819416,1420.76328090301,1224.99619907732,TRUE,"spatial",10000,5001,10,2000,3,50,500
1,"sigma_sq",1.00317666345076,1344.81988153578,1937.32566488245,TRUE,"spatial",10000,5001,10,2000,3,50,500
1,"eff_range",1.00441780942284,1532.94071130235,1706.14587808205,TRUE,"spatial",10000,5001,10,2000,3,50,500
1,"lp",1.00276847150543,1242.35994543346,1195.4405379541,TRUE,"spatial",10000,5001,10,2000,3,50,500
2,"tau_B_sq",1.00271406907234,1396.59071317891,1532.71400944285,TRUE,"spatial",10000,5001,10,2000,3,50,500
2,"sigma_sq",1.00140875192144,1551.02886473656,1864.3650445947,TRUE,"spatial",10000,5001,10,2000,3,50,500
2,"eff_range",1.00160256586659,1616.08192239514,1785.02070522902,TRUE,"spatial",10000,5001,10,2000,3,50,500
2,"lp",1.00287895374527,1253.08565285196,1685.25141927645,TRUE,"spatial",10000,5001,10,2000,3,50,500
3,"tau_B_sq",1.00261672021594,1453.07779011423,1394.82726333201,TRUE,"spatial",10000,5001,10,2000,3,50,500
3,"sigma_sq",1.00394164593258,1351.35562022086,1820.30157555709,TRUE,"spatial",10000,5001,10,2000,3,50,500
3,"eff_range",1.00263989681233,1380.71808668801,1564.08888881243,TRUE,"spatial",10000,5001,10,2000,3,50,500
3,"lp",1.00192105733894,1332.26608831834,1506.53836388856,TRUE,"spatial",10000,5001,10,2000,3,50,500
4,"tau_B_sq",1.00236321688384,1401.26283384238,1128.09146381959,TRUE,"spatial",10000,5001,10,2000,3,50,500
4,"sigma_sq",1.00490254529157,1275.55869323883,1855.4840098262,TRUE,"spatial",10000,5001,10,2000,3,50,500
4,"eff_range",1.00400526880244,1371.48841576606,1680.4627468297,TRUE,"spatial",10000,5001,10,2000,3,50,500
4,"lp",1.00475360355214,1193.72625980095,1546.2190988803,TRUE,"spatial",10000,5001,10,2000,3,50,500
5,"tau_B_sq",1.00189546888759,1323.4780882767,1354.16616334337,TRUE,"spatial",10000,5001,10,2000,3,50,500
5,"sigma_sq",1.0017765250131,1460.70864337957,1964.4028413215,TRUE,"spatial",10000,5001,10,2000,3,50,500
5,"eff_range",1.0018899334021,1545.70471077134,1954.50026092611,TRUE,"spatial",10000,5001,10,2000,3,50,500
5,"lp",1.00228626410519,1377.70588540177,1611.94457877466,TRUE,"spatial",10000,5001,10,2000,3,50,500
1,"tau_B_sq",1.00192717338277,3928.26728783641,3723.20093240147,TRUE,"nonspatial",10000,5001,10,2000,3,50,500
1,"lp",1.00186967108575,2922.49872599801,3080.34909074552,TRUE,"nonspatial",10000,5001,10,2000,3,50,500
2,"tau_B_sq",1.00076453292116,4092.0269511297,4261.94519086462,TRUE,"nonspatial",10000,5001,10,2000,3,50,500
2,"lp",1.00059030852033,2794.69290388971,2787.59796997925,TRUE,"nonspatial",10000,5001,10,2000,3,50,500
3,"tau_B_sq",1.00190972049344,3780.81318965042,3737.93185174409,TRUE,"nonspatial",10000,5001,10,2000,3,50,500
3,"lp",1.00181026488558,2758.77218923272,2776.33978572151,TRUE,"nonspatial",10000,5001,10,2000,3,50,500
4,"tau_B_sq",1.00058635818852,3856.96751638168,4232.5628722502,TRUE,"nonspatial",10000,5001,10,2000,3,50,500
4,"lp",1.00120557635327,2936.24815176821,3192.16656211401,TRUE,"nonspatial",10000,5001,10,2000,3,50,500
5,"tau_B_sq",1.00112221079659,3503.96870723797,4000.83520930798,TRUE,"nonspatial",10000,5001,10,2000,3,50,500
5,"lp",1.00108410839617,2778.88588638324,2661.46258777959,TRUE,"nonspatial",10000,5001,10,2000,3,50,500
1,"tau_B_sq",1.00185273692758,1498.84366477864,1430.08027781675,TRUE,"spatial",10000,5001,10,2000,4,50,500
1,"sigma_sq",1.0026423996667,1547.04742295684,1925.27709003481,TRUE,"spatial",10000,5001,10,2000,4,50,500
1,"eff_range",1.00800433596984,1339.26216360553,1807.07954413089,TRUE,"spatial",10000,5001,10,2000,4,50,500
1,"lp",1.0015318500746,1275.00575978947,1487.09508134907,TRUE,"spatial",10000,5001,10,2000,4,50,500
2,"tau_B_sq",1.00144408174277,1185.07113249357,1131.29084251997,TRUE,"spatial",10000,5001,10,2000,4,50,500
2,"sigma_sq",1.00374334413974,1347.31524049889,2013.16288305204,TRUE,"spatial",10000,5001,10,2000,4,50,500
2,"eff_range",1.00123028949055,1445.42320338516,1771.01643417281,TRUE,"spatial",10000,5001,10,2000,4,50,500
2,"lp",1.00395761223309,1314.11440171257,1507.23454987518,TRUE,"spatial",10000,5001,10,2000,4,50,500
3,"tau_B_sq",1.00155543403684,1438.27622648798,1152.22958051629,TRUE,"spatial",10000,5001,10,2000,4,50,500
3,"sigma_sq",1.00224333309292,1369.48948747696,1954.69056191843,TRUE,"spatial",10000,5001,10,2000,4,50,500
3,"eff_range",1.00196390113724,1709.17413743074,1964.7117684371,TRUE,"spatial",10000,5001,10,2000,4,50,500
3,"lp",1.00390119522995,1172.55085463579,1516.75524728945,TRUE,"spatial",10000,5001,10,2000,4,50,500
4,"tau_B_sq",1.00416374510567,1351.00104292909,1225.85940377538,TRUE,"spatial",10000,5001,10,2000,4,50,500
4,"sigma_sq",1.00210780878654,1457.77494622149,2001.6586444898,TRUE,"spatial",10000,5001,10,2000,4,50,500
4,"eff_range",1.00371171763033,1312.90657480656,1843.72170224272,TRUE,"spatial",10000,5001,10,2000,4,50,500
4,"lp",1.00223710324065,1185.28444467523,1626.61664250074,TRUE,"spatial",10000,5001,10,2000,4,50,500
5,"tau_B_sq",1.00532565471852,1339.18595680425,1496.05108851246,TRUE,"spatial",10000,5001,10,2000,4,50,500
5,"sigma_sq",1.00157039032849,1488.49875987978,2137.71354931614,TRUE,"spatial",10000,5001,10,2000,4,50,500
5,"eff_range",1.00135942578126,1364.32821054587,1847.42264046186,TRUE,"spatial",10000,5001,10,2000,4,50,500
5,"lp",1.00248546977474,1304.66691050048,1441.61715896072,TRUE,"spatial",10000,5001,10,2000,4,50,500
1,"tau_B_sq",1.00235006874401,3924.4203976333,4279.50039859395,TRUE,"nonspatial",10000,5001,10,2000,4,50,500
1,"lp",1.00219959926122,3226.88945698631,3290.93750954814,TRUE,"nonspatial",10000,5001,10,2000,4,50,500
2,"tau_B_sq",1.00095445700714,4060.55607180694,4067.26227742018,TRUE,"nonspatial",10000,5001,10,2000,4,50,500
2,"lp",1.00057747236721,2993.07538876353,2889.60052838566,TRUE,"nonspatial",10000,5001,10,2000,4,50,500
3,"tau_B_sq",1.00108772610704,4015.47430526819,3865.88132711626,TRUE,"nonspatial",10000,5001,10,2000,4,50,500
3,"lp",1.0023156753184,2804.38070425788,2732.44571787837,TRUE,"nonspatial",10000,5001,10,2000,4,50,500
4,"tau_B_sq",1.00120168624505,3478.15051464143,3889.48785176536,TRUE,"nonspatial",10000,5001,10,2000,4,50,500
4,"lp",1.00126002494631,2989.10740787858,2631.51721837885,TRUE,"nonspatial",10000,5001,10,2000,4,50,500
5,"tau_B_sq",1.00178271476601,4142.35116893166,4023.1482970836,TRUE,"nonspatial",10000,5001,10,2000,4,50,500
5,"lp",1.00215215808557,3234.62465075833,2692.68761337014,TRUE,"nonspatial",10000,5001,10,2000,4,50,500
1,"tau_B_sq",1.00126405199106,2564.39288825093,2281.17701352527,TRUE,"spatial",20000,10001,20,2000,5,50,500
1,"sigma_sq",1.00149580107729,2784.11705326271,3750.39947754131,TRUE,"spatial",20000,10001,20,2000,5,50,500
1,"eff_range",1.0013402363677,2827.64574458038,3136.3590136912,TRUE,"spatial",20000,10001,20,2000,5,50,500
1,"lp",1.00145613476539,2295.09463759291,2461.46774635843,TRUE,"spatial",20000,10001,20,2000,5,50,500
2,"tau_B_sq",1.00078175196793,2857.59587082208,2612.67177919682,TRUE,"spatial",20000,10001,20,2000,5,50,500
2,"sigma_sq",1.00114919542959,2962.7134384238,4181.85842467038,TRUE,"spatial",20000,10001,20,2000,5,50,500
2,"eff_range",1.001034020904,2966.45537263138,3379.48520089764,TRUE,"spatial",20000,10001,20,2000,5,50,500
2,"lp",1.00351731101103,2237.40421377181,2442.23151509405,TRUE,"spatial",20000,10001,20,2000,5,50,500
3,"tau_B_sq",1.0009484926219,2811.11718847463,2856.24427926957,TRUE,"spatial",20000,10001,20,2000,5,50,500
3,"sigma_sq",1.00071399246032,2953.13033398125,4283.83097058837,TRUE,"spatial",20000,10001,20,2000,5,50,500
3,"eff_range",1.00071050347195,3273.40353346456,4195.1843308539,TRUE,"spatial",20000,10001,20,2000,5,50,500
3,"lp",1.0013635961937,2544.35838402137,3276.8987848425,TRUE,"spatial",20000,10001,20,2000,5,50,500
4,"tau_B_sq",1.00182417093451,2476.06955226991,2709.2546742646,TRUE,"spatial",20000,10001,20,2000,5,50,500
4,"sigma_sq",1.00237463543498,2357.67961078238,3843.36109295576,TRUE,"spatial",20000,10001,20,2000,5,50,500
4,"eff_range",1.00185315830827,2879.47401526977,3401.82409796967,TRUE,"spatial",20000,10001,20,2000,5,50,500
4,"lp",1.00059089227939,2383.60727019054,3198.53298999384,TRUE,"spatial",20000,10001,20,2000,5,50,500
5,"tau_B_sq",1.00165658810309,2606.24035200578,2431.56856925091,TRUE,"spatial",20000,10001,20,2000,5,50,500
5,"sigma_sq",1.00078470490223,2976.09869056045,4289.52038367667,TRUE,"spatial",20000,10001,20,2000,5,50,500
5,"eff_range",1.00122980645447,2670.19381271183,2793.70833164822,TRUE,"spatial",20000,10001,20,2000,5,50,500
5,"lp",1.00151110199504,2212.01686598987,3109.85268020056,TRUE,"spatial",20000,10001,20,2000,5,50,500
1,"tau_B_sq",1.00208529188807,3860.7062504354,3770.18077481164,TRUE,"nonspatial",10000,5001,10,2000,5,50,500
1,"lp",1.00159323059561,2956.77900448659,3206.75574126227,TRUE,"nonspatial",10000,5001,10,2000,5,50,500
2,"tau_B_sq",1.00215823977273,3899.97539483113,4024.85227957649,TRUE,"nonspatial",10000,5001,10,2000,5,50,500
2,"lp",1.00172617378553,2672.61214066093,2622.57366232288,TRUE,"nonspatial",10000,5001,10,2000,5,50,500
3,"tau_B_sq",1.00234276572912,3850.97710900708,4121.66985816474,TRUE,"nonspatial",10000,5001,10,2000,5,50,500
3,"lp",1.00037594795006,3202.23216376226,3003.28186490713,TRUE,"nonspatial",10000,5001,10,2000,5,50,500
4,"tau_B_sq",1.00111053995554,3860.14432439568,3897.58240000409,TRUE,"nonspatial",10000,5001,10,2000,5,50,500
4,"lp",1.00135693122412,2784.11358221479,2925.33204272196,TRUE,"nonspatial",10000,5001,10,2000,5,50,500
5,"tau_B_sq",1.0005084049918,3899.46453638754,4237.16695775174,TRUE,"nonspatial",10000,5001,10,2000,5,50,500
5,"lp",1.00038791346281,2954.95934224486,3046.01635517118,TRUE,"nonspatial",10000,5001,10,2000,5,50,500
1,"tau_B_sq",1.00271259205738,1475.91585142173,1580.29851909526,TRUE,"spatial",10000,5001,10,2000,6,50,500
1,"sigma_sq",1.00192604212261,1228.82168973847,1845.16283926086,TRUE,"spatial",10000,5001,10,2000,6,50,500
1,"eff_range",1.00420730469862,1123.70330985824,1273.28434799255,TRUE,"spatial",10000,5001,10,2000,6,50,500
1,"lp",1.00288796545955,1275.72799888999,1589.70487194609,TRUE,"spatial",10000,5001,10,2000,6,50,500
2,"tau_B_sq",1.00411881681026,1183.48701350295,1038.47036364204,TRUE,"spatial",10000,5001,10,2000,6,50,500
2,"sigma_sq",1.00237504972546,1447.03599874458,1776.27943306712,TRUE,"spatial",10000,5001,10,2000,6,50,500
2,"eff_range",1.00215883240669,1458.00277717151,1632.70196359314,TRUE,"spatial",10000,5001,10,2000,6,50,500
2,"lp",1.0056964787581,1101.29525987981,1643.28679615235,TRUE,"spatial",10000,5001,10,2000,6,50,500
3,"tau_B_sq",1.00146187097171,1484.1542559392,1131.04532594539,TRUE,"spatial",10000,5001,10,2000,6,50,500
3,"sigma_sq",1.00242010251355,1526.91905599724,2073.51389475433,TRUE,"spatial",10000,5001,10,2000,6,50,500
3,"eff_range",1.00226363841612,1562.85281589982,1678.51290335565,TRUE,"spatial",10000,5001,10,2000,6,50,500
3,"lp",1.00353982249084,1331.70222373077,1676.15596005986,TRUE,"spatial",10000,5001,10,2000,6,50,500
4,"tau_B_sq",1.00188506294088,1378.09036531021,1246.82638501383,TRUE,"spatial",10000,5001,10,2000,6,50,500
4,"sigma_sq",1.00166926868793,1498.64214004253,2037.69018423961,TRUE,"spatial",10000,5001,10,2000,6,50,500
4,"eff_range",1.00095167825569,1505.04925640288,1852.95779590408,TRUE,"spatial",10000,5001,10,2000,6,50,500
4,"lp",1.00396832103105,1226.96550630898,1647.03419116218,TRUE,"spatial",10000,5001,10,2000,6,50,500
5,"tau_B_sq",1.00221785205101,1384.77433463345,1229.83306373671,TRUE,"spatial",10000,5001,10,2000,6,50,500
5,"sigma_sq",1.00151314937624,1485.09474097237,1728.13387050871,TRUE,"spatial",10000,5001,10,2000,6,50,500
5,"eff_range",1.00283320086288,1420.05987525135,1741.61851794457,TRUE,"spatial",10000,5001,10,2000,6,50,500
5,"lp",1.00303403039921,1266.07855410895,1455.40089778808,TRUE,"spatial",10000,5001,10,2000,6,50,500
1,"tau_B_sq",1.00263239028666,3938.91363365322,4138.36447182829,TRUE,"nonspatial",10000,5001,10,2000,6,50,500
1,"lp",1.00222345156906,2578.43896912294,2484.71242596314,TRUE,"nonspatial",10000,5001,10,2000,6,50,500
2,"tau_B_sq",1.002329472071,4009.50058898991,4059.00007280033,TRUE,"nonspatial",10000,5001,10,2000,6,50,500
2,"lp",1.00233705191179,2970.71117999851,2954.8874448488,TRUE,"nonspatial",10000,5001,10,2000,6,50,500
3,"tau_B_sq",1.00094037841026,3677.15468029536,3518.65104733763,TRUE,"nonspatial",10000,5001,10,2000,6,50,500
3,"lp",1.000958504884,2823.74425993933,2848.96026712868,TRUE,"nonspatial",10000,5001,10,2000,6,50,500
4,"tau_B_sq",1.00045353440675,4026.66212982475,3289.39011468951,TRUE,"nonspatial",10000,5001,10,2000,6,50,500
4,"lp",1.00215620817053,2639.69555950077,3060.74322787303,TRUE,"nonspatial",10000,5001,10,2000,6,50,500
5,"tau_B_sq",1.00100957877056,3692.8662480092,3760.59898581663,TRUE,"nonspatial",10000,5001,10,2000,6,50,500
5,"lp",1.00122132668593,2818.32546411579,3169.28860175176,TRUE,"nonspatial",10000,5001,10,2000,6,50,500
1,"tau_B_sq",1.00316961422658,1259.98308142564,1479.40859849003,TRUE,"spatial",10000,5001,10,2000,7,50,500
1,"sigma_sq",1.00258479807191,1379.95841965874,1862.88441789265,TRUE,"spatial",10000,5001,10,2000,7,50,500
1,"eff_range",1.00308299212404,1493.39649094747,2090.89699682788,TRUE,"spatial",10000,5001,10,2000,7,50,500
1,"lp",1.00301284723427,1243.16346271464,1332.9731380664,TRUE,"spatial",10000,5001,10,2000,7,50,500
2,"tau_B_sq",1.00209324651388,1183.18250889186,1084.29326965556,TRUE,"spatial",10000,5001,10,2000,7,50,500
2,"sigma_sq",1.00387586481484,1238.33865219918,1566.04781913364,TRUE,"spatial",10000,5001,10,2000,7,50,500
2,"eff_range",1.00631568016596,1093.1216983269,1397.0801172437,TRUE,"spatial",10000,5001,10,2000,7,50,500
2,"lp",1.00589979821264,1223.56903869225,1542.03631814134,TRUE,"spatial",10000,5001,10,2000,7,50,500
3,"tau_B_sq",1.0029072566786,1550.70960039903,1480.02252238318,TRUE,"spatial",10000,5001,10,2000,7,50,500
3,"sigma_sq",1.00236709781094,1749.02835623832,1965.41479847325,TRUE,"spatial",10000,5001,10,2000,7,50,500
3,"eff_range",1.00101892423595,1574.16745765392,1836.46735010044,TRUE,"spatial",10000,5001,10,2000,7,50,500
3,"lp",1.00274808130259,1052.99415980242,1430.9387172823,TRUE,"spatial",10000,5001,10,2000,7,50,500
4,"tau_B_sq",1.00319535363753,1495.50899273563,1332.17891111935,TRUE,"spatial",10000,5001,10,2000,7,50,500
4,"sigma_sq",1.00362672355937,1313.200545159,2034.09055038583,TRUE,"spatial",10000,5001,10,2000,7,50,500
4,"eff_range",1.00292820969645,1319.11941734812,1836.61248351289,TRUE,"spatial",10000,5001,10,2000,7,50,500
4,"lp",1.0024232798338,1084.27165925061,1322.84856744128,TRUE,"spatial",10000,5001,10,2000,7,50,500
5,"tau_B_sq",1.00451955190569,1349.92527751058,1209.58097969629,TRUE,"spatial",10000,5001,10,2000,7,50,500
5,"sigma_sq",1.00229880650771,1300.96232619714,1908.85706135451,TRUE,"spatial",10000,5001,10,2000,7,50,500
5,"eff_range",1.00475241303436,1485.23043284627,1834.55500065443,TRUE,"spatial",10000,5001,10,2000,7,50,500
5,"lp",1.00142832920736,1367.43100180271,1329.1957633209,TRUE,"spatial",10000,5001,10,2000,7,50,500
1,"tau_B_sq",1.00232501935317,4062.40720261002,3548.81728247295,TRUE,"nonspatial",10000,5001,10,2000,7,50,500
1,"lp",1.00249477797998,2450.80316128379,2665.64537141186,TRUE,"nonspatial",10000,5001,10,2000,7,50,500
2,"tau_B_sq",1.0018310768314,3766.28738650541,3858.84943238248,TRUE,"nonspatial",10000,5001,10,2000,7,50,500
2,"lp",1.00180548877708,2927.42358661102,2699.3152498718,TRUE,"nonspatial",10000,5001,10,2000,7,50,500
3,"tau_B_sq",1.00103388408026,3881.17288515079,3498.40573439857,TRUE,"nonspatial",10000,5001,10,2000,7,50,500
3,"lp",1.00162264127944,2665.83221228646,2901.19586162208,TRUE,"nonspatial",10000,5001,10,2000,7,50,500
4,"tau_B_sq",1.0009632511165,3717.68921278834,4255.84380548106,TRUE,"nonspatial",10000,5001,10,2000,7,50,500
4,"lp",1.00065372508424,3254.6152365372,2821.97011550869,TRUE,"nonspatial",10000,5001,10,2000,7,50,500
5,"tau_B_sq",1.00134792712055,3608.81941889477,3991.00819467085,TRUE,"nonspatial",10000,5001,10,2000,7,50,500
5,"lp",1.00056259592265,3021.43836787778,3153.79898937615,TRUE,"nonspatial",10000,5001,10,2000,7,50,500
1,"tau_B_sq",1.00450858702954,1650.16112508779,1716.91385920286,TRUE,"spatial",10000,5001,10,2000,8,50,500
1,"sigma_sq",1.00265701047589,1460.34321795011,2081.79618253764,TRUE,"spatial",10000,5001,10,2000,8,50,500
1,"eff_range",1.00168046652979,1675.93616998661,1686.49811167784,TRUE,"spatial",10000,5001,10,2000,8,50,500
1,"lp",1.00348932806754,1490.32138825756,1837.07751155285,TRUE,"spatial",10000,5001,10,2000,8,50,500
2,"tau_B_sq",1.00178668004806,1514.99038448457,2100.21969124567,TRUE,"spatial",10000,5001,10,2000,8,50,500
2,"sigma_sq",1.00171144675315,1524.87537962153,2012.53136920399,TRUE,"spatial",10000,5001,10,2000,8,50,500
2,"eff_range",1.00117626959659,1591.61196899473,1654.22578609955,TRUE,"spatial",10000,5001,10,2000,8,50,500
2,"lp",1.00143245137014,1364.59943814229,1722.94279902424,TRUE,"spatial",10000,5001,10,2000,8,50,500
3,"tau_B_sq",1.0022743776117,1307.79471014301,1072.0442636026,TRUE,"spatial",10000,5001,10,2000,8,50,500
3,"sigma_sq",1.00362687290868,1503.79065064783,2026.35003386716,TRUE,"spatial",10000,5001,10,2000,8,50,500
3,"eff_range",1.00356300928424,1582.4347459792,1843.33431620354,TRUE,"spatial",10000,5001,10,2000,8,50,500
3,"lp",1.00247869695442,1184.29170516757,1414.21355242723,TRUE,"spatial",10000,5001,10,2000,8,50,500
4,"tau_B_sq",1.0026562500631,1328.1890602325,1127.737922413,TRUE,"spatial",10000,5001,10,2000,8,50,500
4,"sigma_sq",1.00263960034166,1482.34950299113,1693.72091419394,TRUE,"spatial",10000,5001,10,2000,8,50,500
4,"eff_range",1.00237882271857,1474.62350829596,1887.53620982798,TRUE,"spatial",10000,5001,10,2000,8,50,500
4,"lp",1.00329640739225,1255.54746293638,1404.15842382569,TRUE,"spatial",10000,5001,10,2000,8,50,500
5,"tau_B_sq",1.00326748036407,1386.01121982739,1609.73262503371,TRUE,"spatial",10000,5001,10,2000,8,50,500
5,"sigma_sq",1.002015428674,1563.22364256485,2143.33396525402,TRUE,"spatial",10000,5001,10,2000,8,50,500
5,"eff_range",1.00242314071724,1379.83461808737,1485.37575357886,TRUE,"spatial",10000,5001,10,2000,8,50,500
5,"lp",1.00287822485529,1161.28836857001,1430.67575178097,TRUE,"spatial",10000,5001,10,2000,8,50,500
1,"tau_B_sq",1.00164926168221,3850.9499041866,3900.77171926057,TRUE,"nonspatial",10000,5001,10,2000,8,50,500
1,"lp",1.00129621502804,2788.65387996197,2861.25781861847,TRUE,"nonspatial",10000,5001,10,2000,8,50,500
2,"tau_B_sq",1.00125439969875,3922.59240545342,3473.41831587981,TRUE,"nonspatial",10000,5001,10,2000,8,50,500
2,"lp",1.00149047815446,3123.73998139279,3217.75117079414,TRUE,"nonspatial",10000,5001,10,2000,8,50,500
3,"tau_B_sq",1.0015549210823,3798.19876540351,3956.08886366361,TRUE,"nonspatial",10000,5001,10,2000,8,50,500
3,"lp",1.00136177353369,2879.5520007234,2977.72505428427,TRUE,"nonspatial",10000,5001,10,2000,8,50,500
4,"tau_B_sq",1.00078044818794,4091.4299304465,4029.67037566473,TRUE,"nonspatial",10000,5001,10,2000,8,50,500
4,"lp",1.00067693686027,3022.2418244602,3142.41377991106,TRUE,"nonspatial",10000,5001,10,2000,8,50,500
5,"tau_B_sq",1.00143817631906,3923.10018565143,4141.77247012763,TRUE,"nonspatial",10000,5001,10,2000,8,50,500
5,"lp",1.00188640755624,3099.2150918295,2608.89236561973,TRUE,"nonspatial",10000,5001,10,2000,8,50,500
1,"tau_B_sq",1.00051971930143,3111.37345782245,3277.34859165507,TRUE,"spatial",20000,10001,20,2000,9,50,500
1,"sigma_sq",1.00112178415445,3085.06948917317,4191.84921112998,TRUE,"spatial",20000,10001,20,2000,9,50,500
1,"eff_range",1.0006776485697,3185.76397383827,4175.45307283016,TRUE,"spatial",20000,10001,20,2000,9,50,500
1,"lp",1.00085160781634,2459.74773296263,2913.64248039777,TRUE,"spatial",20000,10001,20,2000,9,50,500
2,"tau_B_sq",1.00118261237729,3267.95686753321,3379.34298330715,TRUE,"spatial",20000,10001,20,2000,9,50,500
2,"sigma_sq",1.00262058287658,3043.87882048958,3722.25697440329,TRUE,"spatial",20000,10001,20,2000,9,50,500
2,"eff_range",1.00239193450473,2910.92154134512,3768.36975605998,TRUE,"spatial",20000,10001,20,2000,9,50,500
2,"lp",1.00243085270071,2202.51880624614,2966.8716594425,TRUE,"spatial",20000,10001,20,2000,9,50,500
3,"tau_B_sq",1.00134090733143,2542.88637509283,2426.55084065787,TRUE,"spatial",20000,10001,20,2000,9,50,500
3,"sigma_sq",1.00076952466822,2870.99233853164,4172.27639421756,TRUE,"spatial",20000,10001,20,2000,9,50,500
3,"eff_range",1.00272557778562,2707.31272068461,3721.83199183665,TRUE,"spatial",20000,10001,20,2000,9,50,500
3,"lp",1.00254263285421,2478.64334243555,3202.33242469882,TRUE,"spatial",20000,10001,20,2000,9,50,500
4,"tau_B_sq",1.00101576796475,2929.55007703447,2486.82821583297,TRUE,"spatial",20000,10001,20,2000,9,50,500
4,"sigma_sq",1.00105836247158,3106.43697552202,4111.97744049272,TRUE,"spatial",20000,10001,20,2000,9,50,500
4,"eff_range",1.00072309185108,2921.17843435548,3577.55327326999,TRUE,"spatial",20000,10001,20,2000,9,50,500
4,"lp",1.00228650489233,2399.45594978945,2977.36111270943,TRUE,"spatial",20000,10001,20,2000,9,50,500
5,"tau_B_sq",1.00116966385805,2889.20293754269,2402.77375969327,TRUE,"spatial",20000,10001,20,2000,9,50,500
5,"sigma_sq",1.00142276389813,2880.91107053022,3951.77939939565,TRUE,"spatial",20000,10001,20,2000,9,50,500
5,"eff_range",1.00090717010197,3334.62452569957,3369.27940838445,TRUE,"spatial",20000,10001,20,2000,9,50,500
5,"lp",1.00155894855385,2369.66960297501,3087.26128973874,TRUE,"spatial",20000,10001,20,2000,9,50,500
1,"tau_B_sq",1.00068644784289,3678.9665658474,4243.56587474232,TRUE,"nonspatial",10000,5001,10,2000,9,50,500
1,"lp",1.00057764154776,2900.65463524519,2634.11667881606,TRUE,"nonspatial",10000,5001,10,2000,9,50,500
2,"tau_B_sq",1.00217939385958,3942.30000632588,4179.26116676088,TRUE,"nonspatial",10000,5001,10,2000,9,50,500
2,"lp",1.00124799024493,2775.93818890039,2890.71518651607,TRUE,"nonspatial",10000,5001,10,2000,9,50,500
3,"tau_B_sq",1.00107182210848,3809.53696276919,3904.77788809464,TRUE,"nonspatial",10000,5001,10,2000,9,50,500
3,"lp",1.00195543745392,2729.51253426846,2948.81951885147,TRUE,"nonspatial",10000,5001,10,2000,9,50,500
4,"tau_B_sq",1.00135019597821,3940.52920887306,4300.04195094259,TRUE,"nonspatial",10000,5001,10,2000,9,50,500
4,"lp",1.00139315522004,2877.42648973632,2646.06147693966,TRUE,"nonspatial",10000,5001,10,2000,9,50,500
5,"tau_B_sq",1.00115958901852,3528.31756576463,3539.67486833627,TRUE,"nonspatial",10000,5001,10,2000,9,50,500
5,"lp",1.00107012017439,2790.59325769254,3086.00293567509,TRUE,"nonspatial",10000,5001,10,2000,9,50,500
1,"tau_B_sq",1.00280810664646,1470.911646163,1778.63231632682,TRUE,"spatial",10000,5001,10,2000,10,50,500
1,"sigma_sq",1.00143197644533,1741.10166116453,2215.16053672418,TRUE,"spatial",10000,5001,10,2000,10,50,500
1,"eff_range",1.00260207312582,1256.28624040789,1642.18970841438,TRUE,"spatial",10000,5001,10,2000,10,50,500
1,"lp",1.00335503755382,1271.70026711938,1564.26526689315,TRUE,"spatial",10000,5001,10,2000,10,50,500
2,"tau_B_sq",1.00225916929549,1767.42969500541,1829.34923652076,TRUE,"spatial",10000,5001,10,2000,10,50,500
2,"sigma_sq",1.00246207964993,1771.45483068282,2275.94267289472,TRUE,"spatial",10000,5001,10,2000,10,50,500
2,"eff_range",1.00302132582067,1650.59785047971,2086.92194745354,TRUE,"spatial",10000,5001,10,2000,10,50,500
2,"lp",1.00421889652378,1495.23663790455,1500.84407027793,TRUE,"spatial",10000,5001,10,2000,10,50,500
3,"tau_B_sq",1.0016066880654,1438.126049084,1422.02186668113,TRUE,"spatial",10000,5001,10,2000,10,50,500
3,"sigma_sq",1.00133541644598,1590.23499217621,1971.94170180382,TRUE,"spatial",10000,5001,10,2000,10,50,500
3,"eff_range",1.00229816958546,1537.49200169152,1950.99387417229,TRUE,"spatial",10000,5001,10,2000,10,50,500
3,"lp",1.00244735477733,1296.61149482847,1269.12935486678,TRUE,"spatial",10000,5001,10,2000,10,50,500
4,"tau_B_sq",1.00284030347644,1211.53159482797,1290.53327924559,TRUE,"spatial",10000,5001,10,2000,10,50,500
4,"sigma_sq",1.00217990779763,1394.5162038065,1705.14039934479,TRUE,"spatial",10000,5001,10,2000,10,50,500
4,"eff_range",1.00521116377038,1206.32444746211,1578.68747465392,TRUE,"spatial",10000,5001,10,2000,10,50,500
4,"lp",1.00219829170508,1381.17890805509,1287.48927085721,TRUE,"spatial",10000,5001,10,2000,10,50,500
5,"tau_B_sq",1.00207689677364,1481.48376440053,1289.74258104176,TRUE,"spatial",10000,5001,10,2000,10,50,500
5,"sigma_sq",1.00155636174744,1635.19289977734,2242.0434059542,TRUE,"spatial",10000,5001,10,2000,10,50,500
5,"eff_range",1.00360474084127,1543.99598261284,1852.05433744602,TRUE,"spatial",10000,5001,10,2000,10,50,500
5,"lp",1.00348575405105,1360.65416524713,1422.29198309824,TRUE,"spatial",10000,5001,10,2000,10,50,500
1,"tau_B_sq",1.00109849269996,3762.70787286908,4069.91296566322,TRUE,"nonspatial",10000,5001,10,2000,10,50,500
1,"lp",1.00164269601708,2884.36794713484,2871.26497499202,TRUE,"nonspatial",10000,5001,10,2000,10,50,500
2,"tau_B_sq",1.00124792159384,3747.87919704815,3754.98203448441,TRUE,"nonspatial",10000,5001,10,2000,10,50,500
2,"lp",1.00181577724167,2835.47976413581,3216.27867045742,TRUE,"nonspatial",10000,5001,10,2000,10,50,500
3,"tau_B_sq",1.00081755552002,3726.70267732936,3805.72685545301,TRUE,"nonspatial",10000,5001,10,2000,10,50,500
3,"lp",1.00155569189777,2951.25530775494,2499.19616444828,TRUE,"nonspatial",10000,5001,10,2000,10,50,500
4,"tau_B_sq",1.00240693983791,4127.5228202805,4313.02575794484,TRUE,"nonspatial",10000,5001,10,2000,10,50,500
4,"lp",1.00076683774256,3114.06223578889,2811.24338470832,TRUE,"nonspatial",10000,5001,10,2000,10,50,500
5,"tau_B_sq",1.00051491320102,4062.01763990947,3878.22615245338,TRUE,"nonspatial",10000,5001,10,2000,10,50,500
5,"lp",1.00114785474804,3143.96586866625,2992.16952447491,TRUE,"nonspatial",10000,5001,10,2000,10,50,500
1,"tau_B_sq",1.0027986595494,1397.63078614936,1609.77418073885,TRUE,"spatial",10000,5001,10,2000,1,150,500
1,"sigma_sq",1.0036195336671,1155.1858870694,1972.86608080713,TRUE,"spatial",10000,5001,10,2000,1,150,500
1,"eff_range",1.00161357613954,1597.38886354694,1939.10245067781,TRUE,"spatial",10000,5001,10,2000,1,150,500
1,"lp",1.00396682184317,1259.8522518092,1590.58908295008,TRUE,"spatial",10000,5001,10,2000,1,150,500
2,"tau_B_sq",1.00193576703072,1727.09214592657,1265.21723482641,TRUE,"spatial",10000,5001,10,2000,1,150,500
2,"sigma_sq",1.00175492293998,1512.4303790736,2408.51008533057,TRUE,"spatial",10000,5001,10,2000,1,150,500
2,"eff_range",1.00128657410034,1394.88212707839,2057.63624691487,TRUE,"spatial",10000,5001,10,2000,1,150,500
2,"lp",1.00243329004338,1447.57020801832,1685.45674763698,TRUE,"spatial",10000,5001,10,2000,1,150,500
3,"tau_B_sq",1.00311872278447,1480.67601257474,1394.72818359206,TRUE,"spatial",10000,5001,10,2000,1,150,500
3,"sigma_sq",1.00538206559616,1432.07855254974,1909.21853507159,TRUE,"spatial",10000,5001,10,2000,1,150,500
3,"eff_range",1.00276843735109,1505.21051457495,2018.72976570962,TRUE,"spatial",10000,5001,10,2000,1,150,500
3,"lp",1.00329881798873,1285.54639064405,1126.82766552987,TRUE,"spatial",10000,5001,10,2000,1,150,500
4,"tau_B_sq",1.00296180545758,1318.99126193807,1352.01476049455,TRUE,"spatial",10000,5001,10,2000,1,150,500
4,"sigma_sq",1.00571228784617,1372.01529670513,2064.01892710294,TRUE,"spatial",10000,5001,10,2000,1,150,500
4,"eff_range",1.00312346593056,1525.03982270714,1906.49036607195,TRUE,"spatial",10000,5001,10,2000,1,150,500
4,"lp",1.00272927426535,1301.1578778468,1620.15538190148,TRUE,"spatial",10000,5001,10,2000,1,150,500
5,"tau_B_sq",1.00312768172307,1492.33738836964,1642.52261206067,TRUE,"spatial",10000,5001,10,2000,1,150,500
5,"sigma_sq",1.00185245831125,1662.56612576842,1945.15238119973,TRUE,"spatial",10000,5001,10,2000,1,150,500
5,"eff_range",1.00249053797385,1248.89319507913,1894.69612300516,TRUE,"spatial",10000,5001,10,2000,1,150,500
5,"lp",1.0018065505486,1395.09964383969,1663.7770859209,TRUE,"spatial",10000,5001,10,2000,1,150,500
1,"tau_B_sq",1.00101916943632,3881.01225274773,3883.29793813773,TRUE,"nonspatial",10000,5001,10,2000,1,150,500
1,"lp",1.00101900244291,2898.33606336109,2919.99129610137,TRUE,"nonspatial",10000,5001,10,2000,1,150,500
2,"tau_B_sq",1.00242069365,3210.82039467876,3968.97124266449,TRUE,"nonspatial",10000,5001,10,2000,1,150,500
2,"lp",1.00198225329218,2894.71919120685,2631.02957883073,TRUE,"nonspatial",10000,5001,10,2000,1,150,500
3,"tau_B_sq",1.00139756237762,3753.26492073948,3995.59384178862,TRUE,"nonspatial",10000,5001,10,2000,1,150,500
3,"lp",1.00087971404128,3044.19253589244,2919.63414984773,TRUE,"nonspatial",10000,5001,10,2000,1,150,500
4,"tau_B_sq",1.00121298076478,3804.63748372226,4140.02168483168,TRUE,"nonspatial",10000,5001,10,2000,1,150,500
4,"lp",1.00137001849953,3103.94001445285,2641.53428930906,TRUE,"nonspatial",10000,5001,10,2000,1,150,500
5,"tau_B_sq",1.00155947194987,3959.70764064611,3541.43013480644,TRUE,"nonspatial",10000,5001,10,2000,1,150,500
5,"lp",1.00131494046212,3018.05969475333,2871.60397273675,TRUE,"nonspatial",10000,5001,10,2000,1,150,500
1,"tau_B_sq",1.00497541458138,1194.40668268547,880.413853443369,TRUE,"spatial",10000,5001,10,2000,2,150,500
1,"sigma_sq",1.00646295476916,1290.55802882224,1559.70994556645,TRUE,"spatial",10000,5001,10,2000,2,150,500
1,"eff_range",1.00148496551591,1375.2935132444,1555.2573742858,TRUE,"spatial",10000,5001,10,2000,2,150,500
1,"lp",1.00399278700157,1188.91168012897,1456.09166565853,TRUE,"spatial",10000,5001,10,2000,2,150,500
2,"tau_B_sq",1.00685458947095,1179.5714811754,1042.18996819013,TRUE,"spatial",10000,5001,10,2000,2,150,500
2,"sigma_sq",1.00272123999414,1406.36872764656,1535.76052397225,TRUE,"spatial",10000,5001,10,2000,2,150,500
2,"eff_range",1.00575652010111,1279.48351085791,1646.10941696296,TRUE,"spatial",10000,5001,10,2000,2,150,500
2,"lp",1.00438871919359,1154.2043596491,1459.50468058339,TRUE,"spatial",10000,5001,10,2000,2,150,500
3,"tau_B_sq",1.00728858198313,1119.10247545055,748.212413302582,TRUE,"spatial",10000,5001,10,2000,2,150,500
3,"sigma_sq",1.00230819498528,1319.38846861944,1506.71938848201,TRUE,"spatial",10000,5001,10,2000,2,150,500
3,"eff_range",1.00440033433019,1235.32837745175,1710.33326809311,TRUE,"spatial",10000,5001,10,2000,2,150,500
3,"lp",1.00349864400285,1040.94821549697,1610.38942411897,TRUE,"spatial",10000,5001,10,2000,2,150,500
4,"tau_B_sq",1.00386838882941,1734.97955975818,1616.3346146982,TRUE,"spatial",10000,5001,10,2000,2,150,500
4,"sigma_sq",1.00262190774263,1585.13052872432,2160.92281092399,TRUE,"spatial",10000,5001,10,2000,2,150,500
4,"eff_range",1.00171934135792,1476.91059315726,1781.21690888909,TRUE,"spatial",10000,5001,10,2000,2,150,500
4,"lp",1.00282525584793,1169.61375426349,1413.26650718331,TRUE,"spatial",10000,5001,10,2000,2,150,500
5,"tau_B_sq",1.00276857041881,1619.33155285654,1598.60866687451,TRUE,"spatial",10000,5001,10,2000,2,150,500
5,"sigma_sq",1.00415349859284,1620.46036458184,1731.56924283087,TRUE,"spatial",10000,5001,10,2000,2,150,500
5,"eff_range",1.00135719260435,1520.85025628773,1759.02487874968,TRUE,"spatial",10000,5001,10,2000,2,150,500
5,"lp",1.00403099915508,1307.1559057579,1398.17827222829,TRUE,"spatial",10000,5001,10,2000,2,150,500
1,"tau_B_sq",1.00234426392944,3915.32804436003,3779.5249939197,TRUE,"nonspatial",10000,5001,10,2000,2,150,500
1,"lp",1.00265695691663,2844.32893935952,2972.47597854463,TRUE,"nonspatial",10000,5001,10,2000,2,150,500
2,"tau_B_sq",1.00200702677357,3913.33063762618,4213.84887921709,TRUE,"nonspatial",10000,5001,10,2000,2,150,500
2,"lp",1.00254086523473,3152.69076460977,2855.62379353198,TRUE,"nonspatial",10000,5001,10,2000,2,150,500
3,"tau_B_sq",1.00064547931084,3782.11622154369,3977.40873559805,TRUE,"nonspatial",10000,5001,10,2000,2,150,500
3,"lp",1.00038004676192,3031.8829742843,2909.13521665891,TRUE,"nonspatial",10000,5001,10,2000,2,150,500
4,"tau_B_sq",1.00121254374427,4049.5764538799,4320.9096727775,TRUE,"nonspatial",10000,5001,10,2000,2,150,500
4,"lp",1.00106253964468,3018.35199435221,2722.50323196691,TRUE,"nonspatial",10000,5001,10,2000,2,150,500
5,"tau_B_sq",1.00140746824674,3845.76707220617,3882.1359549164,TRUE,"nonspatial",10000,5001,10,2000,2,150,500
5,"lp",1.00164425485992,2894.94489756076,3005.88793294167,TRUE,"nonspatial",10000,5001,10,2000,2,150,500
1,"tau_B_sq",1.00406074206272,1068.53488915946,729.506937489078,TRUE,"spatial",10000,5001,10,2000,3,150,500
1,"sigma_sq",1.00261478079118,1199.05069621586,1525.2308436509,TRUE,"spatial",10000,5001,10,2000,3,150,500
1,"eff_range",1.00352693225554,1376.4213954888,1867.81008367797,TRUE,"spatial",10000,5001,10,2000,3,150,500
1,"lp",1.00244125958012,1299.82304653944,1497.90850486251,TRUE,"spatial",10000,5001,10,2000,3,150,500
2,"tau_B_sq",1.00286909624501,1243.48047901691,1267.03751403887,TRUE,"spatial",10000,5001,10,2000,3,150,500
2,"sigma_sq",1.00522072508276,1378.46534642371,1982.44500742932,TRUE,"spatial",10000,5001,10,2000,3,150,500
2,"eff_range",1.00228183518807,1321.09198767628,1524.51694291524,TRUE,"spatial",10000,5001,10,2000,3,150,500
2,"lp",1.00406261777129,1277.04898212124,1416.19278934135,TRUE,"spatial",10000,5001,10,2000,3,150,500
3,"tau_B_sq",1.0043365595908,1052.79783684976,679.282743407445,TRUE,"spatial",10000,5001,10,2000,3,150,500
3,"sigma_sq",1.0029366075583,1033.78053685259,1465.76632569471,TRUE,"spatial",10000,5001,10,2000,3,150,500
3,"eff_range",1.00258926080755,1097.65448917422,1942.51775467326,TRUE,"spatial",10000,5001,10,2000,3,150,500
3,"lp",1.00585852465643,1087.76885815826,1422.78564338319,TRUE,"spatial",10000,5001,10,2000,3,150,500
4,"tau_B_sq",1.00553161254727,837.067842561077,571.851604781954,TRUE,"spatial",10000,5001,10,2000,3,150,500
4,"sigma_sq",1.00835503707839,859.767543698825,1085.5099850872,TRUE,"spatial",10000,5001,10,2000,3,150,500
4,"eff_range",1.00218882795772,1501.96939436708,2203.25737899668,TRUE,"spatial",10000,5001,10,2000,3,150,500
4,"lp",1.0029445871074,1064.62255113556,1616.39815475499,TRUE,"spatial",10000,5001,10,2000,3,150,500
5,"tau_B_sq",1.00631792137281,1092.05240422807,1003.76201602699,TRUE,"spatial",10000,5001,10,2000,3,150,500
5,"sigma_sq",1.00295627519639,1202.59357309326,1362.33363457078,TRUE,"spatial",10000,5001,10,2000,3,150,500
5,"eff_range",1.00230616837126,1286.71299819242,1367.12714167158,TRUE,"spatial",10000,5001,10,2000,3,150,500
5,"lp",1.00323448386099,1191.97735901141,1228.99735024794,TRUE,"spatial",10000,5001,10,2000,3,150,500
1,"tau_B_sq",1.00127040958896,3924.15368378269,4134.53282673718,TRUE,"nonspatial",10000,5001,10,2000,3,150,500
1,"lp",1.00198489850659,2966.59412472575,3180.28135789296,TRUE,"nonspatial",10000,5001,10,2000,3,150,500
2,"tau_B_sq",1.00455657334963,3786.07231290291,3875.06541647958,TRUE,"nonspatial",10000,5001,10,2000,3,150,500
2,"lp",1.00426535861731,2904.18217977376,2670.78681550993,TRUE,"nonspatial",10000,5001,10,2000,3,150,500
3,"tau_B_sq",1.00096523445303,3825.72309554552,3861.73741571041,TRUE,"nonspatial",10000,5001,10,2000,3,150,500
3,"lp",1.00095383406623,2810.25966289204,2969.26656709865,TRUE,"nonspatial",10000,5001,10,2000,3,150,500
4,"tau_B_sq",1.00078029081313,3587.98695927769,4060.33451007255,TRUE,"nonspatial",10000,5001,10,2000,3,150,500
4,"lp",1.00077971169639,2555.14975366242,2339.78492068676,TRUE,"nonspatial",10000,5001,10,2000,3,150,500
5,"tau_B_sq",1.00211372065105,3873.32603969736,4073.56137176698,TRUE,"nonspatial",10000,5001,10,2000,3,150,500
5,"lp",1.00219573895826,2860.22829705138,3077.53285419637,TRUE,"nonspatial",10000,5001,10,2000,3,150,500
1,"tau_B_sq",1.00574599730013,1270.29946671219,1314.80551177933,TRUE,"spatial",10000,5001,10,2000,4,150,500
1,"sigma_sq",1.00408453512775,1131.57566500186,1304.44520859925,TRUE,"spatial",10000,5001,10,2000,4,150,500
1,"eff_range",1.00369422998582,1254.74897112144,1636.99635730869,TRUE,"spatial",10000,5001,10,2000,4,150,500
1,"lp",1.00351181133221,1235.55082199503,1603.85683274043,TRUE,"spatial",10000,5001,10,2000,4,150,500
2,"tau_B_sq",1.00318790659927,1333.24065746173,1026.91146027332,TRUE,"spatial",10000,5001,10,2000,4,150,500
2,"sigma_sq",1.001514592479,1255.60442978592,1666.60550931385,TRUE,"spatial",10000,5001,10,2000,4,150,500
2,"eff_range",1.0014849072977,1482.71449653782,2104.20531204723,TRUE,"spatial",10000,5001,10,2000,4,150,500
2,"lp",1.00329619142834,1231.68485680908,1615.22552043933,TRUE,"spatial",10000,5001,10,2000,4,150,500
3,"tau_B_sq",1.00359610837358,1096.89535559697,721.29956135914,TRUE,"spatial",10000,5001,10,2000,4,150,500
3,"sigma_sq",1.00462148618566,1133.42266672787,1612.12247366375,TRUE,"spatial",10000,5001,10,2000,4,150,500
3,"eff_range",1.00466672403845,1352.60827044024,2143.88835294417,TRUE,"spatial",10000,5001,10,2000,4,150,500
3,"lp",1.00409830378576,1089.81647048981,1271.64950641412,TRUE,"spatial",10000,5001,10,2000,4,150,500
4,"tau_B_sq",1.00502255828324,960.020059853555,772.125021356113,TRUE,"spatial",10000,5001,10,2000,4,150,500
4,"sigma_sq",1.00281682098852,1251.53923263848,1276.15416149754,TRUE,"spatial",10000,5001,10,2000,4,150,500
4,"eff_range",1.00125586278318,1095.55839561785,1544.02179580416,TRUE,"spatial",10000,5001,10,2000,4,150,500
4,"lp",1.00122482343699,1027.07880436339,1111.61320029415,TRUE,"spatial",10000,5001,10,2000,4,150,500
5,"tau_B_sq",1.00386819997646,1044.47166449014,662.157459171453,TRUE,"spatial",10000,5001,10,2000,4,150,500
5,"sigma_sq",1.00270617780406,1260.39162215178,1616.73033787456,TRUE,"spatial",10000,5001,10,2000,4,150,500
5,"eff_range",1.00270700377015,1266.37000542324,1716.41711912149,TRUE,"spatial",10000,5001,10,2000,4,150,500
5,"lp",1.00198757402853,1363.00807105753,1792.90280223673,TRUE,"spatial",10000,5001,10,2000,4,150,500
1,"tau_B_sq",1.00078694799106,4126.73366373928,4133.1786543668,TRUE,"nonspatial",10000,5001,10,2000,4,150,500
1,"lp",1.00095084968887,3050.94133567059,2888.96595829198,TRUE,"nonspatial",10000,5001,10,2000,4,150,500
2,"tau_B_sq",1.0015906002008,3736.55543164938,3697.36424725576,TRUE,"nonspatial",10000,5001,10,2000,4,150,500
2,"lp",1.00260802185083,2688.74808189942,3047.24974118246,TRUE,"nonspatial",10000,5001,10,2000,4,150,500
3,"tau_B_sq",1.00132552539738,3501.61727269593,3865.92619954147,TRUE,"nonspatial",10000,5001,10,2000,4,150,500
3,"lp",1.00174557671121,2648.36559786428,2652.19108012121,TRUE,"nonspatial",10000,5001,10,2000,4,150,500
4,"tau_B_sq",1.00159475696577,4057.39065594266,3947.77505809889,TRUE,"nonspatial",10000,5001,10,2000,4,150,500
4,"lp",1.00403201339806,3138.08684523484,2914.63823267105,TRUE,"nonspatial",10000,5001,10,2000,4,150,500
5,"tau_B_sq",1.00138144964585,3637.78127027478,3951.06162310136,TRUE,"nonspatial",10000,5001,10,2000,4,150,500
5,"lp",1.00234943048982,2920.02333246312,2586.95636121904,TRUE,"nonspatial",10000,5001,10,2000,4,150,500
1,"tau_B_sq",1.00454560660409,1128.8501235182,1229.78191389137,TRUE,"spatial",10000,5001,10,2000,5,150,500
1,"sigma_sq",1.00347713394615,1174.62934429504,1542.07548522047,TRUE,"spatial",10000,5001,10,2000,5,150,500
1,"eff_range",1.00144986362179,1192.84039965735,1547.94858987316,TRUE,"spatial",10000,5001,10,2000,5,150,500
1,"lp",1.00278095867616,1111.44767285183,1654.30821590515,TRUE,"spatial",10000,5001,10,2000,5,150,500
2,"tau_B_sq",1.00317866457399,1267.66216841693,938.692753257848,TRUE,"spatial",10000,5001,10,2000,5,150,500
2,"sigma_sq",1.00540580333792,1358.26816498598,1684.22219020663,TRUE,"spatial",10000,5001,10,2000,5,150,500
2,"eff_range",1.00248922042577,1505.23169228959,2094.45143206969,TRUE,"spatial",10000,5001,10,2000,5,150,500
2,"lp",1.00267844359012,1268.07702921729,1475.65147061287,TRUE,"spatial",10000,5001,10,2000,5,150,500
3,"tau_B_sq",1.00266904544982,1264.20018356484,1136.39916686179,TRUE,"spatial",10000,5001,10,2000,5,150,500
3,"sigma_sq",1.00423818547809,1311.38605675526,1939.19496788422,TRUE,"spatial",10000,5001,10,2000,5,150,500
3,"eff_range",1.00283466198483,942.429029114759,1349.46303148192,TRUE,"spatial",10000,5001,10,2000,5,150,500
3,"lp",1.00476870946676,1153.64227144129,1657.34414414174,TRUE,"spatial",10000,5001,10,2000,5,150,500
4,"tau_B_sq",1.00417496223298,1238.15278071442,961.888253028902,TRUE,"spatial",10000,5001,10,2000,5,150,500
4,"sigma_sq",1.00762770509632,1179.61337638319,1792.13994011757,TRUE,"spatial",10000,5001,10,2000,5,150,500
4,"eff_range",1.00123634256478,1450.28179850089,2294.19400251995,TRUE,"spatial",10000,5001,10,2000,5,150,500
4,"lp",1.00409820532446,1279.37743965272,1467.82973909761,TRUE,"spatial",10000,5001,10,2000,5,150,500
5,"tau_B_sq",1.00333808164008,1087.20503128445,696.686371015962,TRUE,"spatial",10000,5001,10,2000,5,150,500
5,"sigma_sq",1.00248071016913,1135.80610452225,1759.48659196597,TRUE,"spatial",10000,5001,10,2000,5,150,500
5,"eff_range",1.00263148880022,1412.39436064324,1906.21103104985,TRUE,"spatial",10000,5001,10,2000,5,150,500
5,"lp",1.00132746373274,1094.58521569827,1460.46070522636,TRUE,"spatial",10000,5001,10,2000,5,150,500
1,"tau_B_sq",1.00083221451335,3864.44263641361,3898.41186627783,TRUE,"nonspatial",10000,5001,10,2000,5,150,500
1,"lp",1.00107953412915,2889.19091013606,3186.19979720152,TRUE,"nonspatial",10000,5001,10,2000,5,150,500
2,"tau_B_sq",1.0008367325722,3993.56188795691,4178.49632647152,TRUE,"nonspatial",10000,5001,10,2000,5,150,500
2,"lp",1.00097127129727,3022.60465147953,2851.10873586637,TRUE,"nonspatial",10000,5001,10,2000,5,150,500
3,"tau_B_sq",1.00141649165887,3775.85126691628,3779.56907365872,TRUE,"nonspatial",10000,5001,10,2000,5,150,500
3,"lp",1.00166627647415,2646.47204425588,2915.9639293511,TRUE,"nonspatial",10000,5001,10,2000,5,150,500
4,"tau_B_sq",1.00037763978359,3886.47198389435,4438.09157742737,TRUE,"nonspatial",10000,5001,10,2000,5,150,500
4,"lp",1.00128984677513,3021.69482360888,2790.09005729323,TRUE,"nonspatial",10000,5001,10,2000,5,150,500
5,"tau_B_sq",1.00040671072846,4288.44149938916,4341.20051688505,TRUE,"nonspatial",10000,5001,10,2000,5,150,500
5,"lp",1.00119737609495,2838.401272502,2689.42297403575,TRUE,"nonspatial",10000,5001,10,2000,5,150,500
1,"tau_B_sq",1.00436938489187,1164.03761486374,1012.65967851287,TRUE,"spatial",10000,5001,10,2000,6,150,500
1,"sigma_sq",1.00528091353687,1201.2936324741,1580.41177017192,TRUE,"spatial",10000,5001,10,2000,6,150,500
1,"eff_range",1.0011213919238,1334.22997508501,1591.485068933,TRUE,"spatial",10000,5001,10,2000,6,150,500
1,"lp",1.00225801545346,1080.73341717072,1272.17869730688,TRUE,"spatial",10000,5001,10,2000,6,150,500
2,"tau_B_sq",1.0024589365338,1494.1849000973,1063.97130913086,TRUE,"spatial",10000,5001,10,2000,6,150,500
2,"sigma_sq",1.00298503763892,1369.64873607699,1846.13590207573,TRUE,"spatial",10000,5001,10,2000,6,150,500
2,"eff_range",1.00354226913738,1408.23526521343,1409.86395485502,TRUE,"spatial",10000,5001,10,2000,6,150,500
2,"lp",1.00193794638061,1055.63117386529,1154.80575702062,TRUE,"spatial",10000,5001,10,2000,6,150,500
3,"tau_B_sq",1.00267066922769,1090.80007239554,901.729402132691,TRUE,"spatial",10000,5001,10,2000,6,150,500
3,"sigma_sq",1.00473117987319,1179.24542864014,1541.97324513381,TRUE,"spatial",10000,5001,10,2000,6,150,500
3,"eff_range",1.00104508288118,1536.2461248539,1550.28049956688,TRUE,"spatial",10000,5001,10,2000,6,150,500
3,"lp",1.00145293189184,1112.61554392174,1612.3426159307,TRUE,"spatial",10000,5001,10,2000,6,150,500
4,"tau_B_sq",1.00286353720649,1572.24532038055,1465.62241502208,TRUE,"spatial",10000,5001,10,2000,6,150,500
4,"sigma_sq",1.00353654644328,1281.97037409175,1878.52821234338,TRUE,"spatial",10000,5001,10,2000,6,150,500
4,"eff_range",1.00429322255928,1471.9188139231,2088.29513533495,TRUE,"spatial",10000,5001,10,2000,6,150,500
4,"lp",1.00262924354953,1372.98183361924,1542.63378383542,TRUE,"spatial",10000,5001,10,2000,6,150,500
5,"tau_B_sq",1.00253453599085,1219.41517619793,1038.41294735696,TRUE,"spatial",10000,5001,10,2000,6,150,500
5,"sigma_sq",1.00369778989007,1348.30262038143,1879.7242628926,TRUE,"spatial",10000,5001,10,2000,6,150,500
5,"eff_range",1.00133974204647,1485.30316793867,1534.35849144143,TRUE,"spatial",10000,5001,10,2000,6,150,500
5,"lp",1.0027581709812,1363.2779808812,1581.35423701264,TRUE,"spatial",10000,5001,10,2000,6,150,500
1,"tau_B_sq",1.00229172837522,4100.50627018553,4255.41130766362,TRUE,"nonspatial",10000,5001,10,2000,6,150,500
1,"lp",1.00308435289006,2958.59448536343,3163.09732371863,TRUE,"nonspatial",10000,5001,10,2000,6,150,500
2,"tau_B_sq",1.00146784718899,3749.65083382839,3929.56955850287,TRUE,"nonspatial",10000,5001,10,2000,6,150,500
2,"lp",1.00166026987754,2911.91486534158,2813.59960952094,TRUE,"nonspatial",10000,5001,10,2000,6,150,500
3,"tau_B_sq",1.0006685997457,4233.85347817671,3669.31642856147,TRUE,"nonspatial",10000,5001,10,2000,6,150,500
3,"lp",1.00057510236894,2728.57721015589,2864.01006203318,TRUE,"nonspatial",10000,5001,10,2000,6,150,500
4,"tau_B_sq",1.00181789689615,3713.47785695288,3790.04771537238,TRUE,"nonspatial",10000,5001,10,2000,6,150,500
4,"lp",1.00194368752048,2556.65631452816,2694.31432453559,TRUE,"nonspatial",10000,5001,10,2000,6,150,500
5,"tau_B_sq",1.00273225895183,3888.35364968068,3680.44991815242,TRUE,"nonspatial",10000,5001,10,2000,6,150,500
5,"lp",1.00182308815237,3116.11369604217,2970.27572410265,TRUE,"nonspatial",10000,5001,10,2000,6,150,500
1,"tau_B_sq",1.00202618211066,1070.50248522839,693.73577340951,TRUE,"spatial",10000,5001,10,2000,7,150,500
1,"sigma_sq",1.00326086269299,1151.25610245225,1349.38360075918,TRUE,"spatial",10000,5001,10,2000,7,150,500
1,"eff_range",1.00148141709738,1461.95278235413,1845.91896999701,TRUE,"spatial",10000,5001,10,2000,7,150,500
1,"lp",1.00284702015707,1164.36923850607,1410.21855313288,TRUE,"spatial",10000,5001,10,2000,7,150,500
2,"tau_B_sq",1.00142137023823,1392.64632336428,1048.26763054676,TRUE,"spatial",10000,5001,10,2000,7,150,500
2,"sigma_sq",1.00150422626807,1345.00753605387,1969.18770509948,TRUE,"spatial",10000,5001,10,2000,7,150,500
2,"eff_range",1.00277384976151,1247.97397213366,1723.33469278261,TRUE,"spatial",10000,5001,10,2000,7,150,500
2,"lp",1.00180807683886,1178.66423204038,1328.99734241713,TRUE,"spatial",10000,5001,10,2000,7,150,500
3,"tau_B_sq",1.00462722033398,1380.38191001098,1122.53067481468,TRUE,"spatial",10000,5001,10,2000,7,150,500
3,"sigma_sq",1.00760369648357,1119.38458669335,1622.45201140669,TRUE,"spatial",10000,5001,10,2000,7,150,500
3,"eff_range",1.0012201534234,1632.28232861717,2118.00161545641,TRUE,"spatial",10000,5001,10,2000,7,150,500
3,"lp",1.00110404573656,1251.00621098437,1741.90266549171,TRUE,"spatial",10000,5001,10,2000,7,150,500
4,"tau_B_sq",1.0044480700134,1149.77197327485,874.541288150514,TRUE,"spatial",10000,5001,10,2000,7,150,500
4,"sigma_sq",1.00404825043417,1238.09461557462,1782.0271804309,TRUE,"spatial",10000,5001,10,2000,7,150,500
4,"eff_range",1.00232660460013,1613.54096275183,1851.20699439194,TRUE,"spatial",10000,5001,10,2000,7,150,500
4,"lp",1.00779370992603,1308.66675743261,1573.04669708062,TRUE,"spatial",10000,5001,10,2000,7,150,500
5,"tau_B_sq",1.00461721174849,1103.50777623791,652.759689471218,TRUE,"spatial",10000,5001,10,2000,7,150,500
5,"sigma_sq",1.00233807180174,1168.43663105333,1638.13690468496,TRUE,"spatial",10000,5001,10,2000,7,150,500
5,"eff_range",1.00381149647552,1690.2913007368,2254.72906502488,TRUE,"spatial",10000,5001,10,2000,7,150,500
5,"lp",1.00295060530053,1185.05761122979,1724.35363050652,TRUE,"spatial",10000,5001,10,2000,7,150,500
1,"tau_B_sq",1.0023143372656,3644.88614517727,3863.81100708288,TRUE,"nonspatial",10000,5001,10,2000,7,150,500
1,"lp",1.00261198172372,3042.21080854424,2929.92002260889,TRUE,"nonspatial",10000,5001,10,2000,7,150,500
2,"tau_B_sq",1.00143532054749,3875.11916386921,3308.37801332623,TRUE,"nonspatial",10000,5001,10,2000,7,150,500
2,"lp",1.00195809764837,2796.73117259362,2527.02166361952,TRUE,"nonspatial",10000,5001,10,2000,7,150,500
3,"tau_B_sq",1.0008153671233,3794.97048966283,4315.10306472646,TRUE,"nonspatial",10000,5001,10,2000,7,150,500
3,"lp",1.00034307954714,3149.85140987533,2930.82492483861,TRUE,"nonspatial",10000,5001,10,2000,7,150,500
4,"tau_B_sq",1.00135773006629,3743.90419296965,3737.50004836717,TRUE,"nonspatial",10000,5001,10,2000,7,150,500
4,"lp",1.00114703191605,2988.13328884735,3170.65958855227,TRUE,"nonspatial",10000,5001,10,2000,7,150,500
5,"tau_B_sq",1.00086950001001,3890.46153960464,3764.59170051672,TRUE,"nonspatial",10000,5001,10,2000,7,150,500
5,"lp",1.00075322382538,2975.56117332263,3146.86198352669,TRUE,"nonspatial",10000,5001,10,2000,7,150,500
1,"tau_B_sq",1.00519856463677,1442.49105466924,1047.90092164953,TRUE,"spatial",10000,5001,10,2000,8,150,500
1,"sigma_sq",1.00249661826252,1427.80627985112,1809.3209300602,TRUE,"spatial",10000,5001,10,2000,8,150,500
1,"eff_range",1.00277821913946,1259.94330291418,1522.7859667507,TRUE,"spatial",10000,5001,10,2000,8,150,500
1,"lp",1.00203615800855,1150.7499430171,1194.90999496934,TRUE,"spatial",10000,5001,10,2000,8,150,500
2,"tau_B_sq",1.00197379949549,1402.52900966772,1120.43160103188,TRUE,"spatial",10000,5001,10,2000,8,150,500
2,"sigma_sq",1.00281999556752,1523.09699367493,2123.9271456754,TRUE,"spatial",10000,5001,10,2000,8,150,500
2,"eff_range",1.00254453151286,1533.57927368485,1751.55013324408,TRUE,"spatial",10000,5001,10,2000,8,150,500
2,"lp",1.00448770808065,1114.21230394666,1409.2040937329,TRUE,"spatial",10000,5001,10,2000,8,150,500
3,"tau_B_sq",1.00179568262573,1444.14095795558,1504.20098932079,TRUE,"spatial",10000,5001,10,2000,8,150,500
3,"sigma_sq",1.00191062229563,1672.18958085093,1948.00181613351,TRUE,"spatial",10000,5001,10,2000,8,150,500
3,"eff_range",1.00230951617434,1369.10406407991,1876.7022790249,TRUE,"spatial",10000,5001,10,2000,8,150,500
3,"lp",1.00448224823486,1070.23305895574,1501.99273800394,TRUE,"spatial",10000,5001,10,2000,8,150,500
4,"tau_B_sq",1.00463337635204,1436.94720120339,1166.17791431273,TRUE,"spatial",10000,5001,10,2000,8,150,500
4,"sigma_sq",1.00262322584007,1415.12340813188,1842.88485130983,TRUE,"spatial",10000,5001,10,2000,8,150,500
4,"eff_range",1.00163027932127,1462.30417148727,1817.24744331076,TRUE,"spatial",10000,5001,10,2000,8,150,500
4,"lp",1.00515297846098,1261.13555206609,1400.24199429243,TRUE,"spatial",10000,5001,10,2000,8,150,500
5,"tau_B_sq",1.00435391033625,1489.47326134842,1170.53081974176,TRUE,"spatial",10000,5001,10,2000,8,150,500
5,"sigma_sq",1.00550994957709,1215.49325341422,2009.46626707307,TRUE,"spatial",10000,5001,10,2000,8,150,500
5,"eff_range",1.0023170731442,1491.01987753369,1679.73285504816,TRUE,"spatial",10000,5001,10,2000,8,150,500
5,"lp",1.00825441463153,1266.22658560419,1640.94869289643,TRUE,"spatial",10000,5001,10,2000,8,150,500
1,"tau_B_sq",1.0019832790998,3938.33579988452,3870.80152720534,TRUE,"nonspatial",10000,5001,10,2000,8,150,500
1,"lp",1.00223185697458,3180.88198534144,2930.57701131356,TRUE,"nonspatial",10000,5001,10,2000,8,150,500
2,"tau_B_sq",1.00108474874947,3848.34629204577,4419.48375416274,TRUE,"nonspatial",10000,5001,10,2000,8,150,500
2,"lp",1.0009564755706,3112.07042766151,3258.54126607645,TRUE,"nonspatial",10000,5001,10,2000,8,150,500
3,"tau_B_sq",1.00092851336208,3815.92466458279,3697.93548208956,TRUE,"nonspatial",10000,5001,10,2000,8,150,500
3,"lp",1.00061176625773,2805.58837074534,3008.89183661348,TRUE,"nonspatial",10000,5001,10,2000,8,150,500
4,"tau_B_sq",1.00161981948138,3848.35098107607,3784.40315457856,TRUE,"nonspatial",10000,5001,10,2000,8,150,500
4,"lp",1.00263974896752,3014.80356885224,3235.26827999568,TRUE,"nonspatial",10000,5001,10,2000,8,150,500
5,"tau_B_sq",1.0016566371883,3844.98038845817,4165.67134266073,TRUE,"nonspatial",10000,5001,10,2000,8,150,500
5,"lp",1.00149320046237,2885.75591558321,3166.52137426293,TRUE,"nonspatial",10000,5001,10,2000,8,150,500
1,"tau_B_sq",1.00403572553196,1517.44912594204,1795.24645729732,TRUE,"spatial",10000,5001,10,2000,9,150,500
1,"sigma_sq",1.00302137393633,1514.96603360677,1914.45225428512,TRUE,"spatial",10000,5001,10,2000,9,150,500
1,"eff_range",1.00261404720005,1476.54696807006,1919.68250451254,TRUE,"spatial",10000,5001,10,2000,9,150,500
1,"lp",1.00411807639826,996.015884023837,1138.06357848412,TRUE,"spatial",10000,5001,10,2000,9,150,500
2,"tau_B_sq",1.00342785381465,1308.4273897737,1229.40570630182,TRUE,"spatial",10000,5001,10,2000,9,150,500
2,"sigma_sq",1.00371584175837,1386.97955205517,1924.14634725334,TRUE,"spatial",10000,5001,10,2000,9,150,500
2,"eff_range",1.00166484444801,1117.63509045599,1844.39210573921,TRUE,"spatial",10000,5001,10,2000,9,150,500
2,"lp",1.00417610943167,1492.57260267815,1526.37846628282,TRUE,"spatial",10000,5001,10,2000,9,150,500
3,"tau_B_sq",1.00232893198243,1429.46397066605,1163.67620618881,TRUE,"spatial",10000,5001,10,2000,9,150,500
3,"sigma_sq",1.002835060182,1285.7065162576,1560.20045091347,TRUE,"spatial",10000,5001,10,2000,9,150,500
3,"eff_range",1.00429180853419,1511.50016150423,2049.47716182651,TRUE,"spatial",10000,5001,10,2000,9,150,500
3,"lp",1.00235408054326,1271.2245515916,1232.74753059776,TRUE,"spatial",10000,5001,10,2000,9,150,500
4,"tau_B_sq",1.00134414531516,1438.8717418759,1204.54736143573,TRUE,"spatial",10000,5001,10,2000,9,150,500
4,"sigma_sq",1.00338803676803,1298.76227656082,1760.00355521542,TRUE,"spatial",10000,5001,10,2000,9,150,500
4,"eff_range",1.00292954473641,1469.95138815188,1607.93363912917,TRUE,"spatial",10000,5001,10,2000,9,150,500
4,"lp",1.00204152281044,1211.63908665619,1444.36125044978,TRUE,"spatial",10000,5001,10,2000,9,150,500
5,"tau_B_sq",1.00159453476456,1225.19915906191,954.085534015317,TRUE,"spatial",10000,5001,10,2000,9,150,500
5,"sigma_sq",1.00084584466549,1204.86374096261,1899.59988179388,TRUE,"spatial",10000,5001,10,2000,9,150,500
5,"eff_range",1.00140827781876,1261.90971265011,1769.32733648152,TRUE,"spatial",10000,5001,10,2000,9,150,500
5,"lp",1.00305502329456,1203.24308310163,1527.22455115701,TRUE,"spatial",10000,5001,10,2000,9,150,500
1,"tau_B_sq",1.00179835345558,4067.06031530824,3900.98057209017,TRUE,"nonspatial",10000,5001,10,2000,9,150,500
1,"lp",1.00093730011203,2841.62420732193,2693.3205648965,TRUE,"nonspatial",10000,5001,10,2000,9,150,500
2,"tau_B_sq",1.00144930548469,3789.30599606316,4539.17084224045,TRUE,"nonspatial",10000,5001,10,2000,9,150,500
2,"lp",1.00180224500996,2943.15424874015,3189.37601089099,TRUE,"nonspatial",10000,5001,10,2000,9,150,500
3,"tau_B_sq",1.00338269548216,3943.72390749178,4293.89458378129,TRUE,"nonspatial",10000,5001,10,2000,9,150,500
3,"lp",1.00328428116851,2929.91046042195,2741.33817553608,TRUE,"nonspatial",10000,5001,10,2000,9,150,500
4,"tau_B_sq",1.00109468635442,3525.40856965931,3633.39888362751,TRUE,"nonspatial",10000,5001,10,2000,9,150,500
4,"lp",1.00137248424685,2800.58123485651,2492.30536409194,TRUE,"nonspatial",10000,5001,10,2000,9,150,500
5,"tau_B_sq",1.00103872304771,3806.61554932987,3761.29761384204,TRUE,"nonspatial",10000,5001,10,2000,9,150,500
5,"lp",1.00192034057022,3093.12104677841,3235.14368195023,TRUE,"nonspatial",10000,5001,10,2000,9,150,500
1,"tau_B_sq",1.00411985927251,1372.24176920726,1218.20274668329,TRUE,"spatial",10000,5001,10,2000,10,150,500
1,"sigma_sq",1.0036197259304,1554.1101865287,2049.7418758248,TRUE,"spatial",10000,5001,10,2000,10,150,500
1,"eff_range",1.0016565120868,1242.97457577728,1788.03368859983,TRUE,"spatial",10000,5001,10,2000,10,150,500
1,"lp",1.00106481958989,1239.08325638088,1617.93767423819,TRUE,"spatial",10000,5001,10,2000,10,150,500
2,"tau_B_sq",1.00253872258489,1545.90183277117,1478.71619217052,TRUE,"spatial",10000,5001,10,2000,10,150,500
2,"sigma_sq",1.00089780465621,1618.9619134246,2239.95077562362,TRUE,"spatial",10000,5001,10,2000,10,150,500
2,"eff_range",1.00276168587547,1377.4273155763,2059.78573483575,TRUE,"spatial",10000,5001,10,2000,10,150,500
2,"lp",1.00181587282827,1352.25013876349,1727.01944146703,TRUE,"spatial",10000,5001,10,2000,10,150,500
3,"tau_B_sq",1.00322729982171,1175.80441043344,969.115107879403,TRUE,"spatial",10000,5001,10,2000,10,150,500
3,"sigma_sq",1.00355377718805,1382.38880199021,1991.98840887209,TRUE,"spatial",10000,5001,10,2000,10,150,500
3,"eff_range",1.0065158432102,1080.3734481777,1617.89886162532,TRUE,"spatial",10000,5001,10,2000,10,150,500
3,"lp",1.00449827689606,1210.55076574825,1471.13191043751,TRUE,"spatial",10000,5001,10,2000,10,150,500
4,"tau_B_sq",1.00151438784133,894.395814624522,905.901858020182,TRUE,"spatial",10000,5001,10,2000,10,150,500
4,"sigma_sq",1.0008762250558,1117.2484528189,1600.45887269526,TRUE,"spatial",10000,5001,10,2000,10,150,500
4,"eff_range",1.00340058293553,1025.5936537929,1386.52358079628,TRUE,"spatial",10000,5001,10,2000,10,150,500
4,"lp",1.00398295282059,1019.52983962809,1168.09826444831,TRUE,"spatial",10000,5001,10,2000,10,150,500
5,"tau_B_sq",1.00217037896607,1384.61080405957,1235.66413754728,TRUE,"spatial",10000,5001,10,2000,10,150,500
5,"sigma_sq",1.00287777661744,1339.5995002778,1910.44735089361,TRUE,"spatial",10000,5001,10,2000,10,150,500
5,"eff_range",1.00199108641913,1501.09809968952,1536.3350732973,TRUE,"spatial",10000,5001,10,2000,10,150,500
5,"lp",1.00343193411214,1236.85902570403,1745.06975426186,TRUE,"spatial",10000,5001,10,2000,10,150,500
1,"tau_B_sq",1.00197446086443,3970.5910573331,3890.97096732393,TRUE,"nonspatial",10000,5001,10,2000,10,150,500
1,"lp",1.00187834695459,2849.75746930012,2838.61990189964,TRUE,"nonspatial",10000,5001,10,2000,10,150,500
2,"tau_B_sq",1.00096113736503,3744.28349741708,3844.35282284145,TRUE,"nonspatial",10000,5001,10,2000,10,150,500
2,"lp",1.00094462420373,3006.57860655445,2503.98528811957,TRUE,"nonspatial",10000,5001,10,2000,10,150,500
3,"tau_B_sq",1.00186934149109,3966.75965492147,3791.66577961365,TRUE,"nonspatial",10000,5001,10,2000,10,150,500
3,"lp",1.00172692886278,2715.7028085406,2335.22033491832,TRUE,"nonspatial",10000,5001,10,2000,10,150,500
4,"tau_B_sq",1.00045696429503,3963.01370496621,3916.63094136003,TRUE,"nonspatial",10000,5001,10,2000,10,150,500
4,"lp",1.00068038537917,3119.7465809468,3403.97193433799,TRUE,"nonspatial",10000,5001,10,2000,10,150,500
5,"tau_B_sq",1.00097422501314,3742.59525360204,3732.47408253838,TRUE,"nonspatial",10000,5001,10,2000,10,150,500
5,"lp",1.00050656523139,2439.61713266298,2597.59358177702,TRUE,"nonspatial",10000,5001,10,2000,10,150,500
1,"tau_B_sq",1.00281490189431,1415.46745353368,1548.52483597682,TRUE,"spatial",10000,5001,10,2000,1,350,500
1,"sigma_sq",1.00514686950085,1527.84432017861,2142.52797208316,TRUE,"spatial",10000,5001,10,2000,1,350,500
1,"eff_range",1.0021805393064,1375.44115501847,1978.99041264999,TRUE,"spatial",10000,5001,10,2000,1,350,500
1,"lp",1.00386309551359,1453.86219758776,1777.56965748097,TRUE,"spatial",10000,5001,10,2000,1,350,500
2,"tau_B_sq",1.005564442542,1329.3218289524,1237.78226302326,TRUE,"spatial",10000,5001,10,2000,1,350,500
2,"sigma_sq",1.00399479501363,1556.99079116582,1977.62128692254,TRUE,"spatial",10000,5001,10,2000,1,350,500
2,"eff_range",1.00131693574721,1656.17470817179,2086.14231405341,TRUE,"spatial",10000,5001,10,2000,1,350,500
2,"lp",1.00670720371637,1351.01468838294,1600.87051660199,TRUE,"spatial",10000,5001,10,2000,1,350,500
3,"tau_B_sq",1.0022798245692,1489.81431499505,1310.36284739755,TRUE,"spatial",10000,5001,10,2000,1,350,500
3,"sigma_sq",1.00158062829985,1539.79457829907,1693.14695345867,TRUE,"spatial",10000,5001,10,2000,1,350,500
3,"eff_range",1.00262841888138,1350.62515988364,2025.79985675402,TRUE,"spatial",10000,5001,10,2000,1,350,500
3,"lp",1.00291403740954,1396.95652659584,1725.97014928039,TRUE,"spatial",10000,5001,10,2000,1,350,500
4,"tau_B_sq",1.0047647227426,1321.61323525428,1621.74140944811,TRUE,"spatial",10000,5001,10,2000,1,350,500
4,"sigma_sq",1.00269873495176,1470.70403216003,1823.97267246851,TRUE,"spatial",10000,5001,10,2000,1,350,500
4,"eff_range",1.0095191344379,1116.91876180317,1216.8761760857,TRUE,"spatial",10000,5001,10,2000,1,350,500
4,"lp",1.00377409383088,1128.42523463411,1577.14888861949,TRUE,"spatial",10000,5001,10,2000,1,350,500
5,"tau_B_sq",1.00294793914678,1413.94375038405,1488.17131817366,TRUE,"spatial",10000,5001,10,2000,1,350,500
5,"sigma_sq",1.00458513670332,1620.58140405534,1860.8945213839,TRUE,"spatial",10000,5001,10,2000,1,350,500
5,"eff_range",1.00361074818982,1642.79644463749,1979.60460058243,TRUE,"spatial",10000,5001,10,2000,1,350,500
5,"lp",1.0015688952194,1320.74308561038,1425.20287610219,TRUE,"spatial",10000,5001,10,2000,1,350,500
1,"tau_B_sq",1.00068816446166,3743.05498821886,4017.5616184915,TRUE,"nonspatial",10000,5001,10,2000,1,350,500
1,"lp",1.00046571497375,2957.72504246888,2846.13096588252,TRUE,"nonspatial",10000,5001,10,2000,1,350,500
2,"tau_B_sq",1.00160936888159,3706.99386432246,3862.24823200619,TRUE,"nonspatial",10000,5001,10,2000,1,350,500
2,"lp",1.00201580506644,3046.23874042617,3101.520994968,TRUE,"nonspatial",10000,5001,10,2000,1,350,500
3,"tau_B_sq",1.00182062995897,3688.7908069877,3531.26293746907,TRUE,"nonspatial",10000,5001,10,2000,1,350,500
3,"lp",1.00200089647307,3022.40758117762,3057.45318347383,TRUE,"nonspatial",10000,5001,10,2000,1,350,500
4,"tau_B_sq",1.00091260370603,3724.93874779895,4035.92029948431,TRUE,"nonspatial",10000,5001,10,2000,1,350,500
4,"lp",1.00184861208223,3007.8476770453,2990.19075852588,TRUE,"nonspatial",10000,5001,10,2000,1,350,500
5,"tau_B_sq",1.00116667929464,4037.61564505096,3947.90413672219,TRUE,"nonspatial",10000,5001,10,2000,1,350,500
5,"lp",1.00075098766087,3144.78538559974,3124.11124395522,TRUE,"nonspatial",10000,5001,10,2000,1,350,500
1,"tau_B_sq",1.00136062127389,1449.37078028899,1345.38366980505,TRUE,"spatial",10000,5001,10,2000,2,350,500
1,"sigma_sq",1.00260577870228,1537.80141862285,1665.79378675439,TRUE,"spatial",10000,5001,10,2000,2,350,500
1,"eff_range",1.00302325359477,1413.87637223772,1923.05739743469,TRUE,"spatial",10000,5001,10,2000,2,350,500
1,"lp",1.00410670107,1283.14434712917,1439.10886440853,TRUE,"spatial",10000,5001,10,2000,2,350,500
2,"tau_B_sq",1.00499848701795,1319.54430747134,971.05097535149,TRUE,"spatial",10000,5001,10,2000,2,350,500
2,"sigma_sq",1.00364234280523,1174.73625514688,1992.02872951659,TRUE,"spatial",10000,5001,10,2000,2,350,500
2,"eff_range",1.00256890364658,1549.54231271925,2261.88960597573,TRUE,"spatial",10000,5001,10,2000,2,350,500
2,"lp",1.0033068620764,1371.04649850974,1476.06349874656,TRUE,"spatial",10000,5001,10,2000,2,350,500
3,"tau_B_sq",1.00247768457342,1363.06998483899,1522.00580267855,TRUE,"spatial",10000,5001,10,2000,2,350,500
3,"sigma_sq",1.00393067443038,1329.5113363415,1665.0092940299,TRUE,"spatial",10000,5001,10,2000,2,350,500
3,"eff_range",1.00337538674205,1557.40351873293,1703.53061898265,TRUE,"spatial",10000,5001,10,2000,2,350,500
3,"lp",1.00207362300766,1210.65109672463,1586.81196815879,TRUE,"spatial",10000,5001,10,2000,2,350,500
4,"tau_B_sq",1.00246393965846,1510.08471643508,1420.74870913676,TRUE,"spatial",10000,5001,10,2000,2,350,500
4,"sigma_sq",1.00179730391815,1621.69839055517,2350.79881029007,TRUE,"spatial",10000,5001,10,2000,2,350,500
4,"eff_range",1.0020038845116,1602.59516966339,1840.66185043131,TRUE,"spatial",10000,5001,10,2000,2,350,500
4,"lp",1.00497815719591,1177.04808883929,1111.86015448801,TRUE,"spatial",10000,5001,10,2000,2,350,500
5,"tau_B_sq",1.0014963203786,1603.43846627763,1297.75997138712,TRUE,"spatial",10000,5001,10,2000,2,350,500
5,"sigma_sq",1.00332372193639,1465.92078478526,1841.57812993863,TRUE,"spatial",10000,5001,10,2000,2,350,500
5,"eff_range",1.00231163366612,1589.86748341765,1929.50217011728,TRUE,"spatial",10000,5001,10,2000,2,350,500
5,"lp",1.00605013636701,1346.80185278142,1583.99603450603,TRUE,"spatial",10000,5001,10,2000,2,350,500
1,"tau_B_sq",1.00093034752234,3804.84713238182,3513.67302775382,TRUE,"nonspatial",10000,5001,10,2000,2,350,500
1,"lp",1.00102873689136,2731.82426274525,2757.16008971408,TRUE,"nonspatial",10000,5001,10,2000,2,350,500
2,"tau_B_sq",1.00088962188496,3874.02314248887,3870.22565600689,TRUE,"nonspatial",10000,5001,10,2000,2,350,500
2,"lp",1.00078273753252,3020.63506395389,2943.01226583462,TRUE,"nonspatial",10000,5001,10,2000,2,350,500
3,"tau_B_sq",1.00208317747694,3956.0160986641,3631.28475832604,TRUE,"nonspatial",10000,5001,10,2000,2,350,500
3,"lp",1.00239679694637,3001.53165977522,2823.41997439815,TRUE,"nonspatial",10000,5001,10,2000,2,350,500
4,"tau_B_sq",1.00088991835771,4204.75293529185,4342.3890233162,TRUE,"nonspatial",10000,5001,10,2000,2,350,500
4,"lp",1.00058984911842,3056.09635872674,3333.9289959523,TRUE,"nonspatial",10000,5001,10,2000,2,350,500
5,"tau_B_sq",1.00125430867989,3299.41858696619,3659.51771588525,TRUE,"nonspatial",10000,5001,10,2000,2,350,500
5,"lp",1.00098566614734,2869.58311498564,2834.70054549739,TRUE,"nonspatial",10000,5001,10,2000,2,350,500
1,"tau_B_sq",1.00450255910694,1006.39560812999,848.721814303227,TRUE,"spatial",10000,5001,10,2000,3,350,500
1,"sigma_sq",1.00297549093988,1157.76593735255,1627.68395719838,TRUE,"spatial",10000,5001,10,2000,3,350,500
1,"eff_range",1.00230601247684,1092.02637468925,1793.69002656892,TRUE,"spatial",10000,5001,10,2000,3,350,500
1,"lp",1.00618600432335,1232.95583707458,1308.60738025166,TRUE,"spatial",10000,5001,10,2000,3,350,500
2,"tau_B_sq",1.00393397682348,1040.58361388163,604.070831945586,TRUE,"spatial",10000,5001,10,2000,3,350,500
2,"sigma_sq",1.00410766707794,1226.98536885867,1963.36662376005,TRUE,"spatial",10000,5001,10,2000,3,350,500
2,"eff_range",1.00231891022563,1371.87682033333,1888.44575174845,TRUE,"spatial",10000,5001,10,2000,3,350,500
2,"lp",1.00419132627211,1104.42489853042,1642.99769844838,TRUE,"spatial",10000,5001,10,2000,3,350,500
3,"tau_B_sq",1.00242367995575,1076.10943927052,949.501410896811,TRUE,"spatial",10000,5001,10,2000,3,350,500
3,"sigma_sq",1.00260790143707,1204.09033022307,1441.55884839012,TRUE,"spatial",10000,5001,10,2000,3,350,500
3,"eff_range",1.00452691112931,1264.00469390727,1794.41263719101,TRUE,"spatial",10000,5001,10,2000,3,350,500
3,"lp",1.00254161186755,1142.93824072107,1171.0751480692,TRUE,"spatial",10000,5001,10,2000,3,350,500
4,"tau_B_sq",1.00426984698361,974.638664735929,773.784125339639,TRUE,"spatial",10000,5001,10,2000,3,350,500
4,"sigma_sq",1.0048065212247,1017.64795287699,1361.14213696317,TRUE,"spatial",10000,5001,10,2000,3,350,500
4,"eff_range",1.00181559191782,1377.80883037495,2012.4242062716,TRUE,"spatial",10000,5001,10,2000,3,350,500
4,"lp",1.00445953241715,977.006095238013,1278.51232327826,TRUE,"spatial",10000,5001,10,2000,3,350,500
5,"tau_B_sq",1.00817187228061,936.308480321205,739.043711357199,TRUE,"spatial",10000,5001,10,2000,3,350,500
5,"sigma_sq",1.00579114515168,1240.15593193943,1576.16191115317,TRUE,"spatial",10000,5001,10,2000,3,350,500
5,"eff_range",1.00497962802474,1133.15600053725,1626.64112267477,TRUE,"spatial",10000,5001,10,2000,3,350,500
5,"lp",1.00306832162727,1048.41897894445,1258.69420937937,TRUE,"spatial",10000,5001,10,2000,3,350,500
1,"tau_B_sq",1.00081117874018,3554.70488363876,3928.65633089568,TRUE,"nonspatial",10000,5001,10,2000,3,350,500
1,"lp",1.00108806030009,2858.31334590192,2984.55740543994,TRUE,"nonspatial",10000,5001,10,2000,3,350,500
2,"tau_B_sq",1.00045563429552,3605.60176036683,3928.38554582599,TRUE,"nonspatial",10000,5001,10,2000,3,350,500
2,"lp",1.00083209830615,2905.89310110101,2930.73286995053,TRUE,"nonspatial",10000,5001,10,2000,3,350,500
3,"tau_B_sq",1.00234756836816,3763.4505311868,4102.12144583223,TRUE,"nonspatial",10000,5001,10,2000,3,350,500
3,"lp",1.00315841952808,3003.83210559157,3077.75355961875,TRUE,"nonspatial",10000,5001,10,2000,3,350,500
4,"tau_B_sq",1.0004392105499,3548.29351049821,4320.44702055684,TRUE,"nonspatial",10000,5001,10,2000,3,350,500
4,"lp",1.00089867262787,2810.05568661662,2972.98321000583,TRUE,"nonspatial",10000,5001,10,2000,3,350,500
5,"tau_B_sq",1.00120845337293,4078.68893748263,3363.51416546397,TRUE,"nonspatial",10000,5001,10,2000,3,350,500
5,"lp",1.00340195172684,2652.30446945573,2658.5104375723,TRUE,"nonspatial",10000,5001,10,2000,3,350,500
1,"tau_B_sq",1.00200656624371,1619.24160616844,2166.94577802062,TRUE,"spatial",20000,10001,20,2000,4,350,500
1,"sigma_sq",1.00250814063187,2593.69574900069,2732.68290135511,TRUE,"spatial",20000,10001,20,2000,4,350,500
1,"eff_range",1.0015641627217,1746.98136853759,1167.02421013862,TRUE,"spatial",20000,10001,20,2000,4,350,500
1,"lp",1.00199060958988,1512.65008291275,2437.04610832315,TRUE,"spatial",20000,10001,20,2000,4,350,500
2,"tau_B_sq",1.00174709049224,1720.89405730658,2030.90132890203,TRUE,"spatial",20000,10001,20,2000,4,350,500
2,"sigma_sq",1.00160513460836,2217.43800876773,2959.40813918378,TRUE,"spatial",20000,10001,20,2000,4,350,500
2,"eff_range",1.00195276853787,2127.66108172579,2903.02972587623,TRUE,"spatial",20000,10001,20,2000,4,350,500
2,"lp",1.00170640000453,1720.45086552545,1663.64639875216,TRUE,"spatial",20000,10001,20,2000,4,350,500
3,"tau_B_sq",1.00050603421443,1882.36173260769,1750.08993746176,TRUE,"spatial",20000,10001,20,2000,4,350,500
3,"sigma_sq",1.00146047993889,2017.4136762144,3208.74739523145,TRUE,"spatial",20000,10001,20,2000,4,350,500
3,"eff_range",1.00160197898653,2530.05172846853,3346.38777079666,TRUE,"spatial",20000,10001,20,2000,4,350,500
3,"lp",1.00193625756038,1870.38694773898,1671.7764641425,TRUE,"spatial",20000,10001,20,2000,4,350,500
4,"tau_B_sq",1.00114419426331,2222.69848892107,2660.67356806549,TRUE,"spatial",20000,10001,20,2000,4,350,500
4,"sigma_sq",1.00136692522562,2558.43599958873,2785.44207659715,TRUE,"spatial",20000,10001,20,2000,4,350,500
4,"eff_range",1.00104508373866,2368.33614230711,1748.19110988125,TRUE,"spatial",20000,10001,20,2000,4,350,500
4,"lp",1.00160851982272,1659.90264009505,2354.66289480279,TRUE,"spatial",20000,10001,20,2000,4,350,500
5,"tau_B_sq",1.00166728606119,2100.56471286741,2020.07795413877,TRUE,"spatial",20000,10001,20,2000,4,350,500
5,"sigma_sq",1.00092855875537,2777.18066430066,2769.41783696033,TRUE,"spatial",20000,10001,20,2000,4,350,500
5,"eff_range",1.00249441049171,2232.89709801499,1267.7014130645,TRUE,"spatial",20000,10001,20,2000,4,350,500
5,"lp",1.00509449425488,1611.18876068245,2025.56514230489,TRUE,"spatial",20000,10001,20,2000,4,350,500
1,"tau_B_sq",1.00087673158187,3603.14747174924,3938.89362545439,TRUE,"nonspatial",10000,5001,10,2000,4,350,500
1,"lp",1.00110479334053,2924.6803036867,2564.25306104948,TRUE,"nonspatial",10000,5001,10,2000,4,350,500
2,"tau_B_sq",1.00155288356553,3931.52008737232,3918.98570464231,TRUE,"nonspatial",10000,5001,10,2000,4,350,500
2,"lp",1.00341318181718,3130.67533074203,2995.79984784478,TRUE,"nonspatial",10000,5001,10,2000,4,350,500
3,"tau_B_sq",1.00165459095275,3620.77642584546,3905.14949007654,TRUE,"nonspatial",10000,5001,10,2000,4,350,500
3,"lp",1.00222026641986,2629.98743387098,2703.42815529709,TRUE,"nonspatial",10000,5001,10,2000,4,350,500
4,"tau_B_sq",1.00396822142358,3771.38154225446,3764.49312412948,TRUE,"nonspatial",10000,5001,10,2000,4,350,500
4,"lp",1.00372049734022,2981.36107368293,3018.08102254398,TRUE,"nonspatial",10000,5001,10,2000,4,350,500
5,"tau_B_sq",1.00166185649397,4031.96971171757,4350.1819717986,TRUE,"nonspatial",10000,5001,10,2000,4,350,500
5,"lp",1.00141190203923,3088.70413429927,2584.2377411336,TRUE,"nonspatial",10000,5001,10,2000,4,350,500
1,"tau_B_sq",1.00188589567531,1498.97285754217,1298.0064591344,TRUE,"spatial",10000,5001,10,2000,5,350,500
1,"sigma_sq",1.0002889888083,1375.99874112719,1849.76023465887,TRUE,"spatial",10000,5001,10,2000,5,350,500
1,"eff_range",1.00307394857842,1255.71275864062,1665.92311362747,TRUE,"spatial",10000,5001,10,2000,5,350,500
1,"lp",1.00469266270561,1128.54219869102,1162.77937333118,TRUE,"spatial",10000,5001,10,2000,5,350,500
2,"tau_B_sq",1.00402097686144,944.250373589041,627.063544836023,TRUE,"spatial",10000,5001,10,2000,5,350,500
2,"sigma_sq",1.00421601946797,1085.90645363279,1550.94760297265,TRUE,"spatial",10000,5001,10,2000,5,350,500
2,"eff_range",1.00259126387,1465.7781585276,1925.1998097023,TRUE,"spatial",10000,5001,10,2000,5,350,500
2,"lp",1.00279566218684,1250.82823783973,1422.56860444712,TRUE,"spatial",10000,5001,10,2000,5,350,500
3,"tau_B_sq",1.0039862311671,1380.44443981083,1329.13991249287,TRUE,"spatial",10000,5001,10,2000,5,350,500
3,"sigma_sq",1.00241624349377,1595.4513555094,2277.89386131922,TRUE,"spatial",10000,5001,10,2000,5,350,500
3,"eff_range",1.00204026045746,1367.80461999742,2016.03280287685,TRUE,"spatial",10000,5001,10,2000,5,350,500
3,"lp",1.00279764406811,1201.70616705207,1316.27849294604,TRUE,"spatial",10000,5001,10,2000,5,350,500
4,"tau_B_sq",1.00611120886145,1199.83335963084,1114.75742997762,TRUE,"spatial",10000,5001,10,2000,5,350,500
4,"sigma_sq",1.0058891407572,1119.97470574816,1762.12404318764,TRUE,"spatial",10000,5001,10,2000,5,350,500
4,"eff_range",1.00299998951789,1481.02993962128,1990.27264902638,TRUE,"spatial",10000,5001,10,2000,5,350,500
4,"lp",1.0038348942954,1189.3256444177,1337.40148622718,TRUE,"spatial",10000,5001,10,2000,5,350,500
5,"tau_B_sq",1.00345985320324,1388.44593452215,1158.44850942293,TRUE,"spatial",10000,5001,10,2000,5,350,500
5,"sigma_sq",1.00240996350394,1277.6735533707,1765.64908658378,TRUE,"spatial",10000,5001,10,2000,5,350,500
5,"eff_range",1.00603244347137,1406.2148543656,2147.25084968821,TRUE,"spatial",10000,5001,10,2000,5,350,500
5,"lp",1.0072821679287,1387.69962296899,1375.98346466717,TRUE,"spatial",10000,5001,10,2000,5,350,500
1,"tau_B_sq",1.00170227585545,4002.92967829833,3875.55720659304,TRUE,"nonspatial",10000,5001,10,2000,5,350,500
1,"lp",1.00156209647437,2648.06120014501,3100.21989534133,TRUE,"nonspatial",10000,5001,10,2000,5,350,500
2,"tau_B_sq",1.00131407273225,3813.25520874348,3893.02833957722,TRUE,"nonspatial",10000,5001,10,2000,5,350,500
2,"lp",1.00259847448292,2800.93350583203,2909.20675581953,TRUE,"nonspatial",10000,5001,10,2000,5,350,500
3,"tau_B_sq",1.00027458135619,4319.12097530592,4870.7543237092,TRUE,"nonspatial",10000,5001,10,2000,5,350,500
3,"lp",1.00139264733705,2920.57812514609,3142.37544720765,TRUE,"nonspatial",10000,5001,10,2000,5,350,500
4,"tau_B_sq",1.00109800624937,3554.0171564893,4003.17863298681,TRUE,"nonspatial",10000,5001,10,2000,5,350,500
4,"lp",1.00125563307253,2960.01039223561,3136.93114601192,TRUE,"nonspatial",10000,5001,10,2000,5,350,500
5,"tau_B_sq",1.00070893809909,4025.07826741348,4131.59158688601,TRUE,"nonspatial",10000,5001,10,2000,5,350,500
5,"lp",1.00124796302027,3014.88028413893,2714.35447238572,TRUE,"nonspatial",10000,5001,10,2000,5,350,500
1,"tau_B_sq",1.00091934735695,1291.95316443375,1016.81145645888,TRUE,"spatial",10000,5001,10,2000,6,350,500
1,"sigma_sq",1.00221291784391,1371.13882531242,1885.46042072296,TRUE,"spatial",10000,5001,10,2000,6,350,500
1,"eff_range",1.00111293948524,1414.72701132718,1830.85739871094,TRUE,"spatial",10000,5001,10,2000,6,350,500
1,"lp",1.00631565835742,1318.23866348406,1514.24449928117,TRUE,"spatial",10000,5001,10,2000,6,350,500
2,"tau_B_sq",1.00350928957952,1259.96431412509,892.9021566148,TRUE,"spatial",10000,5001,10,2000,6,350,500
2,"sigma_sq",1.00397449314106,1360.76524040304,1889.51364883573,TRUE,"spatial",10000,5001,10,2000,6,350,500
2,"eff_range",1.00459023908683,1588.49396747053,2064.04570412785,TRUE,"spatial",10000,5001,10,2000,6,350,500
2,"lp",1.00265426667513,1249.85049417333,1394.57876712769,TRUE,"spatial",10000,5001,10,2000,6,350,500
3,"tau_B_sq",1.00270324762807,1430.82646011243,1168.46258932587,TRUE,"spatial",10000,5001,10,2000,6,350,500
3,"sigma_sq",1.00251642672029,1356.31211158225,1780.23704571614,TRUE,"spatial",10000,5001,10,2000,6,350,500
3,"eff_range",1.0028007073332,1543.12538267699,1902.91020220198,TRUE,"spatial",10000,5001,10,2000,6,350,500
3,"lp",1.00340944385562,1384.38502741609,2036.76683847004,TRUE,"spatial",10000,5001,10,2000,6,350,500
4,"tau_B_sq",1.0034969875544,1510.62075766119,945.291368801694,TRUE,"spatial",10000,5001,10,2000,6,350,500
4,"sigma_sq",1.00608923094414,1623.95845353339,2362.2210415027,TRUE,"spatial",10000,5001,10,2000,6,350,500
4,"eff_range",1.00227525610054,1453.87508441444,1636.31173782342,TRUE,"spatial",10000,5001,10,2000,6,350,500
4,"lp",1.00404567899738,1365.20484300265,1480.54411835585,TRUE,"spatial",10000,5001,10,2000,6,350,500
5,"tau_B_sq",1.00109291871829,1078.79550395071,931.751896908327,TRUE,"spatial",10000,5001,10,2000,6,350,500
5,"sigma_sq",1.00281131079506,1320.45123451527,2038.580451726,TRUE,"spatial",10000,5001,10,2000,6,350,500
5,"eff_range",1.00362242180109,1195.06354422693,1499.61085126951,TRUE,"spatial",10000,5001,10,2000,6,350,500
5,"lp",1.00302403933309,1128.01377766569,1397.45881697441,TRUE,"spatial",10000,5001,10,2000,6,350,500
1,"tau_B_sq",1.00082318029961,4082.22673592151,3897.93093955276,TRUE,"nonspatial",10000,5001,10,2000,6,350,500
1,"lp",1.00194674701765,2511.12941639706,2772.66235414001,TRUE,"nonspatial",10000,5001,10,2000,6,350,500
2,"tau_B_sq",1.00159833152949,3472.23996652577,3853.56732485334,TRUE,"nonspatial",10000,5001,10,2000,6,350,500
2,"lp",1.00182928895974,2768.11224760239,2740.82548987564,TRUE,"nonspatial",10000,5001,10,2000,6,350,500
3,"tau_B_sq",1.00153585716208,4127.95194481528,4244.17170558608,TRUE,"nonspatial",10000,5001,10,2000,6,350,500
3,"lp",1.00140227748675,3069.31051681901,2800.60663737425,TRUE,"nonspatial",10000,5001,10,2000,6,350,500
4,"tau_B_sq",1.00145182843085,3862.57733984966,2805.75770707604,TRUE,"nonspatial",10000,5001,10,2000,6,350,500
4,"lp",1.00030158392986,2532.15937589388,2746.23440744951,TRUE,"nonspatial",10000,5001,10,2000,6,350,500
5,"tau_B_sq",1.00103199608504,3865.41540371198,3971.80527022215,TRUE,"nonspatial",10000,5001,10,2000,6,350,500
5,"lp",1.00069120457126,3122.24077018175,3088.4546904192,TRUE,"nonspatial",10000,5001,10,2000,6,350,500
1,"tau_B_sq",1.00241989661647,1181.9155133118,1034.96842894798,TRUE,"spatial",10000,5001,10,2000,7,350,500
1,"sigma_sq",1.00387527779824,1289.49887684016,1761.37541338581,TRUE,"spatial",10000,5001,10,2000,7,350,500
1,"eff_range",1.00339118809469,1154.42186241466,1687.86253694218,TRUE,"spatial",10000,5001,10,2000,7,350,500
1,"lp",1.00175286916435,1245.37015871177,1184.97965152666,TRUE,"spatial",10000,5001,10,2000,7,350,500
2,"tau_B_sq",1.00378505305325,1106.72094381158,1058.63142259395,TRUE,"spatial",10000,5001,10,2000,7,350,500
2,"sigma_sq",1.00233639472889,977.46383342062,1600.30348393572,TRUE,"spatial",10000,5001,10,2000,7,350,500
2,"eff_range",1.00108434097769,1148.60439724859,1887.97321000219,TRUE,"spatial",10000,5001,10,2000,7,350,500
2,"lp",1.00320541211058,1296.33236404565,1515.98287465615,TRUE,"spatial",10000,5001,10,2000,7,350,500
3,"tau_B_sq",1.00167917822359,1688.96988439927,1602.50143258414,TRUE,"spatial",10000,5001,10,2000,7,350,500
3,"sigma_sq",1.00171827398651,1669.59259333894,2365.759647572,TRUE,"spatial",10000,5001,10,2000,7,350,500
3,"eff_range",1.00263957743676,1464.46205766593,1579.94531379998,TRUE,"spatial",10000,5001,10,2000,7,350,500
3,"lp",1.00259761207063,1444.40625371674,1749.78222905485,TRUE,"spatial",10000,5001,10,2000,7,350,500
4,"tau_B_sq",1.0045060874649,1194.54859072386,904.867289489427,TRUE,"spatial",10000,5001,10,2000,7,350,500
4,"sigma_sq",1.00201954114593,1191.24026838644,2004.41329683045,TRUE,"spatial",10000,5001,10,2000,7,350,500
4,"eff_range",1.00249736696816,1398.90691498578,2109.11457974901,TRUE,"spatial",10000,5001,10,2000,7,350,500
4,"lp",1.0030689330545,1353.00832543233,1735.8705412177,TRUE,"spatial",10000,5001,10,2000,7,350,500
5,"tau_B_sq",1.00217794171216,1190.13720128196,840.321923792407,TRUE,"spatial",10000,5001,10,2000,7,350,500
5,"sigma_sq",1.0031568392882,1289.89555013545,1768.66288528246,TRUE,"spatial",10000,5001,10,2000,7,350,500
5,"eff_range",1.00123161034339,1369.99512457703,1745.39938094209,TRUE,"spatial",10000,5001,10,2000,7,350,500
5,"lp",1.00284707031906,1110.02423408025,1409.46985495332,TRUE,"spatial",10000,5001,10,2000,7,350,500
1,"tau_B_sq",1.00154487730681,3869.57956003747,4322.38514150934,TRUE,"nonspatial",10000,5001,10,2000,7,350,500
1,"lp",1.00094732805522,3110.42150587292,2610.57775239731,TRUE,"nonspatial",10000,5001,10,2000,7,350,500
2,"tau_B_sq",1.00093151541575,3790.79615864663,4140.97614880529,TRUE,"nonspatial",10000,5001,10,2000,7,350,500
2,"lp",1.0005085396232,2851.96724413949,3050.6311067938,TRUE,"nonspatial",10000,5001,10,2000,7,350,500
3,"tau_B_sq",1.00095246327042,4123.50080519644,4007.70261842682,TRUE,"nonspatial",10000,5001,10,2000,7,350,500
3,"lp",1.00122335126238,2915.11697845255,2946.18812967439,TRUE,"nonspatial",10000,5001,10,2000,7,350,500
4,"tau_B_sq",1.00225918219274,3583.34580660924,3749.13193187376,TRUE,"nonspatial",10000,5001,10,2000,7,350,500
4,"lp",1.00201234072671,2965.51609797443,2632.53904957026,TRUE,"nonspatial",10000,5001,10,2000,7,350,500
5,"tau_B_sq",1.00125342968677,3990.36876770016,4175.46272741671,TRUE,"nonspatial",10000,5001,10,2000,7,350,500
5,"lp",1.00150226102625,2743.0691901132,2591.0770144555,TRUE,"nonspatial",10000,5001,10,2000,7,350,500
1,"tau_B_sq",1.00386830124393,1342.52672480536,1249.56643050385,TRUE,"spatial",10000,5001,10,2000,8,350,500
1,"sigma_sq",1.00148712551268,1285.93796191056,1712.03217383419,TRUE,"spatial",10000,5001,10,2000,8,350,500
1,"eff_range",1.00242838307793,1435.79371506548,2068.34290967351,TRUE,"spatial",10000,5001,10,2000,8,350,500
1,"lp",1.00575330869402,1190.49172552776,1462.75204238874,TRUE,"spatial",10000,5001,10,2000,8,350,500
2,"tau_B_sq",1.00078743597748,1747.31806790104,1832.88002949364,TRUE,"spatial",10000,5001,10,2000,8,350,500
2,"sigma_sq",1.00226361189594,1545.14877838972,1928.84198476432,TRUE,"spatial",10000,5001,10,2000,8,350,500
2,"eff_range",1.00201673509594,1547.47408030997,2178.15257716869,TRUE,"spatial",10000,5001,10,2000,8,350,500
2,"lp",1.00290839330566,1306.19540911297,1758.25618932468,TRUE,"spatial",10000,5001,10,2000,8,350,500
3,"tau_B_sq",1.00427986490707,1159.6620204666,970.555430305955,TRUE,"spatial",10000,5001,10,2000,8,350,500
3,"sigma_sq",1.00397159681578,1432.91605644033,1628.96622360917,TRUE,"spatial",10000,5001,10,2000,8,350,500
3,"eff_range",1.0039425896242,1578.11723412678,1620.98479177691,TRUE,"spatial",10000,5001,10,2000,8,350,500
3,"lp",1.0023025250644,1164.17641139219,1467.97838554227,TRUE,"spatial",10000,5001,10,2000,8,350,500
4,"tau_B_sq",1.00107319328636,1403.27219282361,1594.5438926174,TRUE,"spatial",10000,5001,10,2000,8,350,500
4,"sigma_sq",1.00095377228741,1400.52476585831,1754.61784936295,TRUE,"spatial",10000,5001,10,2000,8,350,500
4,"eff_range",1.00235089680301,1267.78889503836,1642.69070398032,TRUE,"spatial",10000,5001,10,2000,8,350,500
4,"lp",1.00251528017242,990.931280461096,1365.77686977322,TRUE,"spatial",10000,5001,10,2000,8,350,500
5,"tau_B_sq",1.00073319302722,1422.6959782207,1334.76791911725,TRUE,"spatial",10000,5001,10,2000,8,350,500
5,"sigma_sq",1.00174149374395,1461.69185926528,1697.23647596444,TRUE,"spatial",10000,5001,10,2000,8,350,500
5,"eff_range",1.00102098302236,1423.74817646127,1397.1427204756,TRUE,"spatial",10000,5001,10,2000,8,350,500
5,"lp",1.00172388196776,1340.23883751319,1459.89517568573,TRUE,"spatial",10000,5001,10,2000,8,350,500
1,"tau_B_sq",1.00104537399149,3938.17519660921,3831.41352500676,TRUE,"nonspatial",10000,5001,10,2000,8,350,500
1,"lp",1.00075302289644,2886.14348431441,3045.96612677601,TRUE,"nonspatial",10000,5001,10,2000,8,350,500
2,"tau_B_sq",1.00162070310392,3921.62003627474,4239.58690613368,TRUE,"nonspatial",10000,5001,10,2000,8,350,500
2,"lp",1.00168132414422,3020.35755372677,2946.76503586726,TRUE,"nonspatial",10000,5001,10,2000,8,350,500
3,"tau_B_sq",1.00330623940312,3747.14700519008,4216.695610307,TRUE,"nonspatial",10000,5001,10,2000,8,350,500
3,"lp",1.00323770834572,2838.37880485342,2672.44344446941,TRUE,"nonspatial",10000,5001,10,2000,8,350,500
4,"tau_B_sq",1.0020839853942,3792.9607628491,3533.92081852038,TRUE,"nonspatial",10000,5001,10,2000,8,350,500
4,"lp",1.00206667873851,2705.6690191783,2326.07351802124,TRUE,"nonspatial",10000,5001,10,2000,8,350,500
5,"tau_B_sq",1.00431272054054,3617.4530025227,3487.50119207857,TRUE,"nonspatial",10000,5001,10,2000,8,350,500
5,"lp",1.00434789028218,2892.16172505739,2662.65781494903,TRUE,"nonspatial",10000,5001,10,2000,8,350,500
1,"tau_B_sq",1.00411326395706,2197.03286625052,2239.10166874603,TRUE,"spatial",20000,10001,20,2000,9,350,500
1,"sigma_sq",1.00235104882095,2522.620071518,2602.75973500306,TRUE,"spatial",20000,10001,20,2000,9,350,500
1,"eff_range",1.00237647420093,2480.63086435946,3752.00319974979,TRUE,"spatial",20000,10001,20,2000,9,350,500
1,"lp",1.00187750037791,2304.6016190458,2387.82699761341,TRUE,"spatial",20000,10001,20,2000,9,350,500
2,"tau_B_sq",1.00281852933364,1594.24202297901,2668.83544068467,TRUE,"spatial",20000,10001,20,2000,9,350,500
2,"sigma_sq",1.0024753887338,1900.59730004695,2679.94850562792,TRUE,"spatial",20000,10001,20,2000,9,350,500
2,"eff_range",1.00305647762274,2547.42638421424,2556.37463112541,TRUE,"spatial",20000,10001,20,2000,9,350,500
2,"lp",1.00562977784657,1462.5419606622,1826.68775029239,TRUE,"spatial",20000,10001,20,2000,9,350,500
3,"tau_B_sq",1.00311056506225,1793.18526227615,1687.30134785382,TRUE,"spatial",20000,10001,20,2000,9,350,500
3,"sigma_sq",1.00279893858359,2258.27081779234,2973.06214905657,TRUE,"spatial",20000,10001,20,2000,9,350,500
3,"eff_range",1.00233338337954,2225.9468960244,2528.56424639458,TRUE,"spatial",20000,10001,20,2000,9,350,500
3,"lp",1.00259639377296,1958.31079671315,1930.67566313857,TRUE,"spatial",20000,10001,20,2000,9,350,500
4,"tau_B_sq",1.00178026490954,2085.01184702246,1858.21238145772,TRUE,"spatial",20000,10001,20,2000,9,350,500
4,"sigma_sq",1.00193395087708,2211.90865751727,2553.51460261117,TRUE,"spatial",20000,10001,20,2000,9,350,500
4,"eff_range",1.00241091452019,2474.25411712005,4168.33739999623,TRUE,"spatial",20000,10001,20,2000,9,350,500
4,"lp",1.00135519762922,2019.36203741786,1645.70190189416,TRUE,"spatial",20000,10001,20,2000,9,350,500
5,"tau_B_sq",1.00155211109523,2079.44376305245,1640.562452968,TRUE,"spatial",20000,10001,20,2000,9,350,500
5,"sigma_sq",1.00188647784479,2444.20894576422,3536.44639571323,TRUE,"spatial",20000,10001,20,2000,9,350,500
5,"eff_range",1.00193936127537,2401.09464422584,3322.65389249466,TRUE,"spatial",20000,10001,20,2000,9,350,500
5,"lp",1.0014401111489,2207.49205833222,1825.92043437047,TRUE,"spatial",20000,10001,20,2000,9,350,500
1,"tau_B_sq",1.00219200499308,3986.20515857256,4240.24945306416,TRUE,"nonspatial",10000,5001,10,2000,9,350,500
1,"lp",1.00162666754038,3106.16333575607,2659.9469463379,TRUE,"nonspatial",10000,5001,10,2000,9,350,500
2,"tau_B_sq",1.00134287853383,3584.2794996789,3629.50320321085,TRUE,"nonspatial",10000,5001,10,2000,9,350,500
2,"lp",1.00158849905948,2711.0601434913,2771.03761210574,TRUE,"nonspatial",10000,5001,10,2000,9,350,500
3,"tau_B_sq",1.00056005654142,3874.76662234771,4020.89645349905,TRUE,"nonspatial",10000,5001,10,2000,9,350,500
3,"lp",1.00234652467167,2960.13454192242,2804.71811699044,TRUE,"nonspatial",10000,5001,10,2000,9,350,500
4,"tau_B_sq",1.00080978249512,3518.49253299052,3380.38498392918,TRUE,"nonspatial",10000,5001,10,2000,9,350,500
4,"lp",1.00039953685781,2798.595761042,2870.31447184332,TRUE,"nonspatial",10000,5001,10,2000,9,350,500
5,"tau_B_sq",1.00054371922105,3623.95934721231,3855.59294198465,TRUE,"nonspatial",10000,5001,10,2000,9,350,500
5,"lp",1.00084293359923,3017.68859414536,3002.15156758582,TRUE,"nonspatial",10000,5001,10,2000,9,350,500
1,"tau_B_sq",1.00733854904901,929.558348062144,1222.38795699442,TRUE,"spatial",10000,5001,10,2000,10,350,500
1,"sigma_sq",1.00214609957939,1323.87124274675,1925.48077306367,TRUE,"spatial",10000,5001,10,2000,10,350,500
1,"eff_range",1.0050932925046,1161.94349204677,1123.51301736276,TRUE,"spatial",10000,5001,10,2000,10,350,500
1,"lp",1.00567213904366,936.58994344908,1062.49059926936,TRUE,"spatial",10000,5001,10,2000,10,350,500
2,"tau_B_sq",1.00600600065859,947.114761864539,1134.15583919418,TRUE,"spatial",10000,5001,10,2000,10,350,500
2,"sigma_sq",1.00230248730255,1160.42881407912,1534.20905526044,TRUE,"spatial",10000,5001,10,2000,10,350,500
2,"eff_range",1.00662720114976,1248.93814202687,1631.68247013702,TRUE,"spatial",10000,5001,10,2000,10,350,500
2,"lp",1.00236768020838,1085.11429745201,954.411936096908,TRUE,"spatial",10000,5001,10,2000,10,350,500
3,"tau_B_sq",1.00370466457147,956.399881537591,1167.69805138829,TRUE,"spatial",10000,5001,10,2000,10,350,500
3,"sigma_sq",1.00303429378637,1269.08856437642,1797.55347865658,TRUE,"spatial",10000,5001,10,2000,10,350,500
3,"eff_range",1.00306333322253,1155.34214570255,1526.38200935989,TRUE,"spatial",10000,5001,10,2000,10,350,500
3,"lp",1.00515666942317,951.520574759758,1104.19791730601,TRUE,"spatial",10000,5001,10,2000,10,350,500
4,"tau_B_sq",1.00276069632724,1721.58068260618,2183.67973599781,TRUE,"spatial",10000,5001,10,2000,10,350,500
4,"sigma_sq",1.00285119887723,1721.50691126252,2283.09528363503,TRUE,"spatial",10000,5001,10,2000,10,350,500
4,"eff_range",1.00160810049696,1557.92146161203,1887.22245876375,TRUE,"spatial",10000,5001,10,2000,10,350,500
4,"lp",1.00383575719638,1272.93866378436,1571.13604447773,TRUE,"spatial",10000,5001,10,2000,10,350,500
5,"tau_B_sq",1.00930257830153,842.529200518215,1116.42716083471,TRUE,"spatial",10000,5001,10,2000,10,350,500
5,"sigma_sq",1.00228286768919,1118.23016769619,1798.7788600095,TRUE,"spatial",10000,5001,10,2000,10,350,500
5,"eff_range",1.00307938961997,996.773718970343,1349.65462342275,TRUE,"spatial",10000,5001,10,2000,10,350,500
5,"lp",1.00492826730737,764.041371187893,773.168603854821,TRUE,"spatial",10000,5001,10,2000,10,350,500
1,"tau_B_sq",1.00221398114314,3928.68156011801,4257.97478723523,TRUE,"nonspatial",10000,5001,10,2000,10,350,500
1,"lp",1.00031041040509,3014.56671250849,2318.32169110103,TRUE,"nonspatial",10000,5001,10,2000,10,350,500
2,"tau_B_sq",1.00038885847362,3928.89509273555,4184.14420779609,TRUE,"nonspatial",10000,5001,10,2000,10,350,500
2,"lp",1.00069175240096,3132.73301903575,3069.56187961369,TRUE,"nonspatial",10000,5001,10,2000,10,350,500
3,"tau_B_sq",1.00151149916735,3629.95173822822,4011.71416113956,TRUE,"nonspatial",10000,5001,10,2000,10,350,500
3,"lp",1.00146402636244,2574.11959921425,2610.14609316762,TRUE,"nonspatial",10000,5001,10,2000,10,350,500
4,"tau_B_sq",1.00114789755515,3952.23636718927,3717.29963769086,TRUE,"nonspatial",10000,5001,10,2000,10,350,500
4,"lp",1.00163356900924,2861.02682761728,2750.28334886461,TRUE,"nonspatial",10000,5001,10,2000,10,350,500
5,"tau_B_sq",1.00164077229845,3859.565359152,3734.44821662089,TRUE,"nonspatial",10000,5001,10,2000,10,350,500
5,"lp",1.00102221606039,2813.32847339947,2940.14443458355,TRUE,"nonspatial",10000,5001,10,2000,10,350,500
1,"tau_B_sq",1.00222707567353,1429.12387745986,1798.79487183548,TRUE,"spatial",10000,5001,10,2000,1,750,500
1,"sigma_sq",1.00090835560477,1665.46247903158,1788.83999174416,TRUE,"spatial",10000,5001,10,2000,1,750,500
1,"eff_range",1.00346377751428,1516.26216165338,1578.75359272933,TRUE,"spatial",10000,5001,10,2000,1,750,500
1,"lp",1.00357327251623,1238.89538093525,1283.79587763918,TRUE,"spatial",10000,5001,10,2000,1,750,500
2,"tau_B_sq",1.00729337070199,1196.72550065227,1654.51976594902,TRUE,"spatial",10000,5001,10,2000,1,750,500
2,"sigma_sq",1.00391238457249,1445.80514589207,2163.7588647803,TRUE,"spatial",10000,5001,10,2000,1,750,500
2,"eff_range",1.00556407403086,1242.11989441781,1826.49774709709,TRUE,"spatial",10000,5001,10,2000,1,750,500
2,"lp",1.00480786978478,1247.39167348484,1282.8114997228,TRUE,"spatial",10000,5001,10,2000,1,750,500
3,"tau_B_sq",1.00318035858126,1348.55529972325,1114.37538355332,TRUE,"spatial",10000,5001,10,2000,1,750,500
3,"sigma_sq",1.00524836984984,1424.44002373062,1614.83422488578,TRUE,"spatial",10000,5001,10,2000,1,750,500
3,"eff_range",1.0013727545038,1515.27058534985,1920.80919102515,TRUE,"spatial",10000,5001,10,2000,1,750,500
3,"lp",1.00533766342096,1211.66033953252,1549.70889140355,TRUE,"spatial",10000,5001,10,2000,1,750,500
4,"tau_B_sq",1.00217279149595,1225.48568177662,1227.24679591613,TRUE,"spatial",10000,5001,10,2000,1,750,500
4,"sigma_sq",1.00431628410941,1353.64390681444,1709.95508071181,TRUE,"spatial",10000,5001,10,2000,1,750,500
4,"eff_range",1.00066470249244,1470.84774275545,1907.85884626119,TRUE,"spatial",10000,5001,10,2000,1,750,500
4,"lp",1.0023107200958,1309.19988429767,1442.13013841684,TRUE,"spatial",10000,5001,10,2000,1,750,500
5,"tau_B_sq",1.00239078506114,1596.40908811284,1875.67387702152,TRUE,"spatial",10000,5001,10,2000,1,750,500
5,"sigma_sq",1.00326076410285,1472.27808427027,2152.62083029392,TRUE,"spatial",10000,5001,10,2000,1,750,500
5,"eff_range",1.00208012710337,1511.69270509797,1555.26014658209,TRUE,"spatial",10000,5001,10,2000,1,750,500
5,"lp",1.00178878200179,1083.39793479083,1557.57474703354,TRUE,"spatial",10000,5001,10,2000,1,750,500
1,"tau_B_sq",1.00078517546514,4191.60066314965,3915.49003763379,TRUE,"nonspatial",10000,5001,10,2000,1,750,500
1,"lp",1.0007989775882,2678.89569286932,2929.71651654488,TRUE,"nonspatial",10000,5001,10,2000,1,750,500
2,"tau_B_sq",1.00164208393374,3899.05762619624,3872.98911289587,TRUE,"nonspatial",10000,5001,10,2000,1,750,500
2,"lp",1.00180013321527,2757.98577812039,2764.74826134868,TRUE,"nonspatial",10000,5001,10,2000,1,750,500
3,"tau_B_sq",1.00090761313611,3798.23717013884,3892.85300754696,TRUE,"nonspatial",10000,5001,10,2000,1,750,500
3,"lp",1.00102523992604,3019.62981007185,2702.01916849905,TRUE,"nonspatial",10000,5001,10,2000,1,750,500
4,"tau_B_sq",1.00158668279429,3891.69576136687,4065.84007974352,TRUE,"nonspatial",10000,5001,10,2000,1,750,500
4,"lp",1.00100663034775,3095.17883775414,2963.44840492956,TRUE,"nonspatial",10000,5001,10,2000,1,750,500
5,"tau_B_sq",1.00351724465988,3741.15715768817,3797.93698886241,TRUE,"nonspatial",10000,5001,10,2000,1,750,500
5,"lp",1.00421637424829,2949.04362804419,2105.98947341889,TRUE,"nonspatial",10000,5001,10,2000,1,750,500
1,"tau_B_sq",1.00224599480671,1451.69047750998,1501.90701518452,TRUE,"spatial",10000,5001,10,2000,2,750,500
1,"sigma_sq",1.00362329849403,1404.12866758496,2001.44744304755,TRUE,"spatial",10000,5001,10,2000,2,750,500
1,"eff_range",1.0046952538726,1452.84595660308,2101.06304027755,TRUE,"spatial",10000,5001,10,2000,2,750,500
1,"lp",1.00174753916246,1232.3834605564,1521.42740252437,TRUE,"spatial",10000,5001,10,2000,2,750,500
2,"tau_B_sq",1.00443554241186,1487.46641010277,1333.16353538393,TRUE,"spatial",10000,5001,10,2000,2,750,500
2,"sigma_sq",1.00385488321508,1444.24288023411,1811.05783554724,TRUE,"spatial",10000,5001,10,2000,2,750,500
2,"eff_range",1.00201581942916,1552.88749522195,1861.74549685054,TRUE,"spatial",10000,5001,10,2000,2,750,500
2,"lp",1.0013550967683,1202.39836151461,1662.75690950156,TRUE,"spatial",10000,5001,10,2000,2,750,500
3,"tau_B_sq",1.00164851146405,1608.95923498062,1703.42733400714,TRUE,"spatial",10000,5001,10,2000,2,750,500
3,"sigma_sq",1.00326304825712,1595.3308286912,1855.47342999342,TRUE,"spatial",10000,5001,10,2000,2,750,500
3,"eff_range",1.00216934913928,1516.80509085677,1912.22866961794,TRUE,"spatial",10000,5001,10,2000,2,750,500
3,"lp",1.00186427546724,1229.5064595618,1395.40782483377,TRUE,"spatial",10000,5001,10,2000,2,750,500
4,"tau_B_sq",1.00348207701505,1474.20732651177,1613.65516748447,TRUE,"spatial",10000,5001,10,2000,2,750,500
4,"sigma_sq",1.00185091837924,1429.58865514972,1674.92711041258,TRUE,"spatial",10000,5001,10,2000,2,750,500
4,"eff_range",1.00176350203951,1668.40034391164,1898.81690577564,TRUE,"spatial",10000,5001,10,2000,2,750,500
4,"lp",1.00403858827453,1171.74970247821,1198.35917318941,TRUE,"spatial",10000,5001,10,2000,2,750,500
5,"tau_B_sq",1.00163499528423,1394.4235513231,1511.5738561239,TRUE,"spatial",10000,5001,10,2000,2,750,500
5,"sigma_sq",1.00169431697141,1613.67033987115,1716.47507090873,TRUE,"spatial",10000,5001,10,2000,2,750,500
5,"eff_range",1.001290382544,1653.43935402857,1948.07701224523,TRUE,"spatial",10000,5001,10,2000,2,750,500
5,"lp",1.00172866699008,1326.6122789448,1408.86080712406,TRUE,"spatial",10000,5001,10,2000,2,750,500
1,"tau_B_sq",1.00194417642338,3573.5493973359,3897.30865060753,TRUE,"nonspatial",10000,5001,10,2000,2,750,500
1,"lp",1.00180505279431,2940.4489219637,2792.82788332375,TRUE,"nonspatial",10000,5001,10,2000,2,750,500
2,"tau_B_sq",1.00149925454067,3681.16224167185,4197.17283084907,TRUE,"nonspatial",10000,5001,10,2000,2,750,500
2,"lp",1.00102866587791,2787.648393989,2894.70916595181,TRUE,"nonspatial",10000,5001,10,2000,2,750,500
3,"tau_B_sq",1.00057702295553,3682.39376979461,3898.76857182937,TRUE,"nonspatial",10000,5001,10,2000,2,750,500
3,"lp",1.00074114996307,3037.81379547849,2803.77935609392,TRUE,"nonspatial",10000,5001,10,2000,2,750,500
4,"tau_B_sq",1.00110770190092,3806.77264705505,3996.94112330871,TRUE,"nonspatial",10000,5001,10,2000,2,750,500
4,"lp",1.00196265857609,3054.46524579233,3259.22764416511,TRUE,"nonspatial",10000,5001,10,2000,2,750,500
5,"tau_B_sq",1.00045767252843,3748.96184812811,4130.32143351684,TRUE,"nonspatial",10000,5001,10,2000,2,750,500
5,"lp",1.00166661981775,2758.49607794246,3208.01549564581,TRUE,"nonspatial",10000,5001,10,2000,2,750,500
1,"tau_B_sq",1.00311441332539,954.369669282017,812.057383012887,TRUE,"spatial",10000,5001,10,2000,3,750,500
1,"sigma_sq",1.00166734007149,1349.69435062954,1795.01075889906,TRUE,"spatial",10000,5001,10,2000,3,750,500
1,"eff_range",1.00162406789787,1069.07331441363,1790.74215880434,TRUE,"spatial",10000,5001,10,2000,3,750,500
1,"lp",1.00537843857171,1091.40432846023,1146.32918664986,TRUE,"spatial",10000,5001,10,2000,3,750,500
2,"tau_B_sq",1.00113694250056,1243.19092436964,1270.16095480473,TRUE,"spatial",10000,5001,10,2000,3,750,500
2,"sigma_sq",1.00277484020788,1511.48569812172,1847.86168910372,TRUE,"spatial",10000,5001,10,2000,3,750,500
2,"eff_range",1.00178152564841,1302.61730521886,1563.49823195483,TRUE,"spatial",10000,5001,10,2000,3,750,500
2,"lp",1.00300338597533,1029.1064424411,1066.2453058294,TRUE,"spatial",10000,5001,10,2000,3,750,500
3,"tau_B_sq",1.00443101908407,819.488183481119,1136.36301923563,TRUE,"spatial",10000,5001,10,2000,3,750,500
3,"sigma_sq",1.00369238146107,1110.79053434694,1635.64628592258,TRUE,"spatial",10000,5001,10,2000,3,750,500
3,"eff_range",1.00372257415213,1225.50216941314,1555.18935166144,TRUE,"spatial",10000,5001,10,2000,3,750,500
3,"lp",1.00357613703248,909.541184480929,1078.42738191038,TRUE,"spatial",10000,5001,10,2000,3,750,500
4,"tau_B_sq",1.00394825455324,1048.31043964356,755.115851578271,TRUE,"spatial",10000,5001,10,2000,3,750,500
4,"sigma_sq",1.00200378266024,1240.38471463601,1988.05960699234,TRUE,"spatial",10000,5001,10,2000,3,750,500
4,"eff_range",1.00492419158312,1283.70228962642,1918.93275450705,TRUE,"spatial",10000,5001,10,2000,3,750,500
4,"lp",1.00367373447862,1184.75025009811,1119.99553419382,TRUE,"spatial",10000,5001,10,2000,3,750,500
5,"tau_B_sq",1.00533528015313,863.385612206019,981.143337440291,TRUE,"spatial",10000,5001,10,2000,3,750,500
5,"sigma_sq",1.00290912505626,1215.39782587045,1650.42083249894,TRUE,"spatial",10000,5001,10,2000,3,750,500
5,"eff_range",1.00403006390457,1145.90524210401,1302.9958044309,TRUE,"spatial",10000,5001,10,2000,3,750,500
5,"lp",1.00658446721501,869.271242015142,1119.21803099754,TRUE,"spatial",10000,5001,10,2000,3,750,500
1,"tau_B_sq",1.00094199534698,4056.66848517494,3113.59281067393,TRUE,"nonspatial",10000,5001,10,2000,3,750,500
1,"lp",1.00076764785833,2523.51326760262,2573.03884173002,TRUE,"nonspatial",10000,5001,10,2000,3,750,500
2,"tau_B_sq",1.00059453243222,3435.00754266703,3794.12052637684,TRUE,"nonspatial",10000,5001,10,2000,3,750,500
2,"lp",1.00066108635101,2791.63484048522,2596.79049581668,TRUE,"nonspatial",10000,5001,10,2000,3,750,500
3,"tau_B_sq",1.00210094020857,3838.75757009328,3915.88891610142,TRUE,"nonspatial",10000,5001,10,2000,3,750,500
3,"lp",1.00222036835356,2730.65431363154,2928.10543652062,TRUE,"nonspatial",10000,5001,10,2000,3,750,500
4,"tau_B_sq",1.00242158466834,3790.44119994915,4135.31962847146,TRUE,"nonspatial",10000,5001,10,2000,3,750,500
4,"lp",1.00242681753797,3069.62491440575,3021.51186461209,TRUE,"nonspatial",10000,5001,10,2000,3,750,500
5,"tau_B_sq",1.00145175641084,4032.44797662141,4074.16232274621,TRUE,"nonspatial",10000,5001,10,2000,3,750,500
5,"lp",1.00202030065214,2966.73360716729,3058.17545154073,TRUE,"nonspatial",10000,5001,10,2000,3,750,500
1,"tau_B_sq",1.00137860416896,1477.94537455602,1765.83061879394,TRUE,"spatial",10000,5001,10,2000,4,750,500
1,"sigma_sq",1.00113775510199,1485.29993160446,2123.14631000643,TRUE,"spatial",10000,5001,10,2000,4,750,500
1,"eff_range",1.00274203165784,1365.43893104643,1560.34225948155,TRUE,"spatial",10000,5001,10,2000,4,750,500
1,"lp",1.0024723873903,1182.72472592599,1478.73335205398,TRUE,"spatial",10000,5001,10,2000,4,750,500
2,"tau_B_sq",1.00113578067928,1270.73159484913,1674.46426018081,TRUE,"spatial",10000,5001,10,2000,4,750,500
2,"sigma_sq",1.00070478983304,1528.22766876025,1691.01263269349,TRUE,"spatial",10000,5001,10,2000,4,750,500
2,"eff_range",1.00364551457878,1347.21567768228,1352.05758109562,TRUE,"spatial",10000,5001,10,2000,4,750,500
2,"lp",1.00341619172412,1095.7698076112,1125.87169966838,TRUE,"spatial",10000,5001,10,2000,4,750,500
3,"tau_B_sq",1.00488656298681,1417.81360099747,1627.92907185928,TRUE,"spatial",10000,5001,10,2000,4,750,500
3,"sigma_sq",1.00241117073727,1709.08264310573,1715.84930397457,TRUE,"spatial",10000,5001,10,2000,4,750,500
3,"eff_range",1.00292952091582,1268.33911994096,1253.62006550453,TRUE,"spatial",10000,5001,10,2000,4,750,500
3,"lp",1.00427088175155,1065.40337658717,1093.49846616208,TRUE,"spatial",10000,5001,10,2000,4,750,500
4,"tau_B_sq",1.00190450771704,1490.90131877714,1805.33413234082,TRUE,"spatial",10000,5001,10,2000,4,750,500
4,"sigma_sq",1.00249022427817,1801.48463164276,2257.46690647591,TRUE,"spatial",10000,5001,10,2000,4,750,500
4,"eff_range",1.00286608995573,1554.36635631649,1774.91788653632,TRUE,"spatial",10000,5001,10,2000,4,750,500
4,"lp",1.00442230327296,1137.05119589435,990.007257483435,TRUE,"spatial",10000,5001,10,2000,4,750,500
5,"tau_B_sq",1.00168391113282,1304.08829495173,2076.42904449892,TRUE,"spatial",10000,5001,10,2000,4,750,500
5,"sigma_sq",1.00224372951209,1367.72696773453,2055.65369962865,TRUE,"spatial",10000,5001,10,2000,4,750,500
5,"eff_range",1.00526796059326,1363.8043268601,1640.903747682,TRUE,"spatial",10000,5001,10,2000,4,750,500
5,"lp",1.00298466653825,1197.6004114089,1481.24247703581,TRUE,"spatial",10000,5001,10,2000,4,750,500
1,"tau_B_sq",1.00308472398514,4304.34626487599,4410.00200229951,TRUE,"nonspatial",10000,5001,10,2000,4,750,500
1,"lp",1.00310879163727,2904.51681651314,2650.49074553203,TRUE,"nonspatial",10000,5001,10,2000,4,750,500
2,"tau_B_sq",1.00120767194246,3922.0921467701,3966.099896277,TRUE,"nonspatial",10000,5001,10,2000,4,750,500
2,"lp",1.00127820856476,2847.79555673045,2975.64495032477,TRUE,"nonspatial",10000,5001,10,2000,4,750,500
3,"tau_B_sq",1.00231487627521,3990.20113035458,3777.12903463321,TRUE,"nonspatial",10000,5001,10,2000,4,750,500
3,"lp",1.00170895922287,2751.40101416559,2707.7108528665,TRUE,"nonspatial",10000,5001,10,2000,4,750,500
4,"tau_B_sq",1.00129996735238,3797.48690132374,3742.58550589719,TRUE,"nonspatial",10000,5001,10,2000,4,750,500
4,"lp",1.00248079676214,2858.32394119615,2952.14848523919,TRUE,"nonspatial",10000,5001,10,2000,4,750,500
5,"tau_B_sq",1.00110882625853,3713.39749298151,3623.28196305527,TRUE,"nonspatial",10000,5001,10,2000,4,750,500
5,"lp",1.00255343066967,2555.09034319925,2536.4973451524,TRUE,"nonspatial",10000,5001,10,2000,4,750,500
1,"tau_B_sq",1.00242570965746,1370.25687574759,1461.38343939053,TRUE,"spatial",10000,5001,10,2000,5,750,500
1,"sigma_sq",1.00125281103545,1319.49132109783,2038.38827998237,TRUE,"spatial",10000,5001,10,2000,5,750,500
1,"eff_range",1.00301993280511,1410.07166602037,2034.87327998216,TRUE,"spatial",10000,5001,10,2000,5,750,500
1,"lp",1.00196416550186,1364.94326291305,1737.45618087506,TRUE,"spatial",10000,5001,10,2000,5,750,500
2,"tau_B_sq",1.00304914124476,1050.33927111359,1078.29979493374,TRUE,"spatial",10000,5001,10,2000,5,750,500
2,"sigma_sq",1.00191661751583,1290.99734783307,1275.91886865872,TRUE,"spatial",10000,5001,10,2000,5,750,500
2,"eff_range",1.00503952896006,931.501562788312,519.70258136979,TRUE,"spatial",10000,5001,10,2000,5,750,500
2,"lp",1.00290940632054,814.938860414664,1128.16841179912,TRUE,"spatial",10000,5001,10,2000,5,750,500
3,"tau_B_sq",1.0025043939884,1548.86754849244,1850.96782393902,TRUE,"spatial",10000,5001,10,2000,5,750,500
3,"sigma_sq",1.00201666019084,1376.02892490447,1847.73205319757,TRUE,"spatial",10000,5001,10,2000,5,750,500
3,"eff_range",1.00285525455807,1316.11375799231,1479.84074548264,TRUE,"spatial",10000,5001,10,2000,5,750,500
3,"lp",1.00236736292033,1358.60751088269,1411.84526824221,TRUE,"spatial",10000,5001,10,2000,5,750,500
4,"tau_B_sq",1.0027481513365,1464.22273904762,1498.59670603566,TRUE,"spatial",10000,5001,10,2000,5,750,500
4,"sigma_sq",1.00185231167764,1373.85338244792,2203.69277543867,TRUE,"spatial",10000,5001,10,2000,5,750,500
4,"eff_range",1.00521314008293,1319.41902312743,1910.35360965382,TRUE,"spatial",10000,5001,10,2000,5,750,500
4,"lp",1.00142470674509,1386.02966631258,1499.62768293932,TRUE,"spatial",10000,5001,10,2000,5,750,500
5,"tau_B_sq",1.00413857804262,1450.96289643145,1343.2995852474,TRUE,"spatial",10000,5001,10,2000,5,750,500
5,"sigma_sq",1.00151358694654,1589.05319153891,2219.2275732658,TRUE,"spatial",10000,5001,10,2000,5,750,500
5,"eff_range",1.002361205627,1471.6340394264,1635.68922134829,TRUE,"spatial",10000,5001,10,2000,5,750,500
5,"lp",1.00242683063729,1466.34133306118,1718.22638940524,TRUE,"spatial",10000,5001,10,2000,5,750,500
1,"tau_B_sq",1.00051341347187,3877.41660044215,3826.75392504135,TRUE,"nonspatial",10000,5001,10,2000,5,750,500
1,"lp",1.00127230653261,2958.7457959125,2993.69807094191,TRUE,"nonspatial",10000,5001,10,2000,5,750,500
2,"tau_B_sq",1.0007500490276,3900.13595131053,4354.57737137142,TRUE,"nonspatial",10000,5001,10,2000,5,750,500
2,"lp",1.00181810825937,3132.43215307531,3211.34540165834,TRUE,"nonspatial",10000,5001,10,2000,5,750,500
3,"tau_B_sq",1.00049349303713,3766.29253720332,4017.65429376381,TRUE,"nonspatial",10000,5001,10,2000,5,750,500
3,"lp",1.00052288577216,2897.03601403094,2940.12913782881,TRUE,"nonspatial",10000,5001,10,2000,5,750,500
4,"tau_B_sq",1.00203771013297,3896.76579504773,3852.80569144949,TRUE,"nonspatial",10000,5001,10,2000,5,750,500
4,"lp",1.00189276083492,2809.31087941566,2515.84284614746,TRUE,"nonspatial",10000,5001,10,2000,5,750,500
5,"tau_B_sq",1.00125174245036,4243.71821414696,3812.41159404928,TRUE,"nonspatial",10000,5001,10,2000,5,750,500
5,"lp",1.00145952003847,2835.19936252755,2563.14068388219,TRUE,"nonspatial",10000,5001,10,2000,5,750,500
1,"tau_B_sq",1.00248857034287,1186.12006490127,1008.27129191851,TRUE,"spatial",10000,5001,10,2000,6,750,500
1,"sigma_sq",1.00156261214791,1523.58533648656,2036.41116948443,TRUE,"spatial",10000,5001,10,2000,6,750,500
1,"eff_range",1.00362975019137,1135.53447753769,1910.96017723223,TRUE,"spatial",10000,5001,10,2000,6,750,500
1,"lp",1.0019447305245,1178.83631314426,1759.03167172518,TRUE,"spatial",10000,5001,10,2000,6,750,500
2,"tau_B_sq",1.00300845172487,1327.60927232215,1166.80177447578,TRUE,"spatial",10000,5001,10,2000,6,750,500
2,"sigma_sq",1.00184860808408,1463.31817246571,1856.63485481677,TRUE,"spatial",10000,5001,10,2000,6,750,500
2,"eff_range",1.00391777779204,1596.27597445201,1955.17032334321,TRUE,"spatial",10000,5001,10,2000,6,750,500
2,"lp",1.00385223357136,1122.93295502563,1166.43098861672,TRUE,"spatial",10000,5001,10,2000,6,750,500
3,"tau_B_sq",1.00868256113943,1440.74612741027,1434.38783297037,TRUE,"spatial",10000,5001,10,2000,6,750,500
3,"sigma_sq",1.00428402987546,1370.89650728399,1739.5207319241,TRUE,"spatial",10000,5001,10,2000,6,750,500
3,"eff_range",1.00781645598463,1214.00452410307,1772.08000150665,TRUE,"spatial",10000,5001,10,2000,6,750,500
3,"lp",1.00348123671183,1323.96227088234,1395.6923841414,TRUE,"spatial",10000,5001,10,2000,6,750,500
4,"tau_B_sq",1.0034187249478,1606.76006382648,1583.84913992808,TRUE,"spatial",10000,5001,10,2000,6,750,500
4,"sigma_sq",1.0037167776573,1369.9030796935,1962.65969047904,TRUE,"spatial",10000,5001,10,2000,6,750,500
4,"eff_range",1.00072473968564,1747.70280573859,2072.08942562298,TRUE,"spatial",10000,5001,10,2000,6,750,500
4,"lp",1.00192611126828,1339.80706050954,1707.57381621254,TRUE,"spatial",10000,5001,10,2000,6,750,500
5,"tau_B_sq",1.00515535644798,1236.34032710389,1146.15920971018,TRUE,"spatial",10000,5001,10,2000,6,750,500
5,"sigma_sq",1.00171718750345,1324.39228263467,2008.6996513798,TRUE,"spatial",10000,5001,10,2000,6,750,500
5,"eff_range",1.00563768265775,1095.46301650703,1502.31205573607,TRUE,"spatial",10000,5001,10,2000,6,750,500
5,"lp",1.00274914030056,1244.41882374313,1489.03146749424,TRUE,"spatial",10000,5001,10,2000,6,750,500
1,"tau_B_sq",1.00110755419594,3945.78686564456,4373.50229547509,TRUE,"nonspatial",10000,5001,10,2000,6,750,500
1,"lp",1.00090680068859,3024.23188651962,3242.92958098689,TRUE,"nonspatial",10000,5001,10,2000,6,750,500
2,"tau_B_sq",1.00119134291849,3924.21480473634,3704.07749256292,TRUE,"nonspatial",10000,5001,10,2000,6,750,500
2,"lp",1.00046756780918,2777.2306637985,3075.27049771356,TRUE,"nonspatial",10000,5001,10,2000,6,750,500
3,"tau_B_sq",1.0017902732435,3549.94110873223,3978.84363840386,TRUE,"nonspatial",10000,5001,10,2000,6,750,500
3,"lp",1.00171786988749,2468.97582759361,2861.36456745295,TRUE,"nonspatial",10000,5001,10,2000,6,750,500
4,"tau_B_sq",1.00162747651652,3949.92032238331,3925.86023170657,TRUE,"nonspatial",10000,5001,10,2000,6,750,500
4,"lp",1.00148945125464,2571.12433711276,2683.71258345176,TRUE,"nonspatial",10000,5001,10,2000,6,750,500
5,"tau_B_sq",1.00198773417907,3696.9167725817,4011.15848551918,TRUE,"nonspatial",10000,5001,10,2000,6,750,500
5,"lp",1.00188285222108,3099.66806867543,2959.00940444149,TRUE,"nonspatial",10000,5001,10,2000,6,750,500
1,"tau_B_sq",1.00510369067481,940.468000396578,871.034900777906,TRUE,"spatial",10000,5001,10,2000,7,750,500
1,"sigma_sq",1.00429460734271,1252.94743003304,1543.45400345986,TRUE,"spatial",10000,5001,10,2000,7,750,500
1,"eff_range",1.00115987796028,1266.07604864712,2040.38627821316,TRUE,"spatial",10000,5001,10,2000,7,750,500
1,"lp",1.00378403355395,873.736678057965,752.799649323117,TRUE,"spatial",10000,5001,10,2000,7,750,500
2,"tau_B_sq",1.00660638314203,949.145385132247,1022.12131653369,TRUE,"spatial",10000,5001,10,2000,7,750,500
2,"sigma_sq",1.00664713602001,1070.23650907367,1697.96119068292,TRUE,"spatial",10000,5001,10,2000,7,750,500
2,"eff_range",1.00601308175008,969.181128761645,1724.23045264894,TRUE,"spatial",10000,5001,10,2000,7,750,500
2,"lp",1.00674867179487,888.623771240827,803.150576853394,TRUE,"spatial",10000,5001,10,2000,7,750,500
3,"tau_B_sq",1.00141221255451,1214.26785889609,1497.49740340616,TRUE,"spatial",10000,5001,10,2000,7,750,500
3,"sigma_sq",1.00310922420408,1266.15798993943,1802.59849279758,TRUE,"spatial",10000,5001,10,2000,7,750,500
3,"eff_range",1.00569542348297,1072.78367966223,1643.22862394173,TRUE,"spatial",10000,5001,10,2000,7,750,500
3,"lp",1.00413642619261,1285.34924482353,1641.64962976199,TRUE,"spatial",10000,5001,10,2000,7,750,500
4,"tau_B_sq",1.00515229140336,1148.96547306319,1054.26319761613,TRUE,"spatial",10000,5001,10,2000,7,750,500
4,"sigma_sq",1.00609582969771,1286.14766078429,1583.28918890847,TRUE,"spatial",10000,5001,10,2000,7,750,500
4,"eff_range",1.00385809663121,1328.0971427557,1873.54691600466,TRUE,"spatial",10000,5001,10,2000,7,750,500
4,"lp",1.00209859477798,1202.4269964585,1287.61483680821,TRUE,"spatial",10000,5001,10,2000,7,750,500
5,"tau_B_sq",1.00504188157482,1182.05122723202,1108.40366964523,TRUE,"spatial",10000,5001,10,2000,7,750,500
5,"sigma_sq",1.00161488624506,1273.90164586556,1601.78682308078,TRUE,"spatial",10000,5001,10,2000,7,750,500
5,"eff_range",1.003128215027,1231.66855307622,1806.83943967478,TRUE,"spatial",10000,5001,10,2000,7,750,500
5,"lp",1.00558815961282,1100.00903715735,1080.93746882356,TRUE,"spatial",10000,5001,10,2000,7,750,500
1,"tau_B_sq",1.00075148357503,3598.13825516744,4168.28487862565,TRUE,"nonspatial",10000,5001,10,2000,7,750,500
1,"lp",1.00088156775369,2827.74601534757,2775.24648711865,TRUE,"nonspatial",10000,5001,10,2000,7,750,500
2,"tau_B_sq",1.00109786619209,4158.80143692325,4011.36051715382,TRUE,"nonspatial",10000,5001,10,2000,7,750,500
2,"lp",1.00182265509059,3055.98107337035,2644.66758757285,TRUE,"nonspatial",10000,5001,10,2000,7,750,500
3,"tau_B_sq",1.00050458277229,3998.51776571746,3838.79978367641,TRUE,"nonspatial",10000,5001,10,2000,7,750,500
3,"lp",1.00050944191629,2614.22725579298,2753.56590626665,TRUE,"nonspatial",10000,5001,10,2000,7,750,500
4,"tau_B_sq",1.00075034754394,3863.60875122617,4100.67249181304,TRUE,"nonspatial",10000,5001,10,2000,7,750,500
4,"lp",1.00148294784031,3177.53876408247,3052.05315328695,TRUE,"nonspatial",10000,5001,10,2000,7,750,500
5,"tau_B_sq",1.00149593111228,3651.06397760421,4036.11508446355,TRUE,"nonspatial",10000,5001,10,2000,7,750,500
5,"lp",1.00110093139588,2996.60868511879,2975.73573049726,TRUE,"nonspatial",10000,5001,10,2000,7,750,500
1,"tau_B_sq",1.00478954698529,1668.01537146919,1856.18256475207,TRUE,"spatial",10000,5001,10,2000,8,750,500
1,"sigma_sq",1.0048166722602,1448.33613669676,2302.63301693141,TRUE,"spatial",10000,5001,10,2000,8,750,500
1,"eff_range",1.00205704012708,1497.48706950059,2001.17965508723,TRUE,"spatial",10000,5001,10,2000,8,750,500
1,"lp",1.00182062673277,1273.76446009504,1443.44317715777,TRUE,"spatial",10000,5001,10,2000,8,750,500
2,"tau_B_sq",1.00169670455074,1738.83896998626,2062.1358434537,TRUE,"spatial",10000,5001,10,2000,8,750,500
2,"sigma_sq",1.00090074322836,1510.31343260528,1680.34611922386,TRUE,"spatial",10000,5001,10,2000,8,750,500
2,"eff_range",1.00140521901272,1460.54927013138,1960.84807583222,TRUE,"spatial",10000,5001,10,2000,8,750,500
2,"lp",1.00145976796859,1082.32231492,1365.71532575196,TRUE,"spatial",10000,5001,10,2000,8,750,500
3,"tau_B_sq",1.00099597866016,1516.01526850263,1328.12053066566,TRUE,"spatial",10000,5001,10,2000,8,750,500
3,"sigma_sq",1.00108967260758,1475.23358686532,1918.23895003152,TRUE,"spatial",10000,5001,10,2000,8,750,500
3,"eff_range",1.00453521393928,1525.31587694913,1828.29320462098,TRUE,"spatial",10000,5001,10,2000,8,750,500
3,"lp",1.00267088963584,1171.70460046471,1454.6753772526,TRUE,"spatial",10000,5001,10,2000,8,750,500
4,"tau_B_sq",1.00312122276148,1464.12751851192,1443.1461141194,TRUE,"spatial",10000,5001,10,2000,8,750,500
4,"sigma_sq",1.00417279377526,1397.16758240229,1662.79758616975,TRUE,"spatial",10000,5001,10,2000,8,750,500
4,"eff_range",1.00049759197715,1464.51335582978,1916.05669106611,TRUE,"spatial",10000,5001,10,2000,8,750,500
4,"lp",1.00359355047074,1390.45143895449,1667.98510553105,TRUE,"spatial",10000,5001,10,2000,8,750,500
5,"tau_B_sq",1.00603789432508,1466.05337445101,1372.70368138037,TRUE,"spatial",10000,5001,10,2000,8,750,500
5,"sigma_sq",1.00223658973897,1482.61293173512,1809.63590951676,TRUE,"spatial",10000,5001,10,2000,8,750,500
5,"eff_range",1.00273414265115,1471.44684765482,1771.88663507759,TRUE,"spatial",10000,5001,10,2000,8,750,500
5,"lp",1.00412939865071,1148.12736036683,1239.61651319718,TRUE,"spatial",10000,5001,10,2000,8,750,500
1,"tau_B_sq",1.00334203335669,3722.61871601492,3432.540957064,TRUE,"nonspatial",10000,5001,10,2000,8,750,500
1,"lp",1.00338919329768,2780.17796445514,2750.8326262108,TRUE,"nonspatial",10000,5001,10,2000,8,750,500
2,"tau_B_sq",1.00078027818048,3708.77468768938,3511.90493337423,TRUE,"nonspatial",10000,5001,10,2000,8,750,500
2,"lp",1.00090664121099,2952.65694600404,3137.0739525061,TRUE,"nonspatial",10000,5001,10,2000,8,750,500
3,"tau_B_sq",1.00146551394876,3485.12937230987,3914.54430590412,TRUE,"nonspatial",10000,5001,10,2000,8,750,500
3,"lp",1.0010522218445,2748.39608143467,2422.85425176822,TRUE,"nonspatial",10000,5001,10,2000,8,750,500
4,"tau_B_sq",1.00007930878108,3779.96139517799,4134.42596690732,TRUE,"nonspatial",10000,5001,10,2000,8,750,500
4,"lp",1.00053215695762,3011.40989683777,3212.44551474188,TRUE,"nonspatial",10000,5001,10,2000,8,750,500
5,"tau_B_sq",1.00086661066844,3986.6421925844,3822.57431745129,TRUE,"nonspatial",10000,5001,10,2000,8,750,500
5,"lp",1.00107494679937,2876.00920906774,2789.12729623501,TRUE,"nonspatial",10000,5001,10,2000,8,750,500
1,"tau_B_sq",1.00273629322041,1391.31151704805,1384.50268361866,TRUE,"spatial",10000,5001,10,2000,9,750,500
1,"sigma_sq",1.0033811196789,1490.72725838017,2386.51655095717,TRUE,"spatial",10000,5001,10,2000,9,750,500
1,"eff_range",1.00266228207412,1563.790581103,1256.67855486196,TRUE,"spatial",10000,5001,10,2000,9,750,500
1,"lp",1.00557890674737,1142.87181109107,1016.35151552232,TRUE,"spatial",10000,5001,10,2000,9,750,500
2,"tau_B_sq",1.00450945014107,1183.81505328846,1131.71875789686,TRUE,"spatial",10000,5001,10,2000,9,750,500
2,"sigma_sq",1.00353971416899,1664.89872504397,2129.09779435264,TRUE,"spatial",10000,5001,10,2000,9,750,500
2,"eff_range",1.00527956719009,1294.49838614465,1228.01489280526,TRUE,"spatial",10000,5001,10,2000,9,750,500
2,"lp",1.00915936737473,868.041631314637,917.128762051802,TRUE,"spatial",10000,5001,10,2000,9,750,500
3,"tau_B_sq",1.00565187018521,1237.87094633727,1138.36989129661,TRUE,"spatial",10000,5001,10,2000,9,750,500
3,"sigma_sq",1.00242187755702,1611.71297255161,1405.35871990761,TRUE,"spatial",10000,5001,10,2000,9,750,500
3,"eff_range",1.00295122155982,1028.79739746235,980.588485684041,TRUE,"spatial",10000,5001,10,2000,9,750,500
3,"lp",1.00562019227514,1053.41278944066,888.850830342812,TRUE,"spatial",10000,5001,10,2000,9,750,500
4,"tau_B_sq",1.00365133935923,998.233438046401,824.126194278972,TRUE,"spatial",10000,5001,10,2000,9,750,500
4,"sigma_sq",1.0047417176392,1305.74322213828,1110.02743937163,TRUE,"spatial",10000,5001,10,2000,9,750,500
4,"eff_range",1.00258881596766,1090.28275437872,737.012654585374,TRUE,"spatial",10000,5001,10,2000,9,750,500
4,"lp",1.00126817064169,1106.541179717,1147.35981546715,TRUE,"spatial",10000,5001,10,2000,9,750,500
5,"tau_B_sq",1.00326132917704,1656.44134479494,1980.04358348514,TRUE,"spatial",10000,5001,10,2000,9,750,500
5,"sigma_sq",1.00600441395114,1539.43441431404,1746.53302207421,TRUE,"spatial",10000,5001,10,2000,9,750,500
5,"eff_range",1.002150912356,1354.49020484934,1472.98971745708,TRUE,"spatial",10000,5001,10,2000,9,750,500
5,"lp",1.00390270110834,1015.15479587572,1090.82569291624,TRUE,"spatial",10000,5001,10,2000,9,750,500
1,"tau_B_sq",1.00046725302752,3630.76945361123,3918.88665763743,TRUE,"nonspatial",10000,5001,10,2000,9,750,500
1,"lp",1.00068247335653,2879.86854957666,2840.42339505589,TRUE,"nonspatial",10000,5001,10,2000,9,750,500
2,"tau_B_sq",1.00025480712024,3923.97151456941,4029.97048745552,TRUE,"nonspatial",10000,5001,10,2000,9,750,500
2,"lp",1.00062797989954,2867.8517013169,3044.480243614,TRUE,"nonspatial",10000,5001,10,2000,9,750,500
3,"tau_B_sq",1.00066028192442,4065.86418651808,4529.11262997635,TRUE,"nonspatial",10000,5001,10,2000,9,750,500
3,"lp",1.00110740278067,3052.28124917992,3262.12552369101,TRUE,"nonspatial",10000,5001,10,2000,9,750,500
4,"tau_B_sq",1.00086940293429,3750.97255764954,3751.74940905314,TRUE,"nonspatial",10000,5001,10,2000,9,750,500
4,"lp",1.0007317741488,2872.62939642068,3005.69472447841,TRUE,"nonspatial",10000,5001,10,2000,9,750,500
5,"tau_B_sq",1.00171548972525,3858.2059745721,3934.54122854947,TRUE,"nonspatial",10000,5001,10,2000,9,750,500
5,"lp",1.0014381994859,2883.72992040149,2947.87192726551,TRUE,"nonspatial",10000,5001,10,2000,9,750,500
1,"tau_B_sq",1.00243327316223,1458.70621350898,1745.07080790534,TRUE,"spatial",10000,5001,10,2000,10,750,500
1,"sigma_sq",1.00203078561083,1533.12916374713,1966.88806710631,TRUE,"spatial",10000,5001,10,2000,10,750,500
1,"eff_range",1.00453169095816,1354.99324340842,1459.91577998338,TRUE,"spatial",10000,5001,10,2000,10,750,500
1,"lp",1.0019871484314,1087.95123006696,1195.61967110967,TRUE,"spatial",10000,5001,10,2000,10,750,500
2,"tau_B_sq",1.0020505090701,1700.73728314987,2530.2833894734,TRUE,"spatial",10000,5001,10,2000,10,750,500
2,"sigma_sq",1.00406692134258,1908.76396266762,2260.13104402526,TRUE,"spatial",10000,5001,10,2000,10,750,500
2,"eff_range",1.00416237288744,1510.93368276203,1955.50492343669,TRUE,"spatial",10000,5001,10,2000,10,750,500
2,"lp",1.0053788435953,1352.96826341662,1323.61304704599,TRUE,"spatial",10000,5001,10,2000,10,750,500
3,"tau_B_sq",1.00641927373105,1151.39982079342,1447.0126062274,TRUE,"spatial",10000,5001,10,2000,10,750,500
3,"sigma_sq",1.00295605679916,1781.2039911282,1986.25535352297,TRUE,"spatial",10000,5001,10,2000,10,750,500
3,"eff_range",1.00355584836719,1319.84924700754,1164.7336059836,TRUE,"spatial",10000,5001,10,2000,10,750,500
3,"lp",1.00589854565917,1017.6196288591,1069.73496606076,TRUE,"spatial",10000,5001,10,2000,10,750,500
4,"tau_B_sq",1.00274909306631,1586.97383645403,2142.39349166321,TRUE,"spatial",10000,5001,10,2000,10,750,500
4,"sigma_sq",1.00216503212404,1901.89941617203,2330.56556355932,TRUE,"spatial",10000,5001,10,2000,10,750,500
4,"eff_range",1.00354434046069,1766.44072703297,2162.56902582002,TRUE,"spatial",10000,5001,10,2000,10,750,500
4,"lp",1.002891505456,1426.66314496801,1757.10477091942,TRUE,"spatial",10000,5001,10,2000,10,750,500
5,"tau_B_sq",1.00257456947529,1463.84505411297,1823.2380482525,TRUE,"spatial",10000,5001,10,2000,10,750,500
5,"sigma_sq",1.00383567531942,1592.97078612787,1963.66798453051,TRUE,"spatial",10000,5001,10,2000,10,750,500
5,"eff_range",1.00234279083842,1365.49367179153,1379.47430821027,TRUE,"spatial",10000,5001,10,2000,10,750,500
5,"lp",1.00595529503295,1038.59916068647,1242.96365991763,TRUE,"spatial",10000,5001,10,2000,10,750,500
1,"tau_B_sq",1.00129590208365,3849.72368660521,3718.31788772847,TRUE,"nonspatial",10000,5001,10,2000,10,750,500
1,"lp",1.00183396025663,3063.4837563155,3178.77208610052,TRUE,"nonspatial",10000,5001,10,2000,10,750,500
2,"tau_B_sq",1.00150601873576,3458.84037892595,3595.53217908164,TRUE,"nonspatial",10000,5001,10,2000,10,750,500
2,"lp",1.00134571049496,2892.92487506116,2645.5457949492,TRUE,"nonspatial",10000,5001,10,2000,10,750,500
3,"tau_B_sq",1.00051893585867,3610.80737366036,3207.02036728107,TRUE,"nonspatial",10000,5001,10,2000,10,750,500
3,"lp",1.00085134202993,3145.96653306422,3011.5594233513,TRUE,"nonspatial",10000,5001,10,2000,10,750,500
4,"tau_B_sq",1.00279629019653,3360.97146094268,3842.34062570145,TRUE,"nonspatial",10000,5001,10,2000,10,750,500
4,"lp",1.00238955074852,2674.39457786324,2880.22570757804,TRUE,"nonspatial",10000,5001,10,2000,10,750,500
5,"tau_B_sq",1.00019796956942,4158.36106707286,4348.61575452531,TRUE,"nonspatial",10000,5001,10,2000,10,750,500
5,"lp",1.00160043777388,3097.80061601235,3052.780996532,TRUE,"nonspatial",10000,5001,10,2000,10,750,500
1,"tau_B_sq",1.0028124857435,1443.04396455305,1874.71094705272,TRUE,"spatial",10000,5001,10,2000,1,1000,500
1,"sigma_sq",1.00095079874534,1408.83666098152,1962.73660313383,TRUE,"spatial",10000,5001,10,2000,1,1000,500
1,"eff_range",1.00273664090203,1375.22269447919,1968.90444825676,TRUE,"spatial",10000,5001,10,2000,1,1000,500
1,"lp",1.00526848697708,1211.69244672744,1629.82896095779,TRUE,"spatial",10000,5001,10,2000,1,1000,500
2,"tau_B_sq",1.00178060600236,1435.85355655273,1401.10262313829,TRUE,"spatial",10000,5001,10,2000,1,1000,500
2,"sigma_sq",1.00257594895183,1423.90592514989,1467.14705781587,TRUE,"spatial",10000,5001,10,2000,1,1000,500
2,"eff_range",1.00067053466871,1498.20998583318,2146.26968803281,TRUE,"spatial",10000,5001,10,2000,1,1000,500
2,"lp",1.00217714098441,1233.95099569004,1232.26649966879,TRUE,"spatial",10000,5001,10,2000,1,1000,500
3,"tau_B_sq",1.00190635581118,1502.29930345217,1765.40656709883,TRUE,"spatial",10000,5001,10,2000,1,1000,500
3,"sigma_sq",1.0012912039865,1344.39605664171,1583.71792118043,TRUE,"spatial",10000,5001,10,2000,1,1000,500
3,"eff_range",1.00077202073541,1338.73024157065,1607.09930614435,TRUE,"spatial",10000,5001,10,2000,1,1000,500
3,"lp",1.00438050885204,1200.96568964768,1101.69086519847,TRUE,"spatial",10000,5001,10,2000,1,1000,500
4,"tau_B_sq",1.00350254951679,1258.3153134169,1183.17902800443,TRUE,"spatial",10000,5001,10,2000,1,1000,500
4,"sigma_sq",1.00407990631331,1483.75923458728,1927.5420328696,TRUE,"spatial",10000,5001,10,2000,1,1000,500
4,"eff_range",1.00122102030428,1274.24647973671,1921.73285674014,TRUE,"spatial",10000,5001,10,2000,1,1000,500
4,"lp",1.00185915125884,1248.61295235715,1041.62913774156,TRUE,"spatial",10000,5001,10,2000,1,1000,500
5,"tau_B_sq",1.00164859250385,1771.120523012,1704.28204244612,TRUE,"spatial",10000,5001,10,2000,1,1000,500
5,"sigma_sq",1.00170825095697,1570.95780714252,2102.11555991951,TRUE,"spatial",10000,5001,10,2000,1,1000,500
5,"eff_range",1.00580425733994,1466.47023218337,1720.20906510761,TRUE,"spatial",10000,5001,10,2000,1,1000,500
5,"lp",1.00231200430769,1198.81129161082,1651.9404233545,TRUE,"spatial",10000,5001,10,2000,1,1000,500
1,"tau_B_sq",1.00104018372381,3817.13502065536,3577.92304227631,TRUE,"nonspatial",10000,5001,10,2000,1,1000,500
1,"lp",1.00112260107687,3107.03121147087,2751.27747957708,TRUE,"nonspatial",10000,5001,10,2000,1,1000,500
2,"tau_B_sq",1.00099653838929,4019.12298517244,3962.45786636772,TRUE,"nonspatial",10000,5001,10,2000,1,1000,500
2,"lp",1.00086580114359,2836.93321899234,2686.05706149171,TRUE,"nonspatial",10000,5001,10,2000,1,1000,500
3,"tau_B_sq",1.001732304272,3543.7097725271,3589.18472637983,TRUE,"nonspatial",10000,5001,10,2000,1,1000,500
3,"lp",1.00084426267963,3032.56210188975,3108.29420486632,TRUE,"nonspatial",10000,5001,10,2000,1,1000,500
4,"tau_B_sq",1.00154568019309,4079.11348465269,4055.9346822984,TRUE,"nonspatial",10000,5001,10,2000,1,1000,500
4,"lp",1.00103902972788,3001.98814659419,2915.41369952656,TRUE,"nonspatial",10000,5001,10,2000,1,1000,500
5,"tau_B_sq",1.00127091576061,3863.18760379412,4282.80953378968,TRUE,"nonspatial",10000,5001,10,2000,1,1000,500
5,"lp",1.00133376776121,2985.38707197357,2937.38768166973,TRUE,"nonspatial",10000,5001,10,2000,1,1000,500
1,"tau_B_sq",1.00290503679604,1826.94031467893,1566.82466594595,TRUE,"spatial",10000,5001,10,2000,2,1000,500
1,"sigma_sq",1.00209165269629,1636.47518824073,2434.26285777007,TRUE,"spatial",10000,5001,10,2000,2,1000,500
1,"eff_range",1.00218338857134,1270.96644553119,1248.55309628276,TRUE,"spatial",10000,5001,10,2000,2,1000,500
1,"lp",1.00314074679994,1164.64152389175,1425.4227172662,TRUE,"spatial",10000,5001,10,2000,2,1000,500
2,"tau_B_sq",1.00483138602506,1649.27079108287,1400.68799441629,TRUE,"spatial",10000,5001,10,2000,2,1000,500
2,"sigma_sq",1.00196622680446,1613.76228845569,1997.96721472452,TRUE,"spatial",10000,5001,10,2000,2,1000,500
2,"eff_range",1.00182639388416,1450.12625780295,1934.56365815049,TRUE,"spatial",10000,5001,10,2000,2,1000,500
2,"lp",1.00251702482903,1220.55600689018,1368.95349250769,TRUE,"spatial",10000,5001,10,2000,2,1000,500
3,"tau_B_sq",1.00160952907913,1509.35711169554,1634.8162893216,TRUE,"spatial",10000,5001,10,2000,2,1000,500
3,"sigma_sq",1.00366258147839,1211.75488021137,2322.1441684458,TRUE,"spatial",10000,5001,10,2000,2,1000,500
3,"eff_range",1.00250760513673,1571.17532549402,1940.31745118444,TRUE,"spatial",10000,5001,10,2000,2,1000,500
3,"lp",1.00633846547037,1246.62850601993,1654.25927645502,TRUE,"spatial",10000,5001,10,2000,2,1000,500
4,"tau_B_sq",1.00296553235095,1599.95717767853,1842.86155780537,TRUE,"spatial",10000,5001,10,2000,2,1000,500
4,"sigma_sq",1.00351970769936,1473.28084251163,2388.84520911005,TRUE,"spatial",10000,5001,10,2000,2,1000,500
4,"eff_range",1.00170373171098,1566.9045224776,2094.71510334144,TRUE,"spatial",10000,5001,10,2000,2,1000,500
4,"lp",1.00300453165762,1312.03673986223,1722.71800607289,TRUE,"spatial",10000,5001,10,2000,2,1000,500
5,"tau_B_sq",1.00137850558135,1481.68311157878,1676.42531650828,TRUE,"spatial",10000,5001,10,2000,2,1000,500
5,"sigma_sq",1.00162592178454,1816.43381335362,2305.31344905977,TRUE,"spatial",10000,5001,10,2000,2,1000,500
5,"eff_range",1.00190781811989,1401.07208611359,1595.69938300242,TRUE,"spatial",10000,5001,10,2000,2,1000,500
5,"lp",1.00393264295876,1255.99177812019,1477.03474898681,TRUE,"spatial",10000,5001,10,2000,2,1000,500
1,"tau_B_sq",1.00167516174558,3789.45357256356,3957.95583974029,TRUE,"nonspatial",10000,5001,10,2000,2,1000,500
1,"lp",1.00163716476857,2655.34037687502,2576.75307923852,TRUE,"nonspatial",10000,5001,10,2000,2,1000,500
2,"tau_B_sq",1.00067988950507,3741.25306273654,4065.11665129581,TRUE,"nonspatial",10000,5001,10,2000,2,1000,500
2,"lp",1.00067837439736,3097.19443278505,2625.28897765947,TRUE,"nonspatial",10000,5001,10,2000,2,1000,500
3,"tau_B_sq",1.00103075597214,3862.4136132399,4281.76192154475,TRUE,"nonspatial",10000,5001,10,2000,2,1000,500
3,"lp",1.00180802969324,3102.3059676779,3113.39308921774,TRUE,"nonspatial",10000,5001,10,2000,2,1000,500
4,"tau_B_sq",1.00095502041918,3808.1811229776,3685.79549820962,TRUE,"nonspatial",10000,5001,10,2000,2,1000,500
4,"lp",1.00058424067809,2863.3448612031,2911.69551838459,TRUE,"nonspatial",10000,5001,10,2000,2,1000,500
5,"tau_B_sq",1.00048454070026,4226.8775040812,4468.04587744713,TRUE,"nonspatial",10000,5001,10,2000,2,1000,500
5,"lp",1.00113052861216,3023.7900366333,2471.15911126513,TRUE,"nonspatial",10000,5001,10,2000,2,1000,500
1,"tau_B_sq",1.00073004611745,980.400427882607,792.591381640107,TRUE,"spatial",10000,5001,10,2000,3,1000,500
1,"sigma_sq",1.00395102485593,1138.99815787971,2073.97173569042,TRUE,"spatial",10000,5001,10,2000,3,1000,500
1,"eff_range",1.00181410357034,1242.91195138784,1668.21006259701,TRUE,"spatial",10000,5001,10,2000,3,1000,500
1,"lp",1.00622939608745,986.687739418263,967.507484852302,TRUE,"spatial",10000,5001,10,2000,3,1000,500
2,"tau_B_sq",1.00351488884982,1011.43347836683,1189.78212642695,TRUE,"spatial",10000,5001,10,2000,3,1000,500
2,"sigma_sq",1.00546384786455,999.405524063278,1769.78792733587,TRUE,"spatial",10000,5001,10,2000,3,1000,500
2,"eff_range",1.00244091293333,1195.74597280335,1977.53437603112,TRUE,"spatial",10000,5001,10,2000,3,1000,500
2,"lp",1.00396209865049,844.470500983579,1049.87776499857,TRUE,"spatial",10000,5001,10,2000,3,1000,500
3,"tau_B_sq",1.00239256031998,992.456459688522,1151.11803951662,TRUE,"spatial",10000,5001,10,2000,3,1000,500
3,"sigma_sq",1.00295780556809,1214.34196250293,1893.10984842072,TRUE,"spatial",10000,5001,10,2000,3,1000,500
3,"eff_range",1.00207525786046,1129.35155221796,1908.71523649542,TRUE,"spatial",10000,5001,10,2000,3,1000,500
3,"lp",1.0040484564062,960.360073918747,1040.9837408454,TRUE,"spatial",10000,5001,10,2000,3,1000,500
4,"tau_B_sq",1.00217939447824,961.211950283694,833.07790277707,TRUE,"spatial",10000,5001,10,2000,3,1000,500
4,"sigma_sq",1.00432804284214,1070.70258593575,1673.76172714458,TRUE,"spatial",10000,5001,10,2000,3,1000,500
4,"eff_range",1.00542496345795,1023.86358945222,1465.88872653605,TRUE,"spatial",10000,5001,10,2000,3,1000,500
4,"lp",1.00667987780925,947.923291597994,943.125005925865,TRUE,"spatial",10000,5001,10,2000,3,1000,500
5,"tau_B_sq",1.00243904981653,721.858005714123,939.277479191019,TRUE,"spatial",10000,5001,10,2000,3,1000,500
5,"sigma_sq",1.00315978005207,1266.91442485904,1587.52037810425,TRUE,"spatial",10000,5001,10,2000,3,1000,500
5,"eff_range",1.00622567337208,772.702122201246,888.242032803372,TRUE,"spatial",10000,5001,10,2000,3,1000,500
5,"lp",1.00820655650275,798.107643494008,972.321476963285,TRUE,"spatial",10000,5001,10,2000,3,1000,500
1,"tau_B_sq",1.00187041191278,3909.05558127159,4189.965406332,TRUE,"nonspatial",10000,5001,10,2000,3,1000,500
1,"lp",1.00113013310313,2709.60105611474,3203.9040250057,TRUE,"nonspatial",10000,5001,10,2000,3,1000,500
2,"tau_B_sq",1.00134469935407,3847.96648111324,3712.06945247266,TRUE,"nonspatial",10000,5001,10,2000,3,1000,500
2,"lp",1.00159858836382,2922.67007153719,2657.74958886289,TRUE,"nonspatial",10000,5001,10,2000,3,1000,500
3,"tau_B_sq",1.00268349047337,3990.15476769455,3753.54351657617,TRUE,"nonspatial",10000,5001,10,2000,3,1000,500
3,"lp",1.00206642135288,2927.73250141276,3199.91890974722,TRUE,"nonspatial",10000,5001,10,2000,3,1000,500
4,"tau_B_sq",1.0011053190945,3721.29801094663,3666.90964716105,TRUE,"nonspatial",10000,5001,10,2000,3,1000,500
4,"lp",1.00124203217139,2577.59435246277,2637.79952115412,TRUE,"nonspatial",10000,5001,10,2000,3,1000,500
5,"tau_B_sq",1.00088994532334,4257.58465616681,4365.99853511381,TRUE,"nonspatial",10000,5001,10,2000,3,1000,500
5,"lp",1.00150408244531,2740.89253143486,2756.19861221351,TRUE,"nonspatial",10000,5001,10,2000,3,1000,500
1,"tau_B_sq",1.00177463598804,1729.50002001513,1945.71829817355,TRUE,"spatial",10000,5001,10,2000,4,1000,500
1,"sigma_sq",1.00398052452171,1656.82794116006,1983.31497370401,TRUE,"spatial",10000,5001,10,2000,4,1000,500
1,"eff_range",1.00129735311516,1365.17471744281,1736.0971380091,TRUE,"spatial",10000,5001,10,2000,4,1000,500
1,"lp",1.00297776298928,1087.18307906081,1479.67447064243,TRUE,"spatial",10000,5001,10,2000,4,1000,500
2,"tau_B_sq",1.0038281779382,1563.24278722676,2044.4655110471,TRUE,"spatial",10000,5001,10,2000,4,1000,500
2,"sigma_sq",1.00204996031498,1875.21026600173,2448.24534795522,TRUE,"spatial",10000,5001,10,2000,4,1000,500
2,"eff_range",1.00203798719236,1644.49728622075,1830.78668676962,TRUE,"spatial",10000,5001,10,2000,4,1000,500
2,"lp",1.00181402998497,1245.664356886,1587.62299246643,TRUE,"spatial",10000,5001,10,2000,4,1000,500
3,"tau_B_sq",1.00474922870844,1590.89328722897,1898.76250673947,TRUE,"spatial",10000,5001,10,2000,4,1000,500
3,"sigma_sq",1.00221675495045,1405.40457208856,1680.04716229814,TRUE,"spatial",10000,5001,10,2000,4,1000,500
3,"eff_range",1.00166103775325,1350.67101627657,1497.0647443017,TRUE,"spatial",10000,5001,10,2000,4,1000,500
3,"lp",1.00401997127628,1062.94796851975,1197.07176817119,TRUE,"spatial",10000,5001,10,2000,4,1000,500
4,"tau_B_sq",1.00255157435827,1715.28662837009,1966.55905875085,TRUE,"spatial",10000,5001,10,2000,4,1000,500
4,"sigma_sq",1.0024563491092,1707.89451662422,1948.53370002172,TRUE,"spatial",10000,5001,10,2000,4,1000,500
4,"eff_range",1.00297258759072,1717.06959487197,1851.37082419072,TRUE,"spatial",10000,5001,10,2000,4,1000,500
4,"lp",1.00725996253245,1286.35233058841,1450.93456343589,TRUE,"spatial",10000,5001,10,2000,4,1000,500
5,"tau_B_sq",1.00278040295654,1589.385735393,1815.06841768359,TRUE,"spatial",10000,5001,10,2000,4,1000,500
5,"sigma_sq",1.00101529302799,1687.0063800417,2319.41603438189,TRUE,"spatial",10000,5001,10,2000,4,1000,500
5,"eff_range",1.00318921891272,1557.57510014126,1607.34307250099,TRUE,"spatial",10000,5001,10,2000,4,1000,500
5,"lp",1.00347314666599,1175.81478141941,1431.8968257509,TRUE,"spatial",10000,5001,10,2000,4,1000,500
1,"tau_B_sq",1.00039325697209,3900.51903737587,3934.44265467417,TRUE,"nonspatial",10000,5001,10,2000,4,1000,500
1,"lp",1.00185478550469,2738.93752228965,2950.79463849496,TRUE,"nonspatial",10000,5001,10,2000,4,1000,500
2,"tau_B_sq",1.00112198769438,3807.31148802237,3657.24424780134,TRUE,"nonspatial",10000,5001,10,2000,4,1000,500
2,"lp",1.00082706568985,2882.12691319816,2927.19350469378,TRUE,"nonspatial",10000,5001,10,2000,4,1000,500
3,"tau_B_sq",1.00070108239667,3736.96099706902,4102.25653021823,TRUE,"nonspatial",10000,5001,10,2000,4,1000,500
3,"lp",1.00113038199621,2484.33584436497,2648.24329615252,TRUE,"nonspatial",10000,5001,10,2000,4,1000,500
4,"tau_B_sq",1.00300606466591,3938.73786999532,4055.41510615386,TRUE,"nonspatial",10000,5001,10,2000,4,1000,500
4,"lp",1.00286477957367,2849.62634040077,2494.90225859494,TRUE,"nonspatial",10000,5001,10,2000,4,1000,500
5,"tau_B_sq",1.00150994527254,3790.40057681994,4170.74801285598,TRUE,"nonspatial",10000,5001,10,2000,4,1000,500
5,"lp",1.00096945486425,2834.22654019973,3074.31844563895,TRUE,"nonspatial",10000,5001,10,2000,4,1000,500
1,"tau_B_sq",1.00368790037204,1554.40459975233,1728.37016056069,TRUE,"spatial",10000,5001,10,2000,5,1000,500
1,"sigma_sq",1.00118283893318,1460.19511431421,1355.7687555243,TRUE,"spatial",10000,5001,10,2000,5,1000,500
1,"eff_range",1.00320857151347,1462.80071257192,1712.62699294245,TRUE,"spatial",10000,5001,10,2000,5,1000,500
1,"lp",1.00402644479759,1304.22328685235,1487.30004178035,TRUE,"spatial",10000,5001,10,2000,5,1000,500
2,"tau_B_sq",1.00529400364208,1424.01939811742,1075.66523356212,TRUE,"spatial",10000,5001,10,2000,5,1000,500
2,"sigma_sq",1.00372670049971,1574.47460202279,1862.30235678214,TRUE,"spatial",10000,5001,10,2000,5,1000,500
2,"eff_range",1.00253133295605,1256.20644265326,1032.97029208436,TRUE,"spatial",10000,5001,10,2000,5,1000,500
2,"lp",1.0042420484183,842.507761171941,983.134208427583,TRUE,"spatial",10000,5001,10,2000,5,1000,500
3,"tau_B_sq",1.00401771634722,1414.52117994585,1402.6530884597,TRUE,"spatial",10000,5001,10,2000,5,1000,500
3,"sigma_sq",1.00504556244694,1467.81652078433,2012.30369023877,TRUE,"spatial",10000,5001,10,2000,5,1000,500
3,"eff_range",1.00250024421549,1507.3470325811,2100.38023919318,TRUE,"spatial",10000,5001,10,2000,5,1000,500
3,"lp",1.00239386259775,1516.54907604387,1855.04251815181,TRUE,"spatial",10000,5001,10,2000,5,1000,500
4,"tau_B_sq",1.00325661137245,1323.84437427052,1033.8693735583,TRUE,"spatial",10000,5001,10,2000,5,1000,500
4,"sigma_sq",1.00192002137291,1255.83185875965,1423.34116975259,TRUE,"spatial",10000,5001,10,2000,5,1000,500
4,"eff_range",1.00516561558397,1331.9448162958,1752.41916050225,TRUE,"spatial",10000,5001,10,2000,5,1000,500
4,"lp",1.00394664761817,1219.13843018123,1328.24224505484,TRUE,"spatial",10000,5001,10,2000,5,1000,500
5,"tau_B_sq",1.00383741269632,1618.21710178292,1748.48427894359,TRUE,"spatial",10000,5001,10,2000,5,1000,500
5,"sigma_sq",1.00632691950806,1376.90879809553,1789.35999759055,TRUE,"spatial",10000,5001,10,2000,5,1000,500
5,"eff_range",1.00438162532453,1314.91683238633,1589.79246035856,TRUE,"spatial",10000,5001,10,2000,5,1000,500
5,"lp",1.00198835235658,1303.30816298724,1539.36843641987,TRUE,"spatial",10000,5001,10,2000,5,1000,500
1,"tau_B_sq",1.00105454117447,3651.57529939631,3401.10275187785,TRUE,"nonspatial",10000,5001,10,2000,5,1000,500
1,"lp",1.00132876852444,2899.49582131025,3236.21108098346,TRUE,"nonspatial",10000,5001,10,2000,5,1000,500
2,"tau_B_sq",1.00121923458508,3863.43266535791,3386.68585495839,TRUE,"nonspatial",10000,5001,10,2000,5,1000,500
2,"lp",1.00099864934533,2518.70732169572,2583.35179742075,TRUE,"nonspatial",10000,5001,10,2000,5,1000,500
3,"tau_B_sq",1.0017355844787,4060.39394887876,3981.2880417399,TRUE,"nonspatial",10000,5001,10,2000,5,1000,500
3,"lp",1.00152404773529,2918.36056683241,2803.38293599759,TRUE,"nonspatial",10000,5001,10,2000,5,1000,500
4,"tau_B_sq",1.00157502054487,3391.04412928802,3405.78174300421,TRUE,"nonspatial",10000,5001,10,2000,5,1000,500
4,"lp",1.00125743143134,2840.99831898941,3026.4556508097,TRUE,"nonspatial",10000,5001,10,2000,5,1000,500
5,"tau_B_sq",1.00189772038624,3731.99246415311,4192.52763977362,TRUE,"nonspatial",10000,5001,10,2000,5,1000,500
5,"lp",1.00230934494357,2833.18749698717,3262.68888890785,TRUE,"nonspatial",10000,5001,10,2000,5,1000,500
1,"tau_B_sq",1.00236650850671,1360.74960863067,1131.68127552561,TRUE,"spatial",10000,5001,10,2000,6,1000,500
1,"sigma_sq",1.00279687359873,1538.02498976324,1827.83351823388,TRUE,"spatial",10000,5001,10,2000,6,1000,500
1,"eff_range",1.00187460397959,1308.04081983812,1554.55796373604,TRUE,"spatial",10000,5001,10,2000,6,1000,500
1,"lp",1.00174826649873,1188.03929938847,1794.89752715885,TRUE,"spatial",10000,5001,10,2000,6,1000,500
2,"tau_B_sq",1.0008670354172,1277.18487933753,1144.29753836779,TRUE,"spatial",10000,5001,10,2000,6,1000,500
2,"sigma_sq",1.00108829750172,1562.5255334969,1693.42613715112,TRUE,"spatial",10000,5001,10,2000,6,1000,500
2,"eff_range",1.00272236009408,1213.78436075089,1677.36768004161,TRUE,"spatial",10000,5001,10,2000,6,1000,500
2,"lp",1.00324736464373,1171.90608000565,1183.37151575451,TRUE,"spatial",10000,5001,10,2000,6,1000,500
3,"tau_B_sq",1.0022595471152,1280.29827562971,928.189054442222,TRUE,"spatial",10000,5001,10,2000,6,1000,500
3,"sigma_sq",1.0019439529616,1253.3473650567,1535.23484263672,TRUE,"spatial",10000,5001,10,2000,6,1000,500
3,"eff_range",1.00281707294621,1495.90880617745,2204.4880307039,TRUE,"spatial",10000,5001,10,2000,6,1000,500
3,"lp",1.00591586852957,1318.96194349204,1496.98295305432,TRUE,"spatial",10000,5001,10,2000,6,1000,500
4,"tau_B_sq",1.00162930986672,1447.46924919685,1662.83178450623,TRUE,"spatial",10000,5001,10,2000,6,1000,500
4,"sigma_sq",1.00233503841594,1141.45851539137,1722.04364980549,TRUE,"spatial",10000,5001,10,2000,6,1000,500
4,"eff_range",1.00180836516773,1521.64182410932,2017.13727878585,TRUE,"spatial",10000,5001,10,2000,6,1000,500
4,"lp",1.00283720074136,1309.03399757848,1434.59764185713,TRUE,"spatial",10000,5001,10,2000,6,1000,500
5,"tau_B_sq",1.00288813203097,1554.22551721554,1253.03410289007,TRUE,"spatial",10000,5001,10,2000,6,1000,500
5,"sigma_sq",1.00289345452855,1659.15388566718,1852.36349844341,TRUE,"spatial",10000,5001,10,2000,6,1000,500
5,"eff_range",1.00352906496677,1480.15353344299,1762.4874948057,TRUE,"spatial",10000,5001,10,2000,6,1000,500
5,"lp",1.00136802811161,1411.55071139024,1590.53021612146,TRUE,"spatial",10000,5001,10,2000,6,1000,500
1,"tau_B_sq",1.00100698402945,3408.85521074583,3729.98001571789,TRUE,"nonspatial",10000,5001,10,2000,6,1000,500
1,"lp",1.00102977756814,3005.30807751716,2638.07710191985,TRUE,"nonspatial",10000,5001,10,2000,6,1000,500
2,"tau_B_sq",1.00080060416686,3916.58167053154,3837.23936073151,TRUE,"nonspatial",10000,5001,10,2000,6,1000,500
2,"lp",1.00094434261584,3077.69445165269,3064.41189090882,TRUE,"nonspatial",10000,5001,10,2000,6,1000,500
3,"tau_B_sq",1.00069503674286,3809.6901474642,3510.6790378007,TRUE,"nonspatial",10000,5001,10,2000,6,1000,500
3,"lp",1.00058125501435,2900.97536466628,3103.67845343271,TRUE,"nonspatial",10000,5001,10,2000,6,1000,500
4,"tau_B_sq",1.00086183794848,4095.33459796842,4099.63283530491,TRUE,"nonspatial",10000,5001,10,2000,6,1000,500
4,"lp",1.00288708417013,2764.18629588873,3115.10430411979,TRUE,"nonspatial",10000,5001,10,2000,6,1000,500
5,"tau_B_sq",1.00141553600524,3955.10449432251,4146.08302788744,TRUE,"nonspatial",10000,5001,10,2000,6,1000,500
5,"lp",1.00233653299398,2997.85288487745,2601.4398730152,TRUE,"nonspatial",10000,5001,10,2000,6,1000,500
1,"tau_B_sq",1.00173624094894,1869.0786401235,2081.2429213414,TRUE,"spatial",20000,10001,20,2000,7,1000,500
1,"sigma_sq",1.00191742214559,2478.29479666698,3041.92512193818,TRUE,"spatial",20000,10001,20,2000,7,1000,500
1,"eff_range",1.00131746253926,2024.46952712125,3353.98893438477,TRUE,"spatial",20000,10001,20,2000,7,1000,500
1,"lp",1.00193547668542,1841.45192138189,1736.77822776849,TRUE,"spatial",20000,10001,20,2000,7,1000,500
2,"tau_B_sq",1.00093805167204,1691.1465807377,1768.97165711231,TRUE,"spatial",20000,10001,20,2000,7,1000,500
2,"sigma_sq",1.00040474998132,2363.27146385858,2682.37093732998,TRUE,"spatial",20000,10001,20,2000,7,1000,500
2,"eff_range",1.00075382762736,2226.57983182299,3501.88224728912,TRUE,"spatial",20000,10001,20,2000,7,1000,500
2,"lp",1.00093817499943,1899.76175931848,2008.61935259697,TRUE,"spatial",20000,10001,20,2000,7,1000,500
3,"tau_B_sq",1.00080878662331,2644.51902439332,2753.37553872455,TRUE,"spatial",20000,10001,20,2000,7,1000,500
3,"sigma_sq",1.00036713181817,2458.89963055347,3446.20276315206,TRUE,"spatial",20000,10001,20,2000,7,1000,500
3,"eff_range",1.00143974895465,3244.34198683743,4037.35276164871,TRUE,"spatial",20000,10001,20,2000,7,1000,500
3,"lp",1.00112800021408,2440.7302244365,2959.94463366923,TRUE,"spatial",20000,10001,20,2000,7,1000,500
4,"tau_B_sq",1.00101987307359,2466.73289084087,2781.7262907306,TRUE,"spatial",20000,10001,20,2000,7,1000,500
4,"sigma_sq",1.00150167628115,2345.00338125697,3826.81716382488,TRUE,"spatial",20000,10001,20,2000,7,1000,500
4,"eff_range",1.00342321378185,2571.02979044867,3792.60595990358,TRUE,"spatial",20000,10001,20,2000,7,1000,500
4,"lp",1.00059046637715,2321.79685460093,2253.41477204349,TRUE,"spatial",20000,10001,20,2000,7,1000,500
5,"tau_B_sq",1.0019659769072,1871.97742335491,1993.23394182657,TRUE,"spatial",20000,10001,20,2000,7,1000,500
5,"sigma_sq",1.00126767071362,2451.90115379011,3590.41249159217,TRUE,"spatial",20000,10001,20,2000,7,1000,500
5,"eff_range",1.00238403275375,2126.9155521047,3415.86329218956,TRUE,"spatial",20000,10001,20,2000,7,1000,500
5,"lp",1.00154758568771,2116.59944771063,2143.96846941729,TRUE,"spatial",20000,10001,20,2000,7,1000,500
1,"tau_B_sq",1.00243065660499,3972.41997593428,3811.09622845413,TRUE,"nonspatial",10000,5001,10,2000,7,1000,500
1,"lp",1.0021680859265,3020.42413842429,3231.08645539346,TRUE,"nonspatial",10000,5001,10,2000,7,1000,500
2,"tau_B_sq",1.00174790276835,3569.83811566392,4079.97917366093,TRUE,"nonspatial",10000,5001,10,2000,7,1000,500
2,"lp",1.00139352246511,2839.27643498006,2890.59402799193,TRUE,"nonspatial",10000,5001,10,2000,7,1000,500
3,"tau_B_sq",1.00014907468985,4108.15139168873,3642.38115178354,TRUE,"nonspatial",10000,5001,10,2000,7,1000,500
3,"lp",1.0004512949506,2927.02669230068,3058.38862921465,TRUE,"nonspatial",10000,5001,10,2000,7,1000,500
4,"tau_B_sq",1.00136868862858,3978.36150664079,4307.68773081505,TRUE,"nonspatial",10000,5001,10,2000,7,1000,500
4,"lp",1.00058887641306,2944.8040066364,3317.54874087876,TRUE,"nonspatial",10000,5001,10,2000,7,1000,500
5,"tau_B_sq",1.00065794742374,3625.45915479343,3537.25383207779,TRUE,"nonspatial",10000,5001,10,2000,7,1000,500
5,"lp",1.00148379425282,2635.28580298433,2825.45729212498,TRUE,"nonspatial",10000,5001,10,2000,7,1000,500
1,"tau_B_sq",1.00285925716754,1497.34911949547,1802.21034905771,TRUE,"spatial",10000,5001,10,2000,8,1000,500
1,"sigma_sq",1.00299676069251,1502.59692066004,2008.2827972595,TRUE,"spatial",10000,5001,10,2000,8,1000,500
1,"eff_range",1.00306849718799,1609.61885662432,1909.28253621976,TRUE,"spatial",10000,5001,10,2000,8,1000,500
1,"lp",1.00438837431676,1219.21296506021,1334.33640486852,TRUE,"spatial",10000,5001,10,2000,8,1000,500
2,"tau_B_sq",1.00129588784646,1641.69469855159,1516.54441737621,TRUE,"spatial",10000,5001,10,2000,8,1000,500
2,"sigma_sq",1.00282591263458,1522.03321864168,1781.14861219296,TRUE,"spatial",10000,5001,10,2000,8,1000,500
2,"eff_range",1.00204215674718,1665.21848321743,2146.13538324665,TRUE,"spatial",10000,5001,10,2000,8,1000,500
2,"lp",1.00122532005738,1451.42444115229,1540.23042190961,TRUE,"spatial",10000,5001,10,2000,8,1000,500
3,"tau_B_sq",1.00200170566291,1404.75408129882,1729.71078670276,TRUE,"spatial",10000,5001,10,2000,8,1000,500
3,"sigma_sq",1.00508464265292,1228.46933051232,1948.01426836039,TRUE,"spatial",10000,5001,10,2000,8,1000,500
3,"eff_range",1.00312947214487,1351.88642578678,1979.46247420415,TRUE,"spatial",10000,5001,10,2000,8,1000,500
3,"lp",1.00428635757423,1399.68450225568,1487.88318067258,TRUE,"spatial",10000,5001,10,2000,8,1000,500
4,"tau_B_sq",1.00112414301626,1522.84565385886,1485.50785936232,TRUE,"spatial",10000,5001,10,2000,8,1000,500
4,"sigma_sq",1.00236071134335,1372.28767363646,1797.54276762701,TRUE,"spatial",10000,5001,10,2000,8,1000,500
4,"eff_range",1.00114567570635,1699.09478117578,1874.22786837788,TRUE,"spatial",10000,5001,10,2000,8,1000,500
4,"lp",1.00417160016525,1296.27768038372,1340.59499538291,TRUE,"spatial",10000,5001,10,2000,8,1000,500
5,"tau_B_sq",1.00192166617949,1334.73148456548,1725.55019728404,TRUE,"spatial",10000,5001,10,2000,8,1000,500
5,"sigma_sq",1.00276706487116,1563.07547880805,2096.45557264228,TRUE,"spatial",10000,5001,10,2000,8,1000,500
5,"eff_range",1.00410132578654,1389.18037033173,2143.04853410898,TRUE,"spatial",10000,5001,10,2000,8,1000,500
5,"lp",1.00415749529456,1174.93207768769,1185.74560359398,TRUE,"spatial",10000,5001,10,2000,8,1000,500
1,"tau_B_sq",0.999938290312212,3986.88789535289,4481.10018669081,TRUE,"nonspatial",10000,5001,10,2000,8,1000,500
1,"lp",1.00056873542945,3098.50365225027,2851.38374258099,TRUE,"nonspatial",10000,5001,10,2000,8,1000,500
2,"tau_B_sq",1.00161553049698,3783.77043202368,4418.50274212619,TRUE,"nonspatial",10000,5001,10,2000,8,1000,500
2,"lp",1.00133671252643,3156.16222941139,2678.67917426289,TRUE,"nonspatial",10000,5001,10,2000,8,1000,500
3,"tau_B_sq",1.00235050032492,3882.07200804524,3445.97931049621,TRUE,"nonspatial",10000,5001,10,2000,8,1000,500
3,"lp",1.0015007273241,2882.74298460085,3005.6766979784,TRUE,"nonspatial",10000,5001,10,2000,8,1000,500
4,"tau_B_sq",1.00097071235357,4057.24776611952,4194.20628881088,TRUE,"nonspatial",10000,5001,10,2000,8,1000,500
4,"lp",1.00146591463298,3100.7342690881,3128.01840304245,TRUE,"nonspatial",10000,5001,10,2000,8,1000,500
5,"tau_B_sq",1.00097889645459,3817.29763190735,3437.54384199193,TRUE,"nonspatial",10000,5001,10,2000,8,1000,500
5,"lp",1.00141412471059,2849.37093841484,2758.79565911469,TRUE,"nonspatial",10000,5001,10,2000,8,1000,500
1,"tau_B_sq",1.00179902600386,1312.38213883019,1722.69116440178,TRUE,"spatial",10000,5001,10,2000,9,1000,500
1,"sigma_sq",1.0020696172579,1398.57125280081,2259.08272847612,TRUE,"spatial",10000,5001,10,2000,9,1000,500
1,"eff_range",1.00343786319346,1353.59015708251,1861.11784730247,TRUE,"spatial",10000,5001,10,2000,9,1000,500
1,"lp",1.00411185639077,1171.79548796198,1634.52707508841,TRUE,"spatial",10000,5001,10,2000,9,1000,500
2,"tau_B_sq",1.00299131537387,1626.70718608436,1849.98370277131,TRUE,"spatial",10000,5001,10,2000,9,1000,500
2,"sigma_sq",1.00308432864712,1395.48155814245,1705.08865060355,TRUE,"spatial",10000,5001,10,2000,9,1000,500
2,"eff_range",1.002682824002,1242.63281380215,1397.61105012057,TRUE,"spatial",10000,5001,10,2000,9,1000,500
2,"lp",1.00160856179858,935.226841422992,1198.07079876895,TRUE,"spatial",10000,5001,10,2000,9,1000,500
3,"tau_B_sq",1.00302721982819,1556.56279145566,1837.34139210699,TRUE,"spatial",10000,5001,10,2000,9,1000,500
3,"sigma_sq",1.00310823069652,1720.04351221052,2049.44314409978,TRUE,"spatial",10000,5001,10,2000,9,1000,500
3,"eff_range",1.00107886131307,1520.16754208119,1610.85316235947,TRUE,"spatial",10000,5001,10,2000,9,1000,500
3,"lp",1.00359052513077,897.02914869857,1173.5705171951,TRUE,"spatial",10000,5001,10,2000,9,1000,500
4,"tau_B_sq",1.00238561517786,1507.77241181456,1426.48243633757,TRUE,"spatial",10000,5001,10,2000,9,1000,500
4,"sigma_sq",1.00305644273848,1558.28591354512,1463.5550453403,TRUE,"spatial",10000,5001,10,2000,9,1000,500
4,"eff_range",1.00464171760712,1351.54765499325,1252.52975162566,TRUE,"spatial",10000,5001,10,2000,9,1000,500
4,"lp",1.00382900471184,987.852068709274,961.214325026606,TRUE,"spatial",10000,5001,10,2000,9,1000,500
5,"tau_B_sq",1.00181643714485,1512.67348368892,1871.81932754301,TRUE,"spatial",10000,5001,10,2000,9,1000,500
5,"sigma_sq",1.00257768654876,1808.88406816937,2320.57382659088,TRUE,"spatial",10000,5001,10,2000,9,1000,500
5,"eff_range",1.00254542810603,1368.73781917911,1316.91423107302,TRUE,"spatial",10000,5001,10,2000,9,1000,500
5,"lp",1.00375691375005,1026.73727846108,951.843669142603,TRUE,"spatial",10000,5001,10,2000,9,1000,500
1,"tau_B_sq",1.00083166301641,3899.19385667844,4505.1722239315,TRUE,"nonspatial",10000,5001,10,2000,9,1000,500
1,"lp",1.00073416498443,3039.19125278031,2423.76258890238,TRUE,"nonspatial",10000,5001,10,2000,9,1000,500
2,"tau_B_sq",1.00062586424433,3678.7400250331,3691.21110411591,TRUE,"nonspatial",10000,5001,10,2000,9,1000,500
2,"lp",1.00224492298437,2980.81226285741,2834.85718464401,TRUE,"nonspatial",10000,5001,10,2000,9,1000,500
3,"tau_B_sq",1.00119148297256,3912.29121868517,3709.75359230939,TRUE,"nonspatial",10000,5001,10,2000,9,1000,500
3,"lp",1.00129766015872,2790.57687220907,2359.92347891687,TRUE,"nonspatial",10000,5001,10,2000,9,1000,500
4,"tau_B_sq",1.00116608952208,3848.4384975047,3645.45711632076,TRUE,"nonspatial",10000,5001,10,2000,9,1000,500
4,"lp",1.00102832105229,3075.2110459509,3275.01455577076,TRUE,"nonspatial",10000,5001,10,2000,9,1000,500
5,"tau_B_sq",1.00276061135578,3855.6251676968,3886.47291355924,TRUE,"nonspatial",10000,5001,10,2000,9,1000,500
5,"lp",1.00244875645769,3011.03482938462,3447.34178437148,TRUE,"nonspatial",10000,5001,10,2000,9,1000,500
1,"tau_B_sq",1.00332306227061,1252.43048681626,1797.83126413695,TRUE,"spatial",10000,5001,10,2000,10,1000,500
1,"sigma_sq",1.00150913835487,1799.96236659457,2024.01954070488,TRUE,"spatial",10000,5001,10,2000,10,1000,500
1,"eff_range",1.00217075399877,1561.94310217223,1832.43184284144,TRUE,"spatial",10000,5001,10,2000,10,1000,500
1,"lp",1.00483247101393,1293.52046708676,1561.36308115706,TRUE,"spatial",10000,5001,10,2000,10,1000,500
2,"tau_B_sq",1.00195137436111,1499.04755571633,1859.22762723296,TRUE,"spatial",10000,5001,10,2000,10,1000,500
2,"sigma_sq",1.00319111636473,1664.73227561586,2049.51200126232,TRUE,"spatial",10000,5001,10,2000,10,1000,500
2,"eff_range",1.00219877969623,1749.10636485481,2081.47371273116,TRUE,"spatial",10000,5001,10,2000,10,1000,500
2,"lp",1.00160032795385,1328.76959901094,1773.04844115758,TRUE,"spatial",10000,5001,10,2000,10,1000,500
3,"tau_B_sq",1.00153565242987,1540.26332482027,1969.47917400788,TRUE,"spatial",10000,5001,10,2000,10,1000,500
3,"sigma_sq",1.0029274923596,1685.37813094449,2133.59909134845,TRUE,"spatial",10000,5001,10,2000,10,1000,500
3,"eff_range",1.00499314653879,1681.29673855627,2034.40858293934,TRUE,"spatial",10000,5001,10,2000,10,1000,500
3,"lp",1.00175607094737,1418.12039304906,1361.02697465857,TRUE,"spatial",10000,5001,10,2000,10,1000,500
4,"tau_B_sq",1.00206926258013,1784.97563401654,2371.72539796364,TRUE,"spatial",10000,5001,10,2000,10,1000,500
4,"sigma_sq",1.00323743745031,1620.93990756584,2359.68566256451,TRUE,"spatial",10000,5001,10,2000,10,1000,500
4,"eff_range",1.00121171219447,1407.64676088397,1367.48269717921,TRUE,"spatial",10000,5001,10,2000,10,1000,500
4,"lp",1.00455218628906,1020.72220821974,1483.11235547592,TRUE,"spatial",10000,5001,10,2000,10,1000,500
5,"tau_B_sq",1.00456766675295,1407.61040352286,1803.83981239592,TRUE,"spatial",10000,5001,10,2000,10,1000,500
5,"sigma_sq",1.00184914929143,1629.58403008716,2188.66437299367,TRUE,"spatial",10000,5001,10,2000,10,1000,500
5,"eff_range",1.00482173613997,1709.99297266748,1924.65670953587,TRUE,"spatial",10000,5001,10,2000,10,1000,500
5,"lp",1.00753327078369,1251.00590473536,1457.76048869938,TRUE,"spatial",10000,5001,10,2000,10,1000,500
1,"tau_B_sq",1.00136289271661,3993.69304308452,3921.79503708828,TRUE,"nonspatial",10000,5001,10,2000,10,1000,500
1,"lp",1.00130456954975,2563.30768309503,2871.10321887241,TRUE,"nonspatial",10000,5001,10,2000,10,1000,500
2,"tau_B_sq",1.00051399522619,3499.58149091844,3509.11858356546,TRUE,"nonspatial",10000,5001,10,2000,10,1000,500
2,"lp",1.00139681021051,2948.30564656124,2827.99633494299,TRUE,"nonspatial",10000,5001,10,2000,10,1000,500
3,"tau_B_sq",1.00166650725463,3802.60783919573,3691.72376055761,TRUE,"nonspatial",10000,5001,10,2000,10,1000,500
3,"lp",1.00223442882849,2752.2304726653,3073.16630188905,TRUE,"nonspatial",10000,5001,10,2000,10,1000,500
4,"tau_B_sq",1.00221305948267,3620.50558307078,3609.70672500418,TRUE,"nonspatial",10000,5001,10,2000,10,1000,500
4,"lp",1.00206575242915,2729.2655642325,2790.53892600034,TRUE,"nonspatial",10000,5001,10,2000,10,1000,500
5,"tau_B_sq",1.00172575812583,3799.67906872898,4136.40066990738,TRUE,"nonspatial",10000,5001,10,2000,10,1000,500
5,"lp",1.00213460306573,2622.43604229574,2398.01458355742,TRUE,"nonspatial",10000,5001,10,2000,10,1000,500
1,"tau_B_sq",1.00203472258944,1510.29242036708,1618.08262872705,TRUE,"spatial",10000,5001,10,2000,1,0,250
1,"sigma_sq",1.00248782896286,1464.46319680483,2008.28277033706,TRUE,"spatial",10000,5001,10,2000,1,0,250
1,"eff_range",1.00125623808097,1524.50235521186,1938.18440377058,TRUE,"spatial",10000,5001,10,2000,1,0,250
1,"lp",1.00243314266953,1076.11254446898,1450.71516888589,TRUE,"spatial",10000,5001,10,2000,1,0,250
2,"tau_B_sq",1.00342683817408,1555.92048109808,1666.63803709615,TRUE,"spatial",10000,5001,10,2000,1,0,250
2,"sigma_sq",1.00083853386637,1529.24777123881,1967.98006602905,TRUE,"spatial",10000,5001,10,2000,1,0,250
2,"eff_range",1.00221108372636,1566.86627979869,2059.78354314597,TRUE,"spatial",10000,5001,10,2000,1,0,250
2,"lp",1.00207684491142,1389.88998933562,1337.56788164584,TRUE,"spatial",10000,5001,10,2000,1,0,250
3,"tau_B_sq",1.00273398540983,1577.98492724643,1908.29977221044,TRUE,"spatial",10000,5001,10,2000,1,0,250
3,"sigma_sq",1.00244227541322,1597.82456420155,2166.67001370267,TRUE,"spatial",10000,5001,10,2000,1,0,250
3,"eff_range",1.00221215355261,1372.12095004518,1619.13775096387,TRUE,"spatial",10000,5001,10,2000,1,0,250
3,"lp",1.0048299718164,1244.55782579324,1664.4207562674,TRUE,"spatial",10000,5001,10,2000,1,0,250
4,"tau_B_sq",1.00188308804274,1594.39397400045,2019.05258086203,TRUE,"spatial",10000,5001,10,2000,1,0,250
4,"sigma_sq",1.00187934798147,1505.19449950621,2161.63355102561,TRUE,"spatial",10000,5001,10,2000,1,0,250
4,"eff_range",1.00202589433564,1358.84422205021,1661.59408172919,TRUE,"spatial",10000,5001,10,2000,1,0,250
4,"lp",1.0026872165553,1246.6883391509,1729.13453126052,TRUE,"spatial",10000,5001,10,2000,1,0,250
5,"tau_B_sq",1.00243550097728,1704.0267049437,2142.86315113741,TRUE,"spatial",10000,5001,10,2000,1,0,250
5,"sigma_sq",1.00333322460151,1453.17494185727,2125.72952557704,TRUE,"spatial",10000,5001,10,2000,1,0,250
5,"eff_range",1.00558803690351,1633.32436491381,2200.16513833665,TRUE,"spatial",10000,5001,10,2000,1,0,250
5,"lp",1.00386034383302,1181.861098704,1680.42863747007,TRUE,"spatial",10000,5001,10,2000,1,0,250
1,"tau_B_sq",1.00166982004763,4178.11773655654,4158.5478837633,TRUE,"nonspatial",10000,5001,10,2000,1,0,250
1,"lp",1.00152248111487,3033.58846733746,3139.21179642203,TRUE,"nonspatial",10000,5001,10,2000,1,0,250
2,"tau_B_sq",1.00086876545549,3589.48400488479,3724.65903698125,TRUE,"nonspatial",10000,5001,10,2000,1,0,250
2,"lp",1.00246424985513,2915.17413504931,2631.58959714791,TRUE,"nonspatial",10000,5001,10,2000,1,0,250
3,"tau_B_sq",1.00036599009938,3770.06973878107,3628.44023943081,TRUE,"nonspatial",10000,5001,10,2000,1,0,250
3,"lp",1.00047664945017,2979.61837933355,3207.30634089387,TRUE,"nonspatial",10000,5001,10,2000,1,0,250
4,"tau_B_sq",1.00145564367424,4145.16595812505,4157.23218281384,TRUE,"nonspatial",10000,5001,10,2000,1,0,250
4,"lp",1.00148658187457,3217.84584455176,2950.69873995519,TRUE,"nonspatial",10000,5001,10,2000,1,0,250
5,"tau_B_sq",1.00133273911615,3987.81802863213,4112.6169885573,TRUE,"nonspatial",10000,5001,10,2000,1,0,250
5,"lp",1.00149453536686,3064.0524681116,2691.75396129174,TRUE,"nonspatial",10000,5001,10,2000,1,0,250
1,"tau_B_sq",1.00309909824577,1466.05692651349,1294.87778108699,TRUE,"spatial",10000,5001,10,2000,2,0,250
1,"sigma_sq",1.00243140961273,1512.77705251695,1976.50849506682,TRUE,"spatial",10000,5001,10,2000,2,0,250
1,"eff_range",1.00558753509619,1347.79337363835,2092.48393964554,TRUE,"spatial",10000,5001,10,2000,2,0,250
1,"lp",1.00302733739417,1116.25744423778,1334.39733554364,TRUE,"spatial",10000,5001,10,2000,2,0,250
2,"tau_B_sq",1.00297125084879,1139.49872022793,1141.60429750807,TRUE,"spatial",10000,5001,10,2000,2,0,250
2,"sigma_sq",1.00358809652424,1462.20377601037,2172.02577546546,TRUE,"spatial",10000,5001,10,2000,2,0,250
2,"eff_range",1.00247607927364,1336.43895641673,1515.21943745671,TRUE,"spatial",10000,5001,10,2000,2,0,250
2,"lp",1.00335499105092,1229.52529587672,1528.77686511491,TRUE,"spatial",10000,5001,10,2000,2,0,250
3,"tau_B_sq",1.00166841832827,1422.0084826118,1774.51564745018,TRUE,"spatial",10000,5001,10,2000,2,0,250
3,"sigma_sq",1.00370839258346,1722.31538452724,2500.15983386379,TRUE,"spatial",10000,5001,10,2000,2,0,250
3,"eff_range",1.00272996509117,1572.60602029833,1904.8830933806,TRUE,"spatial",10000,5001,10,2000,2,0,250
3,"lp",1.00450725963314,1266.85998226336,1677.03562612352,TRUE,"spatial",10000,5001,10,2000,2,0,250
4,"tau_B_sq",1.0015074845437,1495.27095997557,1434.88605949384,TRUE,"spatial",10000,5001,10,2000,2,0,250
4,"sigma_sq",1.0016876228911,1581.98686730784,2349.70931962432,TRUE,"spatial",10000,5001,10,2000,2,0,250
4,"eff_range",1.00320770686743,1379.81846492582,1705.77572463129,TRUE,"spatial",10000,5001,10,2000,2,0,250
4,"lp",1.00242809401117,1333.80556142179,1710.59561334867,TRUE,"spatial",10000,5001,10,2000,2,0,250
5,"tau_B_sq",1.00335616473267,1323.14107293047,1580.95149715861,TRUE,"spatial",10000,5001,10,2000,2,0,250
5,"sigma_sq",1.00268562533603,1571.28835939192,2139.35405199108,TRUE,"spatial",10000,5001,10,2000,2,0,250
5,"eff_range",1.00604049793935,1373.86138269579,1445.54698892709,TRUE,"spatial",10000,5001,10,2000,2,0,250
5,"lp",1.00434492889662,1089.16738153766,1420.83688108725,TRUE,"spatial",10000,5001,10,2000,2,0,250
1,"tau_B_sq",1.00141881908795,3975.52842125526,3928.83347368105,TRUE,"nonspatial",10000,5001,10,2000,2,0,250
1,"lp",1.00092482555356,3007.71567032499,2985.10412074231,TRUE,"nonspatial",10000,5001,10,2000,2,0,250
2,"tau_B_sq",1.00067477727388,3814.98613808757,3768.46639712076,TRUE,"nonspatial",10000,5001,10,2000,2,0,250
2,"lp",1.0012835143943,2869.99529772926,2343.3011858876,TRUE,"nonspatial",10000,5001,10,2000,2,0,250
3,"tau_B_sq",1.00184514178411,3482.4189467563,3560.66196861419,TRUE,"nonspatial",10000,5001,10,2000,2,0,250
3,"lp",1.00241138679552,2753.69366946071,3221.77137630597,TRUE,"nonspatial",10000,5001,10,2000,2,0,250
4,"tau_B_sq",1.00142325579282,3891.79775282107,4021.22978637736,TRUE,"nonspatial",10000,5001,10,2000,2,0,250
4,"lp",1.00223764845472,3156.29408167735,2985.70429937852,TRUE,"nonspatial",10000,5001,10,2000,2,0,250
5,"tau_B_sq",1.00125182047194,3981.90449841781,3918.71538008085,TRUE,"nonspatial",10000,5001,10,2000,2,0,250
5,"lp",1.00128799003013,2858.26024179572,2757.73371163092,TRUE,"nonspatial",10000,5001,10,2000,2,0,250
1,"tau_B_sq",1.00075631503009,1655.23041837053,1795.24764296352,TRUE,"spatial",10000,5001,10,2000,3,0,250
1,"sigma_sq",1.00122964003698,1605.02721281671,2018.78504171992,TRUE,"spatial",10000,5001,10,2000,3,0,250
1,"eff_range",1.00184259813395,1339.77225238113,1649.12089498248,TRUE,"spatial",10000,5001,10,2000,3,0,250
1,"lp",1.00107022730433,1433.81156819564,1803.79348907551,TRUE,"spatial",10000,5001,10,2000,3,0,250
2,"tau_B_sq",1.00414227398199,1397.90255953262,1300.09689872734,TRUE,"spatial",10000,5001,10,2000,3,0,250
2,"sigma_sq",1.00407998685123,1450.37897692572,2391.37259393272,TRUE,"spatial",10000,5001,10,2000,3,0,250
2,"eff_range",1.00086051031808,1492.83825719582,1937.493752693,TRUE,"spatial",10000,5001,10,2000,3,0,250
2,"lp",1.00126320502776,1394.63501309429,1847.81771071027,TRUE,"spatial",10000,5001,10,2000,3,0,250
3,"tau_B_sq",1.00204976899227,1477.38158127818,1757.86402892689,TRUE,"spatial",10000,5001,10,2000,3,0,250
3,"sigma_sq",1.00849655235744,1261.57306974456,2263.70469989237,TRUE,"spatial",10000,5001,10,2000,3,0,250
3,"eff_range",1.00197030500136,1542.51811522595,2177.06138233429,TRUE,"spatial",10000,5001,10,2000,3,0,250
3,"lp",1.00234660467486,1417.12767984502,1700.30655374169,TRUE,"spatial",10000,5001,10,2000,3,0,250
4,"tau_B_sq",1.00177549210021,1496.33658295438,994.751942434673,TRUE,"spatial",10000,5001,10,2000,3,0,250
4,"sigma_sq",1.00140583799979,1409.85280036628,1755.456001519,TRUE,"spatial",10000,5001,10,2000,3,0,250
4,"eff_range",1.00141035788897,1341.58621186412,1483.27041800971,TRUE,"spatial",10000,5001,10,2000,3,0,250
4,"lp",1.00198995506119,1236.63874630955,1703.47490349127,TRUE,"spatial",10000,5001,10,2000,3,0,250
5,"tau_B_sq",1.00270840079129,1410.1979065795,1467.30085586609,TRUE,"spatial",10000,5001,10,2000,3,0,250
5,"sigma_sq",1.00451394206288,1414.7995558199,1959.44773968646,TRUE,"spatial",10000,5001,10,2000,3,0,250
5,"eff_range",1.00192125980744,1381.67476934669,1549.95279001062,TRUE,"spatial",10000,5001,10,2000,3,0,250
5,"lp",1.00198351475613,1062.49696181685,1354.70707375883,TRUE,"spatial",10000,5001,10,2000,3,0,250
1,"tau_B_sq",1.00129105602494,3757.28070310396,4024.51501632732,TRUE,"nonspatial",10000,5001,10,2000,3,0,250
1,"lp",1.00156792226852,2638.6490552023,2919.80615858989,TRUE,"nonspatial",10000,5001,10,2000,3,0,250
2,"tau_B_sq",1.00108984722175,3563.57409401489,4193.44650077925,TRUE,"nonspatial",10000,5001,10,2000,3,0,250
2,"lp",1.00217162138502,3070.99678614328,2943.07362987829,TRUE,"nonspatial",10000,5001,10,2000,3,0,250
3,"tau_B_sq",1.00146216760582,3886.99710940461,4060.8359377832,TRUE,"nonspatial",10000,5001,10,2000,3,0,250
3,"lp",1.00121955207149,2999.51434980652,2649.9962807865,TRUE,"nonspatial",10000,5001,10,2000,3,0,250
4,"tau_B_sq",1.00129057569626,3859.18382092039,3857.42290401423,TRUE,"nonspatial",10000,5001,10,2000,3,0,250
4,"lp",1.00082374997644,2922.56623842693,2780.2758536652,TRUE,"nonspatial",10000,5001,10,2000,3,0,250
5,"tau_B_sq",1.00083640718826,4018.91387825459,4419.55449178715,TRUE,"nonspatial",10000,5001,10,2000,3,0,250
5,"lp",1.00127117239228,3056.53722346671,2818.76283226528,TRUE,"nonspatial",10000,5001,10,2000,3,0,250
1,"tau_B_sq",1.00333898143035,1635.49681095541,1594.0917867992,TRUE,"spatial",10000,5001,10,2000,4,0,250
1,"sigma_sq",1.00091215737345,1570.53937980595,2209.94804668145,TRUE,"spatial",10000,5001,10,2000,4,0,250
1,"eff_range",1.00261974786814,1575.35466886052,2082.75892598188,TRUE,"spatial",10000,5001,10,2000,4,0,250
1,"lp",1.00145436399761,1344.80072051417,1544.43623397719,TRUE,"spatial",10000,5001,10,2000,4,0,250
2,"tau_B_sq",1.00228461282433,1534.50487466175,1424.46150057284,TRUE,"spatial",10000,5001,10,2000,4,0,250
2,"sigma_sq",1.00238529053916,1333.11953510693,1938.21360628401,TRUE,"spatial",10000,5001,10,2000,4,0,250
2,"eff_range",1.00093704828495,1527.96100178294,2005.12102871967,TRUE,"spatial",10000,5001,10,2000,4,0,250
2,"lp",1.00088037872343,1367.94293672073,1606.47187618465,TRUE,"spatial",10000,5001,10,2000,4,0,250
3,"tau_B_sq",1.00139305534873,1555.28247393527,1765.78728757607,TRUE,"spatial",10000,5001,10,2000,4,0,250
3,"sigma_sq",1.00194856294241,1715.219550287,2164.83577796049,TRUE,"spatial",10000,5001,10,2000,4,0,250
3,"eff_range",1.00290334479164,1567.67769022307,2121.52081739044,TRUE,"spatial",10000,5001,10,2000,4,0,250
3,"lp",1.00168703889147,1397.44462142605,1887.9161656092,TRUE,"spatial",10000,5001,10,2000,4,0,250
4,"tau_B_sq",1.00423827355988,1368.60554087682,1030.37094556998,TRUE,"spatial",10000,5001,10,2000,4,0,250
4,"sigma_sq",1.0032976828569,1504.41933486389,1936.45660571323,TRUE,"spatial",10000,5001,10,2000,4,0,250
4,"eff_range",1.00403660447146,1297.06663633897,1688.57847245677,TRUE,"spatial",10000,5001,10,2000,4,0,250
4,"lp",1.00607703289848,1298.98797247922,1440.41006766274,TRUE,"spatial",10000,5001,10,2000,4,0,250
5,"tau_B_sq",1.00094581965494,1624.185159031,1570.1870634271,TRUE,"spatial",10000,5001,10,2000,4,0,250
5,"sigma_sq",1.00303537015058,1392.76244166325,1898.54185385409,TRUE,"spatial",10000,5001,10,2000,4,0,250
5,"eff_range",1.00671771229891,1459.84776189213,2052.15506415378,TRUE,"spatial",10000,5001,10,2000,4,0,250
5,"lp",1.00202781227652,1350.77387242201,1799.76401472669,TRUE,"spatial",10000,5001,10,2000,4,0,250
1,"tau_B_sq",1.00150578791778,3972.43283683009,3970.85461055611,TRUE,"nonspatial",10000,5001,10,2000,4,0,250
1,"lp",1.00073738056411,2403.52464919596,2957.40574695746,TRUE,"nonspatial",10000,5001,10,2000,4,0,250
2,"tau_B_sq",1.00117562688882,4197.79592021341,3858.72722116245,TRUE,"nonspatial",10000,5001,10,2000,4,0,250
2,"lp",1.00111596255165,3021.70133567967,2985.89938691066,TRUE,"nonspatial",10000,5001,10,2000,4,0,250
3,"tau_B_sq",1.00140924196885,3857.25277309181,3857.92053089933,TRUE,"nonspatial",10000,5001,10,2000,4,0,250
3,"lp",1.00114344263135,2884.33196540327,3089.99202232696,TRUE,"nonspatial",10000,5001,10,2000,4,0,250
4,"tau_B_sq",1.00076855789901,3760.65036958209,3795.50940293693,TRUE,"nonspatial",10000,5001,10,2000,4,0,250
4,"lp",1.0015293494137,2477.59126235365,2380.79160230696,TRUE,"nonspatial",10000,5001,10,2000,4,0,250
5,"tau_B_sq",1.00166305961538,3912.66498286459,4249.03898296913,TRUE,"nonspatial",10000,5001,10,2000,4,0,250
5,"lp",1.00167995594439,2938.18005713022,2928.67710662061,TRUE,"nonspatial",10000,5001,10,2000,4,0,250
1,"tau_B_sq",1.00216293654143,1712.26852488273,1672.87678881558,TRUE,"spatial",10000,5001,10,2000,5,0,250
1,"sigma_sq",1.00315494494607,1747.38561790316,1962.54281216027,TRUE,"spatial",10000,5001,10,2000,5,0,250
1,"eff_range",1.00258168509276,1619.8798713429,2069.80402520001,TRUE,"spatial",10000,5001,10,2000,5,0,250
1,"lp",1.00232314177522,1346.24019200803,1752.04207316648,TRUE,"spatial",10000,5001,10,2000,5,0,250
2,"tau_B_sq",1.00303386730183,1770.02217369182,1598.68564549133,TRUE,"spatial",10000,5001,10,2000,5,0,250
2,"sigma_sq",1.00205494579655,1624.2643647419,2443.92911818711,TRUE,"spatial",10000,5001,10,2000,5,0,250
2,"eff_range",1.00230897584925,1695.55794196866,1894.54504265344,TRUE,"spatial",10000,5001,10,2000,5,0,250
2,"lp",1.00459174503509,1490.54338449953,1830.35962788769,TRUE,"spatial",10000,5001,10,2000,5,0,250
3,"tau_B_sq",1.0055730400899,1533.3147395497,1738.98300529925,TRUE,"spatial",10000,5001,10,2000,5,0,250
3,"sigma_sq",1.00493844635626,1429.35027525575,2082.64554886057,TRUE,"spatial",10000,5001,10,2000,5,0,250
3,"eff_range",1.00541000066621,1614.42550885389,2114.08987101805,TRUE,"spatial",10000,5001,10,2000,5,0,250
3,"lp",1.00424445868962,1338.44043652575,1448.37254132314,TRUE,"spatial",10000,5001,10,2000,5,0,250
4,"tau_B_sq",1.00344611710426,1547.0583469082,1388.38630306268,TRUE,"spatial",10000,5001,10,2000,5,0,250
4,"sigma_sq",1.00442079741575,1553.20738831594,2048.46766321075,TRUE,"spatial",10000,5001,10,2000,5,0,250
4,"eff_range",1.00436879017139,1581.06135735203,1659.30874046772,TRUE,"spatial",10000,5001,10,2000,5,0,250
4,"lp",1.00692415725654,1242.98846463416,1514.61267398349,TRUE,"spatial",10000,5001,10,2000,5,0,250
5,"tau_B_sq",1.00228358192569,1724.12109676615,1672.26280027668,TRUE,"spatial",10000,5001,10,2000,5,0,250
5,"sigma_sq",1.00160485027925,1603.69315545441,2245.54547221754,TRUE,"spatial",10000,5001,10,2000,5,0,250
5,"eff_range",1.00131058204048,1707.27697763001,2193.73931738247,TRUE,"spatial",10000,5001,10,2000,5,0,250
5,"lp",1.00123546793936,1346.78805597496,1411.53814633829,TRUE,"spatial",10000,5001,10,2000,5,0,250
1,"tau_B_sq",1.00157450230073,3832.82511711669,4143.48160173168,TRUE,"nonspatial",10000,5001,10,2000,5,0,250
1,"lp",1.00248682912403,2733.99264319243,2693.52747333867,TRUE,"nonspatial",10000,5001,10,2000,5,0,250
2,"tau_B_sq",1.0011727858312,3582.00093591854,3522.59731459172,TRUE,"nonspatial",10000,5001,10,2000,5,0,250
2,"lp",1.00107643424794,2831.06693797943,2757.81973329374,TRUE,"nonspatial",10000,5001,10,2000,5,0,250
3,"tau_B_sq",1.00060125874782,3966.77330436686,4002.34615906962,TRUE,"nonspatial",10000,5001,10,2000,5,0,250
3,"lp",1.00067810422224,2774.10820989883,2472.20834184299,TRUE,"nonspatial",10000,5001,10,2000,5,0,250
4,"tau_B_sq",1.00201115016335,3605.90854727296,4043.22766646919,TRUE,"nonspatial",10000,5001,10,2000,5,0,250
4,"lp",1.00117940933277,2850.99756574897,2939.77041208246,TRUE,"nonspatial",10000,5001,10,2000,5,0,250
5,"tau_B_sq",1.00206993319749,4020.01497761872,4308.10461965272,TRUE,"nonspatial",10000,5001,10,2000,5,0,250
5,"lp",1.00182613753916,2858.34791232302,2735.9881659956,TRUE,"nonspatial",10000,5001,10,2000,5,0,250
1,"tau_B_sq",1.00304134536638,1219.6221622658,1324.57907899041,TRUE,"spatial",10000,5001,10,2000,6,0,250
1,"sigma_sq",1.00094486353331,1480.31061019801,1772.81348979459,TRUE,"spatial",10000,5001,10,2000,6,0,250
1,"eff_range",1.00267011726467,1525.16888761302,1847.19488710371,TRUE,"spatial",10000,5001,10,2000,6,0,250
1,"lp",1.00099294174418,1324.52429782762,1294.21156874994,TRUE,"spatial",10000,5001,10,2000,6,0,250
2,"tau_B_sq",1.00343291678766,1483.77804638602,1321.36641265082,TRUE,"spatial",10000,5001,10,2000,6,0,250
2,"sigma_sq",1.00244447709852,1671.78926612783,2294.41541191163,TRUE,"spatial",10000,5001,10,2000,6,0,250
2,"eff_range",1.00204986034623,1485.99362656547,2034.28022682554,TRUE,"spatial",10000,5001,10,2000,6,0,250
2,"lp",1.00208196441985,1166.28194070171,1613.50861718279,TRUE,"spatial",10000,5001,10,2000,6,0,250
3,"tau_B_sq",1.00237205238918,1258.7381804452,1329.25388790559,TRUE,"spatial",10000,5001,10,2000,6,0,250
3,"sigma_sq",1.00227918772147,1422.42044628827,2244.13237263759,TRUE,"spatial",10000,5001,10,2000,6,0,250
3,"eff_range",1.00160086474393,1661.36569387548,2093.71554333639,TRUE,"spatial",10000,5001,10,2000,6,0,250
3,"lp",1.00348614446289,1351.32947464246,1780.90258845073,TRUE,"spatial",10000,5001,10,2000,6,0,250
4,"tau_B_sq",1.00324941083494,1327.65568490001,1700.72896628508,TRUE,"spatial",10000,5001,10,2000,6,0,250
4,"sigma_sq",1.00235423775424,1503.96762805672,2338.77639711048,TRUE,"spatial",10000,5001,10,2000,6,0,250
4,"eff_range",1.00207102126334,1446.13761497483,1858.13481923626,TRUE,"spatial",10000,5001,10,2000,6,0,250
4,"lp",1.00466374984096,1239.69059596839,1404.84643096588,TRUE,"spatial",10000,5001,10,2000,6,0,250
5,"tau_B_sq",1.00262527812028,1494.78850078362,1497.11168635139,TRUE,"spatial",10000,5001,10,2000,6,0,250
5,"sigma_sq",1.00442276561111,1496.56024458026,2241.87937994946,TRUE,"spatial",10000,5001,10,2000,6,0,250
5,"eff_range",1.00264397297537,1361.19610421251,1518.72829035287,TRUE,"spatial",10000,5001,10,2000,6,0,250
5,"lp",1.00218798616528,1182.83651327274,1629.37686633565,TRUE,"spatial",10000,5001,10,2000,6,0,250
1,"tau_B_sq",1.00093561291846,3440.73303277719,3592.13290830851,TRUE,"nonspatial",10000,5001,10,2000,6,0,250
1,"lp",1.00143283234593,2931.91173445713,2744.45204023471,TRUE,"nonspatial",10000,5001,10,2000,6,0,250
2,"tau_B_sq",1.00111690383902,3668.71919342638,3597.37026978447,TRUE,"nonspatial",10000,5001,10,2000,6,0,250
2,"lp",1.00053495163136,2938.8979651086,2938.33751155328,TRUE,"nonspatial",10000,5001,10,2000,6,0,250
3,"tau_B_sq",1.00140928569276,4020.42801872975,3744.14699201888,TRUE,"nonspatial",10000,5001,10,2000,6,0,250
3,"lp",1.00213754446513,2878.97807683961,3313.15441819573,TRUE,"nonspatial",10000,5001,10,2000,6,0,250
4,"tau_B_sq",1.00199077605074,3275.32034604621,3320.24921217663,TRUE,"nonspatial",10000,5001,10,2000,6,0,250
4,"lp",1.00060836604827,2782.40244516051,3067.46142115678,TRUE,"nonspatial",10000,5001,10,2000,6,0,250
5,"tau_B_sq",1.00113013161105,3672.04125858023,3839.23407159446,TRUE,"nonspatial",10000,5001,10,2000,6,0,250
5,"lp",1.00154842663797,2706.87933529196,2894.60879940734,TRUE,"nonspatial",10000,5001,10,2000,6,0,250
1,"tau_B_sq",1.0015678699547,1483.35729505568,1483.80460260976,TRUE,"spatial",10000,5001,10,2000,7,0,250
1,"sigma_sq",1.00335089082927,1504.74542366938,2012.27909796007,TRUE,"spatial",10000,5001,10,2000,7,0,250
1,"eff_range",1.00310460289845,1424.38919219399,1700.8092298758,TRUE,"spatial",10000,5001,10,2000,7,0,250
1,"lp",1.00672808835016,998.568832592579,1448.680634948,TRUE,"spatial",10000,5001,10,2000,7,0,250
2,"tau_B_sq",1.00311530343408,1189.75684866932,1075.36153719044,TRUE,"spatial",10000,5001,10,2000,7,0,250
2,"sigma_sq",1.00200728710012,1710.51298998641,1875.56405837328,TRUE,"spatial",10000,5001,10,2000,7,0,250
2,"eff_range",1.00322438866916,1309.00155303008,1491.09710572969,TRUE,"spatial",10000,5001,10,2000,7,0,250
2,"lp",1.00281876644541,1272.48052741362,1115.37944836674,TRUE,"spatial",10000,5001,10,2000,7,0,250
3,"tau_B_sq",1.00363636905844,1505.50181383661,1599.41605093999,TRUE,"spatial",10000,5001,10,2000,7,0,250
3,"sigma_sq",1.00319057484114,1625.31266809492,2352.97476571632,TRUE,"spatial",10000,5001,10,2000,7,0,250
3,"eff_range",1.00487077169212,1602.23347094817,2087.05562235778,TRUE,"spatial",10000,5001,10,2000,7,0,250
3,"lp",1.00520650777345,1259.8154422559,1436.02408250946,TRUE,"spatial",10000,5001,10,2000,7,0,250
4,"tau_B_sq",1.00133855310735,1373.27615436619,1314.66195619216,TRUE,"spatial",10000,5001,10,2000,7,0,250
4,"sigma_sq",1.00203807608162,1670.79419934838,1453.96792776682,TRUE,"spatial",10000,5001,10,2000,7,0,250
4,"eff_range",1.002368388714,1346.5126017555,1889.13025232753,TRUE,"spatial",10000,5001,10,2000,7,0,250
4,"lp",1.00175636462529,1170.32900646239,1415.04453757726,TRUE,"spatial",10000,5001,10,2000,7,0,250
5,"tau_B_sq",1.00379912786003,1398.53002877781,1396.19280587726,TRUE,"spatial",10000,5001,10,2000,7,0,250
5,"sigma_sq",1.00325117938849,1528.14459546961,2090.55151910534,TRUE,"spatial",10000,5001,10,2000,7,0,250
5,"eff_range",1.00431710288468,1382.25300496983,1589.90545993999,TRUE,"spatial",10000,5001,10,2000,7,0,250
5,"lp",1.00296901122825,1310.94530709971,1576.58401145417,TRUE,"spatial",10000,5001,10,2000,7,0,250
1,"tau_B_sq",1.00107941151663,3868.27548071423,4152.82554397167,TRUE,"nonspatial",10000,5001,10,2000,7,0,250
1,"lp",1.00077335364969,2987.59916816617,2494.07258595975,TRUE,"nonspatial",10000,5001,10,2000,7,0,250
2,"tau_B_sq",1.00121020538115,3890.59829597178,4101.63174808962,TRUE,"nonspatial",10000,5001,10,2000,7,0,250
2,"lp",1.00113419129565,3229.67137226463,3080.317125262,TRUE,"nonspatial",10000,5001,10,2000,7,0,250
3,"tau_B_sq",1.00133573686429,3744.4563726937,3468.02507692376,TRUE,"nonspatial",10000,5001,10,2000,7,0,250
3,"lp",1.00152234737099,2838.7438990128,3292.94687437307,TRUE,"nonspatial",10000,5001,10,2000,7,0,250
4,"tau_B_sq",1.00061812569341,3947.08641657932,4028.29650697356,TRUE,"nonspatial",10000,5001,10,2000,7,0,250
4,"lp",1.0007119611564,3184.3968758608,2632.02734725689,TRUE,"nonspatial",10000,5001,10,2000,7,0,250
5,"tau_B_sq",1.00129975596496,3965.94829706084,4684.86695085511,TRUE,"nonspatial",10000,5001,10,2000,7,0,250
5,"lp",1.00144464862567,3194.47790539509,3108.32622531576,TRUE,"nonspatial",10000,5001,10,2000,7,0,250
1,"tau_B_sq",1.00313125815785,1750.07876227825,2107.09649806417,TRUE,"spatial",10000,5001,10,2000,8,0,250
1,"sigma_sq",1.00282098076088,1912.95139225734,2407.22613908321,TRUE,"spatial",10000,5001,10,2000,8,0,250
1,"eff_range",1.00151924757049,1586.14983090629,1921.83088844366,TRUE,"spatial",10000,5001,10,2000,8,0,250
1,"lp",1.00134479849854,1289.05083204149,1321.96683184662,TRUE,"spatial",10000,5001,10,2000,8,0,250
2,"tau_B_sq",1.00424773365423,1765.08591782632,2339.69044343001,TRUE,"spatial",10000,5001,10,2000,8,0,250
2,"sigma_sq",1.00170282861268,1805.07596844978,2569.73328746754,TRUE,"spatial",10000,5001,10,2000,8,0,250
2,"eff_range",1.00423594347543,1633.8529419524,2004.16046950798,TRUE,"spatial",10000,5001,10,2000,8,0,250
2,"lp",1.00354214527248,1410.32808429468,1817.06674358219,TRUE,"spatial",10000,5001,10,2000,8,0,250
3,"tau_B_sq",1.00129864379325,1573.19630142105,2047.87592453759,TRUE,"spatial",10000,5001,10,2000,8,0,250
3,"sigma_sq",1.00191929223912,1687.19007984625,1901.45765928139,TRUE,"spatial",10000,5001,10,2000,8,0,250
3,"eff_range",1.00159141435583,1552.48687128452,2078.31947459266,TRUE,"spatial",10000,5001,10,2000,8,0,250
3,"lp",1.0018923462413,1327.23980044826,1432.64720273409,TRUE,"spatial",10000,5001,10,2000,8,0,250
4,"tau_B_sq",1.00258387949517,1687.23929057152,1967.10199993144,TRUE,"spatial",10000,5001,10,2000,8,0,250
4,"sigma_sq",1.00513714112971,1656.47748198633,1964.79892427,TRUE,"spatial",10000,5001,10,2000,8,0,250
4,"eff_range",1.00238164107244,1677.70948256017,2239.8691252129,TRUE,"spatial",10000,5001,10,2000,8,0,250
4,"lp",1.00197029645875,1349.12623506157,1594.02523617233,TRUE,"spatial",10000,5001,10,2000,8,0,250
5,"tau_B_sq",1.00159409450162,1751.87983394021,2441.54257242274,TRUE,"spatial",10000,5001,10,2000,8,0,250
5,"sigma_sq",1.00226227060562,1741.36054276856,2400.79015000744,TRUE,"spatial",10000,5001,10,2000,8,0,250
5,"eff_range",1.00272134568451,1178.57562832279,1610.57613427595,TRUE,"spatial",10000,5001,10,2000,8,0,250
5,"lp",1.00325434024388,1268.27199061822,1618.2813071201,TRUE,"spatial",10000,5001,10,2000,8,0,250
1,"tau_B_sq",1.00256234704603,3826.46882804316,3877.76445893437,TRUE,"nonspatial",10000,5001,10,2000,8,0,250
1,"lp",1.00254927203739,2860.74104779095,2685.33445850736,TRUE,"nonspatial",10000,5001,10,2000,8,0,250
2,"tau_B_sq",1.00102546766435,3779.18197279607,4169.17222654494,TRUE,"nonspatial",10000,5001,10,2000,8,0,250
2,"lp",1.00109110044136,2802.95553976655,2812.99159039978,TRUE,"nonspatial",10000,5001,10,2000,8,0,250
3,"tau_B_sq",1.00012791086055,3711.57011335166,3886.48446318352,TRUE,"nonspatial",10000,5001,10,2000,8,0,250
3,"lp",1.00022418280232,2932.53196793822,2504.55662887285,TRUE,"nonspatial",10000,5001,10,2000,8,0,250
4,"tau_B_sq",1.00163749030239,3997.80522872633,4258.63717427051,TRUE,"nonspatial",10000,5001,10,2000,8,0,250
4,"lp",1.00076041617459,3146.12892199862,2628.67705455384,TRUE,"nonspatial",10000,5001,10,2000,8,0,250
5,"tau_B_sq",1.00051201223334,3814.28733097028,3756.61121860735,TRUE,"nonspatial",10000,5001,10,2000,8,0,250
5,"lp",1.00046838458236,2780.57547900874,2473.10096180169,TRUE,"nonspatial",10000,5001,10,2000,8,0,250
1,"tau_B_sq",1.00369736252546,1326.81543476153,1433.38628003667,TRUE,"spatial",10000,5001,10,2000,9,0,250
1,"sigma_sq",1.00360057643368,1391.24333033748,2154.67710763245,TRUE,"spatial",10000,5001,10,2000,9,0,250
1,"eff_range",1.00288758857589,1470.81209449719,1412.76711322041,TRUE,"spatial",10000,5001,10,2000,9,0,250
1,"lp",1.00444827805123,1354.03691490557,1789.62125831366,TRUE,"spatial",10000,5001,10,2000,9,0,250
2,"tau_B_sq",1.00239682378974,1883.22264023703,1952.2003430329,TRUE,"spatial",10000,5001,10,2000,9,0,250
2,"sigma_sq",1.00289112190698,1600.50732547441,2210.15804097021,TRUE,"spatial",10000,5001,10,2000,9,0,250
2,"eff_range",1.00131564598352,1746.4997021017,2183.05308578328,TRUE,"spatial",10000,5001,10,2000,9,0,250
2,"lp",1.00440753008726,1374.61240162295,1538.36230212915,TRUE,"spatial",10000,5001,10,2000,9,0,250
3,"tau_B_sq",1.00391849983571,1188.77852141071,974.757354478694,TRUE,"spatial",10000,5001,10,2000,9,0,250
3,"sigma_sq",1.00237404448496,1416.61038539541,2061.39645916821,TRUE,"spatial",10000,5001,10,2000,9,0,250
3,"eff_range",1.00428400623608,1330.3720996638,1267.00335797632,TRUE,"spatial",10000,5001,10,2000,9,0,250
3,"lp",1.00228968245081,1314.87075898891,1718.75107305834,TRUE,"spatial",10000,5001,10,2000,9,0,250
4,"tau_B_sq",1.00290263247552,1360.23646790792,1350.49544313375,TRUE,"spatial",10000,5001,10,2000,9,0,250
4,"sigma_sq",1.00261259033284,1440.44746780767,2060.85244827774,TRUE,"spatial",10000,5001,10,2000,9,0,250
4,"eff_range",1.00201304135775,1628.49195690555,2301.7806948991,TRUE,"spatial",10000,5001,10,2000,9,0,250
4,"lp",1.00281747376036,1284.58764453388,1474.79496584159,TRUE,"spatial",10000,5001,10,2000,9,0,250
5,"tau_B_sq",1.00260458989728,1681.82646831527,1571.31154648121,TRUE,"spatial",10000,5001,10,2000,9,0,250
5,"sigma_sq",1.00098616927995,1497.53117144685,1920.67032443594,TRUE,"spatial",10000,5001,10,2000,9,0,250
5,"eff_range",1.00290442837129,1386.12630229309,1865.60788095328,TRUE,"spatial",10000,5001,10,2000,9,0,250
5,"lp",1.00158952478209,1354.43824209687,1619.03568282856,TRUE,"spatial",10000,5001,10,2000,9,0,250
1,"tau_B_sq",1.00058926220913,3847.42218348757,4037.11897758937,TRUE,"nonspatial",10000,5001,10,2000,9,0,250
1,"lp",1.00088548223538,2992.22416167139,2995.94974049864,TRUE,"nonspatial",10000,5001,10,2000,9,0,250
2,"tau_B_sq",1.00247419862463,3934.20398475372,4294.80769264453,TRUE,"nonspatial",10000,5001,10,2000,9,0,250
2,"lp",1.00168129239305,3004.82019473531,3457.48050691913,TRUE,"nonspatial",10000,5001,10,2000,9,0,250
3,"tau_B_sq",1.00202397374816,3849.03076633433,3403.94215620467,TRUE,"nonspatial",10000,5001,10,2000,9,0,250
3,"lp",1.00120918535319,2783.23595795106,3035.68281470402,TRUE,"nonspatial",10000,5001,10,2000,9,0,250
4,"tau_B_sq",1.00067838848158,3762.20815751893,3896.33465533836,TRUE,"nonspatial",10000,5001,10,2000,9,0,250
4,"lp",1.0003134168119,2948.45424583371,3110.95786976488,TRUE,"nonspatial",10000,5001,10,2000,9,0,250
5,"tau_B_sq",1.00162904816477,3917.85654852591,4219.03772751368,TRUE,"nonspatial",10000,5001,10,2000,9,0,250
5,"lp",1.00059779615451,3013.58175351378,2660.66274267329,TRUE,"nonspatial",10000,5001,10,2000,9,0,250
1,"tau_B_sq",1.0018678078806,1349.64047251462,1568.66265946866,TRUE,"spatial",10000,5001,10,2000,10,0,250
1,"sigma_sq",1.00185311632925,1466.83567708249,2068.01002804972,TRUE,"spatial",10000,5001,10,2000,10,0,250
1,"eff_range",1.00220940782919,1458.40168738761,2158.72127651403,TRUE,"spatial",10000,5001,10,2000,10,0,250
1,"lp",1.00274245223488,1455.87678274183,1990.75242609065,TRUE,"spatial",10000,5001,10,2000,10,0,250
2,"tau_B_sq",1.00189963585974,1857.02546514561,2175.5062479933,TRUE,"spatial",10000,5001,10,2000,10,0,250
2,"sigma_sq",1.00122777906525,1802.48452787868,2386.29977982223,TRUE,"spatial",10000,5001,10,2000,10,0,250
2,"eff_range",1.0015228169805,1774.15840182204,1945.24924062275,TRUE,"spatial",10000,5001,10,2000,10,0,250
2,"lp",1.00194134735335,1375.76471844577,1634.83121371219,TRUE,"spatial",10000,5001,10,2000,10,0,250
3,"tau_B_sq",1.004563899199,1462.33156922802,1410.5178988734,TRUE,"spatial",10000,5001,10,2000,10,0,250
3,"sigma_sq",1.00364037173005,1676.83275959617,2194.53752576607,TRUE,"spatial",10000,5001,10,2000,10,0,250
3,"eff_range",1.00132900193624,1635.05058870158,2216.34141180632,TRUE,"spatial",10000,5001,10,2000,10,0,250
3,"lp",1.0041246567594,1386.26189958183,1720.5146820467,TRUE,"spatial",10000,5001,10,2000,10,0,250
4,"tau_B_sq",1.00340581354077,1472.73360038093,1715.60347406776,TRUE,"spatial",10000,5001,10,2000,10,0,250
4,"sigma_sq",1.00257818782274,1542.33397501574,2146.45325283176,TRUE,"spatial",10000,5001,10,2000,10,0,250
4,"eff_range",1.00507758354515,1490.44260881574,2265.47787887226,TRUE,"spatial",10000,5001,10,2000,10,0,250
4,"lp",1.00545646811383,1356.29538945555,1565.48242485908,TRUE,"spatial",10000,5001,10,2000,10,0,250
5,"tau_B_sq",1.00157203931247,1590.83358925323,1718.80899717714,TRUE,"spatial",10000,5001,10,2000,10,0,250
5,"sigma_sq",1.00486726631325,1779.6501624115,2384.57968013733,TRUE,"spatial",10000,5001,10,2000,10,0,250
5,"eff_range",1.00267872276596,1615.31663118065,1940.43733216855,TRUE,"spatial",10000,5001,10,2000,10,0,250
5,"lp",1.00220417477079,1383.78350922324,1975.58487722693,TRUE,"spatial",10000,5001,10,2000,10,0,250
1,"tau_B_sq",1.00089945379298,3842.69812204647,4100.13845274039,TRUE,"nonspatial",10000,5001,10,2000,10,0,250
1,"lp",1.00185366175106,3029.93709695915,2454.44714158646,TRUE,"nonspatial",10000,5001,10,2000,10,0,250
2,"tau_B_sq",1.0010301465264,3720.19595659308,3985.71622862571,TRUE,"nonspatial",10000,5001,10,2000,10,0,250
2,"lp",1.00172053635105,2715.4145317722,2119.46260014029,TRUE,"nonspatial",10000,5001,10,2000,10,0,250
3,"tau_B_sq",1.00175499102815,3852.3841242757,3981.1526924009,TRUE,"nonspatial",10000,5001,10,2000,10,0,250
3,"lp",1.00157944721634,2905.37927473619,2963.53850925052,TRUE,"nonspatial",10000,5001,10,2000,10,0,250
4,"tau_B_sq",1.00057203744379,3720.6290469919,3901.99540940862,TRUE,"nonspatial",10000,5001,10,2000,10,0,250
4,"lp",1.00080220012377,2921.74637832589,3014.90943319406,TRUE,"nonspatial",10000,5001,10,2000,10,0,250
5,"tau_B_sq",1.00212156078278,3743.46349970264,3701.14884597835,TRUE,"nonspatial",10000,5001,10,2000,10,0,250
5,"lp",1.00172379325722,2921.39129182309,3277.00903241631,TRUE,"nonspatial",10000,5001,10,2000,10,0,250
1,"tau_B_sq",1.00491351235314,1085.24709078456,936.232267224069,TRUE,"spatial",10000,5001,10,2000,1,50,250
1,"sigma_sq",1.00417966497963,1245.73489450099,1639.62908333753,TRUE,"spatial",10000,5001,10,2000,1,50,250
1,"eff_range",1.00438041428351,1371.80506294912,1914.51164748058,TRUE,"spatial",10000,5001,10,2000,1,50,250
1,"lp",1.00327265713217,1288.04147192353,1395.28875591435,TRUE,"spatial",10000,5001,10,2000,1,50,250
2,"tau_B_sq",1.00480143973184,1027.93284817686,561.085772378022,TRUE,"spatial",10000,5001,10,2000,1,50,250
2,"sigma_sq",1.00417298778448,991.287866952024,1405.15717397956,TRUE,"spatial",10000,5001,10,2000,1,50,250
2,"eff_range",1.000932124788,1302.97164531754,1854.40055017499,TRUE,"spatial",10000,5001,10,2000,1,50,250
2,"lp",1.00480688566663,1126.52233865662,1515.70196315195,TRUE,"spatial",10000,5001,10,2000,1,50,250
3,"tau_B_sq",1.00876162612035,791.254213311562,675.142572817267,TRUE,"spatial",10000,5001,10,2000,1,50,250
3,"sigma_sq",1.00680488165715,911.172155296375,1386.0630821432,TRUE,"spatial",10000,5001,10,2000,1,50,250
3,"eff_range",1.00526879907535,1302.38482174596,1183.85776382308,TRUE,"spatial",10000,5001,10,2000,1,50,250
3,"lp",1.00426822868428,1069.54343762832,1260.92222079818,TRUE,"spatial",10000,5001,10,2000,1,50,250
4,"tau_B_sq",1.00247424123386,1043.91056605259,700.356010187434,TRUE,"spatial",10000,5001,10,2000,1,50,250
4,"sigma_sq",1.00503774748534,1126.60851141285,1602.26012547939,TRUE,"spatial",10000,5001,10,2000,1,50,250
4,"eff_range",1.00074495815575,1551.05122890823,1672.48971043842,TRUE,"spatial",10000,5001,10,2000,1,50,250
4,"lp",1.00199635169313,1058.19740335785,1383.83031653692,TRUE,"spatial",10000,5001,10,2000,1,50,250
5,"tau_B_sq",1.0050571728849,942.075344750364,478.038718378333,TRUE,"spatial",10000,5001,10,2000,1,50,250
5,"sigma_sq",1.00275684014198,1118.21209925858,1648.58998744478,TRUE,"spatial",10000,5001,10,2000,1,50,250
5,"eff_range",1.00151592969469,1457.67800484255,1748.92951460325,TRUE,"spatial",10000,5001,10,2000,1,50,250
5,"lp",1.00391249773795,1191.99652176068,1572.64866564092,TRUE,"spatial",10000,5001,10,2000,1,50,250
1,"tau_B_sq",1.00128437979595,4090.37178942496,4293.47180860156,TRUE,"nonspatial",10000,5001,10,2000,1,50,250
1,"lp",1.00136395638747,3136.90368040501,2731.62290711054,TRUE,"nonspatial",10000,5001,10,2000,1,50,250
2,"tau_B_sq",1.00136460427034,4002.94830721932,4186.57854228427,TRUE,"nonspatial",10000,5001,10,2000,1,50,250
2,"lp",1.00135674786128,2953.67017595234,3032.46813099241,TRUE,"nonspatial",10000,5001,10,2000,1,50,250
3,"tau_B_sq",1.00152701444204,3553.40431901974,3817.57720006291,TRUE,"nonspatial",10000,5001,10,2000,1,50,250
3,"lp",1.00105607187462,2722.53253252855,2243.62926369023,TRUE,"nonspatial",10000,5001,10,2000,1,50,250
4,"tau_B_sq",1.0008144548935,3556.41824416471,3765.32337556123,TRUE,"nonspatial",10000,5001,10,2000,1,50,250
4,"lp",1.00152708573401,3018.23676477686,3078.03064039671,TRUE,"nonspatial",10000,5001,10,2000,1,50,250
5,"tau_B_sq",1.00136560252208,3839.03696152807,3755.73486247258,TRUE,"nonspatial",10000,5001,10,2000,1,50,250
5,"lp",1.00145316653084,2719.27515456451,3082.41501296955,TRUE,"nonspatial",10000,5001,10,2000,1,50,250
1,"tau_B_sq",1.0056075440909,1040.31465484923,638.971100410361,TRUE,"spatial",10000,5001,10,2000,2,50,250
1,"sigma_sq",1.00244502389273,1232.22921368753,1374.38351865463,TRUE,"spatial",10000,5001,10,2000,2,50,250
1,"eff_range",1.00570007915765,1412.87319447807,1927.2632407312,TRUE,"spatial",10000,5001,10,2000,2,50,250
1,"lp",1.00351513274579,1087.92358677406,1516.33958046301,TRUE,"spatial",10000,5001,10,2000,2,50,250
2,"tau_B_sq",1.00840681292168,909.616671341701,460.605546768504,TRUE,"spatial",10000,5001,10,2000,2,50,250
2,"sigma_sq",1.0092827961392,815.04970408237,1097.13248244673,TRUE,"spatial",10000,5001,10,2000,2,50,250
2,"eff_range",1.00116682074189,1183.06169818605,1239.2373634244,TRUE,"spatial",10000,5001,10,2000,2,50,250
2,"lp",1.00620557071676,912.071509828806,1328.23007385783,TRUE,"spatial",10000,5001,10,2000,2,50,250
3,"tau_B_sq",1.00303701492702,1004.51514487894,656.377225347467,TRUE,"spatial",10000,5001,10,2000,2,50,250
3,"sigma_sq",1.00249493259918,953.926210152545,882.496004248817,TRUE,"spatial",10000,5001,10,2000,2,50,250
3,"eff_range",1.0014323129801,1069.27330851334,1389.49892832862,TRUE,"spatial",10000,5001,10,2000,2,50,250
3,"lp",1.00156364819588,1035.33989197888,1624.94826229946,TRUE,"spatial",10000,5001,10,2000,2,50,250
4,"tau_B_sq",1.00126350247074,1307.66766232783,1227.24460518737,TRUE,"spatial",10000,5001,10,2000,2,50,250
4,"sigma_sq",1.00119767841491,1508.92466865539,1831.60454757419,TRUE,"spatial",10000,5001,10,2000,2,50,250
4,"eff_range",1.00497041042524,1339.55737401836,1599.69660297924,TRUE,"spatial",10000,5001,10,2000,2,50,250
4,"lp",1.00115695876996,1200.72285442292,1433.10750146606,TRUE,"spatial",10000,5001,10,2000,2,50,250
5,"tau_B_sq",1.00283957106009,1257.6077580122,980.759728388583,TRUE,"spatial",10000,5001,10,2000,2,50,250
5,"sigma_sq",1.00142445597398,1218.75902912897,1632.94308454982,TRUE,"spatial",10000,5001,10,2000,2,50,250
5,"eff_range",1.00205242480847,1335.11415145852,1976.73661800975,TRUE,"spatial",10000,5001,10,2000,2,50,250
5,"lp",1.00242908986658,1156.76354786546,1498.14087962154,TRUE,"spatial",10000,5001,10,2000,2,50,250
1,"tau_B_sq",1.00149504784563,3660.36669239425,4094.12084910176,TRUE,"nonspatial",10000,5001,10,2000,2,50,250
1,"lp",1.00127989841675,2792.29121136983,2964.67330487938,TRUE,"nonspatial",10000,5001,10,2000,2,50,250
2,"tau_B_sq",1.00278745197385,3885.60327305626,3485.54677649791,TRUE,"nonspatial",10000,5001,10,2000,2,50,250
2,"lp",1.00228229675188,2912.13400846398,3180.16463945275,TRUE,"nonspatial",10000,5001,10,2000,2,50,250
3,"tau_B_sq",1.00118209407953,3795.29434113364,3520.56157523747,TRUE,"nonspatial",10000,5001,10,2000,2,50,250
3,"lp",1.00117184103354,2516.19451763192,2689.80471615783,TRUE,"nonspatial",10000,5001,10,2000,2,50,250
4,"tau_B_sq",1.00092323387068,3677.22972360692,4333.43079144737,TRUE,"nonspatial",10000,5001,10,2000,2,50,250
4,"lp",1.00089960433593,2795.97685529812,2566.9618627042,TRUE,"nonspatial",10000,5001,10,2000,2,50,250
5,"tau_B_sq",1.00145456714074,4042.98102215266,3595.20310163688,TRUE,"nonspatial",10000,5001,10,2000,2,50,250
5,"lp",1.00140036013784,2737.79463652169,2651.7707456193,TRUE,"nonspatial",10000,5001,10,2000,2,50,250
1,"tau_B_sq",1.00522464938962,1228.28931267026,538.101652715374,TRUE,"spatial",20000,10001,20,2000,3,50,250
1,"sigma_sq",1.00679241768406,1396.11371475353,1835.91647549428,TRUE,"spatial",20000,10001,20,2000,3,50,250
1,"eff_range",1.00173085158985,2187.30987275226,2715.1676900185,TRUE,"spatial",20000,10001,20,2000,3,50,250
1,"lp",1.00166647235341,1600.80013012899,2208.70496280043,TRUE,"spatial",20000,10001,20,2000,3,50,250
2,"tau_B_sq",1.00377781845724,2148.45775782925,1438.39247742106,TRUE,"spatial",20000,10001,20,2000,3,50,250
2,"sigma_sq",1.00218180788653,2133.5749404699,2781.76350138207,TRUE,"spatial",20000,10001,20,2000,3,50,250
2,"eff_range",1.00185937218925,2456.39420490573,3373.00226438803,TRUE,"spatial",20000,10001,20,2000,3,50,250
2,"lp",1.0015498576919,1889.32763692801,2899.47140899622,TRUE,"spatial",20000,10001,20,2000,3,50,250
3,"tau_B_sq",1.0016376917808,1327.04052971368,688.011070141494,TRUE,"spatial",20000,10001,20,2000,3,50,250
3,"sigma_sq",1.00169106661652,1551.69568909713,1545.36220749346,TRUE,"spatial",20000,10001,20,2000,3,50,250
3,"eff_range",1.00035198339327,2397.36400421126,3622.73268460214,TRUE,"spatial",20000,10001,20,2000,3,50,250
3,"lp",1.00131951616528,2152.39621569093,2556.05776917418,TRUE,"spatial",20000,10001,20,2000,3,50,250
4,"tau_B_sq",1.00198175667596,1129.77060577208,570.568538696229,TRUE,"spatial",20000,10001,20,2000,3,50,250
4,"sigma_sq",1.00165638583777,1431.14985226235,1806.68594776075,TRUE,"spatial",20000,10001,20,2000,3,50,250
4,"eff_range",1.00185357742454,1763.11930605724,3332.86689148103,TRUE,"spatial",20000,10001,20,2000,3,50,250
4,"lp",1.00195897941392,1498.20773732118,2488.76257636798,TRUE,"spatial",20000,10001,20,2000,3,50,250
5,"tau_B_sq",1.00165637450278,1744.44861166863,1236.48585773919,TRUE,"spatial",20000,10001,20,2000,3,50,250
5,"sigma_sq",1.00277648596337,2214.19298982635,2837.39133317783,TRUE,"spatial",20000,10001,20,2000,3,50,250
5,"eff_range",1.00182671921231,2399.93208204983,3073.08779242391,TRUE,"spatial",20000,10001,20,2000,3,50,250
5,"lp",1.00226196751082,1837.86756086501,2511.22161781544,TRUE,"spatial",20000,10001,20,2000,3,50,250
1,"tau_B_sq",1.00091522427405,3360.08918929859,4005.29820607072,TRUE,"nonspatial",10000,5001,10,2000,3,50,250
1,"lp",1.00182113005994,3042.34219968439,2860.60216754142,TRUE,"nonspatial",10000,5001,10,2000,3,50,250
2,"tau_B_sq",1.00065751779274,3655.07709846946,3989.15691506329,TRUE,"nonspatial",10000,5001,10,2000,3,50,250
2,"lp",1.00069057545191,2895.45556223087,3007.09998637202,TRUE,"nonspatial",10000,5001,10,2000,3,50,250
3,"tau_B_sq",1.00211720038801,3581.8081271876,3479.24594105893,TRUE,"nonspatial",10000,5001,10,2000,3,50,250
3,"lp",1.00208589529337,2901.05918713946,3124.03725353225,TRUE,"nonspatial",10000,5001,10,2000,3,50,250
4,"tau_B_sq",1.00085969683529,3921.70223999459,3993.0501277358,TRUE,"nonspatial",10000,5001,10,2000,3,50,250
4,"lp",1.00141896972574,2899.98933151897,2867.04149294263,TRUE,"nonspatial",10000,5001,10,2000,3,50,250
5,"tau_B_sq",1.00115147047571,3456.92167821371,4187.68415553593,TRUE,"nonspatial",10000,5001,10,2000,3,50,250
5,"lp",1.00125301628186,2831.77210079038,2694.05369334164,TRUE,"nonspatial",10000,5001,10,2000,3,50,250
1,"tau_B_sq",1.00546107439567,1038.80134873924,885.147786220928,TRUE,"spatial",10000,5001,10,2000,4,50,250
1,"sigma_sq",1.00242880016348,1239.99056337423,1822.55774325707,TRUE,"spatial",10000,5001,10,2000,4,50,250
1,"eff_range",1.00208059927805,1023.42759038107,1400.16268075263,TRUE,"spatial",10000,5001,10,2000,4,50,250
1,"lp",1.00225186836327,1046.18482472789,1068.22972681366,TRUE,"spatial",10000,5001,10,2000,4,50,250
2,"tau_B_sq",1.00298977807001,1084.17095126636,640.801444528857,TRUE,"spatial",10000,5001,10,2000,4,50,250
2,"sigma_sq",1.00344522589289,1100.41423854334,1380.59275187762,TRUE,"spatial",10000,5001,10,2000,4,50,250
2,"eff_range",1.0032688526313,1255.75290616096,1497.38954338573,TRUE,"spatial",10000,5001,10,2000,4,50,250
2,"lp",1.00172880134932,1177.19677501855,1546.02997171838,TRUE,"spatial",10000,5001,10,2000,4,50,250
3,"tau_B_sq",1.00177519330244,1171.05397802401,767.376704825522,TRUE,"spatial",10000,5001,10,2000,4,50,250
3,"sigma_sq",1.00336910434229,1110.97650682997,1425.30921564153,TRUE,"spatial",10000,5001,10,2000,4,50,250
3,"eff_range",1.0017090663162,1291.25902338082,1692.98557283761,TRUE,"spatial",10000,5001,10,2000,4,50,250
3,"lp",1.00359030504012,1120.50655462833,1411.61980054226,TRUE,"spatial",10000,5001,10,2000,4,50,250
4,"tau_B_sq",1.00586901224594,790.265397206935,424.286868119557,TRUE,"spatial",10000,5001,10,2000,4,50,250
4,"sigma_sq",1.00581648647352,759.805625294784,685.424350049093,TRUE,"spatial",10000,5001,10,2000,4,50,250
4,"eff_range",1.00248166453745,1139.60849823531,1518.69645755624,TRUE,"spatial",10000,5001,10,2000,4,50,250
4,"lp",1.00584936369945,988.893315108134,1013.54384780702,TRUE,"spatial",10000,5001,10,2000,4,50,250
5,"tau_B_sq",1.00502712539187,1233.82781089642,658.818958467042,TRUE,"spatial",10000,5001,10,2000,4,50,250
5,"sigma_sq",1.00522599640339,1349.04691234686,1850.52526592437,TRUE,"spatial",10000,5001,10,2000,4,50,250
5,"eff_range",1.00162728545462,1158.82719119059,1266.3944503992,TRUE,"spatial",10000,5001,10,2000,4,50,250
5,"lp",1.00216767543856,1103.02681845817,1306.26269731081,TRUE,"spatial",10000,5001,10,2000,4,50,250
1,"tau_B_sq",1.00235365564509,3779.35401821852,3665.79667947823,TRUE,"nonspatial",10000,5001,10,2000,4,50,250
1,"lp",1.0026062996772,2845.76688838912,2857.71366722897,TRUE,"nonspatial",10000,5001,10,2000,4,50,250
2,"tau_B_sq",1.00107630664496,4126.50676593676,3727.21987594274,TRUE,"nonspatial",10000,5001,10,2000,4,50,250
2,"lp",1.00108916154499,2926.01278482052,3193.32641241739,TRUE,"nonspatial",10000,5001,10,2000,4,50,250
3,"tau_B_sq",1.00155811825919,3861.14657533913,4136.61337702071,TRUE,"nonspatial",10000,5001,10,2000,4,50,250
3,"lp",1.00186492801359,2944.08661388919,2834.68473956088,TRUE,"nonspatial",10000,5001,10,2000,4,50,250
4,"tau_B_sq",1.00172538835635,3737.83735592519,4156.91684743573,TRUE,"nonspatial",10000,5001,10,2000,4,50,250
4,"lp",1.00199449127439,2967.0590204649,2920.90799832563,TRUE,"nonspatial",10000,5001,10,2000,4,50,250
5,"tau_B_sq",1.00219297832118,4113.33869125534,4302.14898747468,TRUE,"nonspatial",10000,5001,10,2000,4,50,250
5,"lp",1.0036616244994,3171.53568476404,2835.83843898469,TRUE,"nonspatial",10000,5001,10,2000,4,50,250
1,"tau_B_sq",1.00315322542172,2240.97027060623,1250.4496160119,TRUE,"spatial",20000,10001,20,2000,5,50,250
1,"sigma_sq",1.00118286082739,2353.13430902056,3007.09912447221,TRUE,"spatial",20000,10001,20,2000,5,50,250
1,"eff_range",1.00068029601952,2145.51251669448,2680.27406749719,TRUE,"spatial",20000,10001,20,2000,5,50,250
1,"lp",1.00204939029143,2253.88042008078,2765.81104487197,TRUE,"spatial",20000,10001,20,2000,5,50,250
2,"tau_B_sq",1.0013454019462,1721.85068241055,874.224157829575,TRUE,"spatial",20000,10001,20,2000,5,50,250
2,"sigma_sq",1.00127916233772,1817.12521242911,2446.05555721855,TRUE,"spatial",20000,10001,20,2000,5,50,250
2,"eff_range",1.00122874144621,2829.56344305896,3411.18815929637,TRUE,"spatial",20000,10001,20,2000,5,50,250
2,"lp",1.00087412854495,2146.45771084574,2312.83119936875,TRUE,"spatial",20000,10001,20,2000,5,50,250
3,"tau_B_sq",1.00192781714442,2115.91261147698,1420.58235794916,TRUE,"spatial",20000,10001,20,2000,5,50,250
3,"sigma_sq",1.00230585989799,2278.81772186992,2671.81109218681,TRUE,"spatial",20000,10001,20,2000,5,50,250
3,"eff_range",1.00214307808689,2736.22682849912,3375.50952149641,TRUE,"spatial",20000,10001,20,2000,5,50,250
3,"lp",1.00242018444918,2040.99657141884,2944.0083625535,TRUE,"spatial",20000,10001,20,2000,5,50,250
4,"tau_B_sq",1.00184561630318,1729.78017084639,904.185172090269,TRUE,"spatial",20000,10001,20,2000,5,50,250
4,"sigma_sq",1.00175090863358,1976.83451957597,1699.54344589962,TRUE,"spatial",20000,10001,20,2000,5,50,250
4,"eff_range",1.00214256730761,2750.81705888491,3749.14846895377,TRUE,"spatial",20000,10001,20,2000,5,50,250
4,"lp",1.00111628197014,2167.76977926723,2527.77650608446,TRUE,"spatial",20000,10001,20,2000,5,50,250
5,"tau_B_sq",1.00118425225092,1398.16444101899,818.950546543412,TRUE,"spatial",20000,10001,20,2000,5,50,250
5,"sigma_sq",1.00186197911974,2072.95341875803,2660.60286075421,TRUE,"spatial",20000,10001,20,2000,5,50,250
5,"eff_range",1.00208937401026,2207.35430878728,2884.36416826131,TRUE,"spatial",20000,10001,20,2000,5,50,250
5,"lp",1.00281386092109,1851.09971265358,2805.06422784455,TRUE,"spatial",20000,10001,20,2000,5,50,250
1,"tau_B_sq",1.00088258259814,4102.13586606534,3978.76602737994,TRUE,"nonspatial",10000,5001,10,2000,5,50,250
1,"lp",1.00080959857206,2926.04780995285,3096.81714874621,TRUE,"nonspatial",10000,5001,10,2000,5,50,250
2,"tau_B_sq",1.00066754680572,3759.5476047961,4047.05405921169,TRUE,"nonspatial",10000,5001,10,2000,5,50,250
2,"lp",1.00090753561614,2835.28112229375,2797.57403230983,TRUE,"nonspatial",10000,5001,10,2000,5,50,250
3,"tau_B_sq",1.00059755935977,3729.70485935558,3934.67982000543,TRUE,"nonspatial",10000,5001,10,2000,5,50,250
3,"lp",1.00064169271884,3081.6050951581,3054.93072166929,TRUE,"nonspatial",10000,5001,10,2000,5,50,250
4,"tau_B_sq",1.00230715318416,3744.65740178422,3807.68476856622,TRUE,"nonspatial",10000,5001,10,2000,5,50,250
4,"lp",1.00320897871687,2739.24235231705,2803.53711719283,TRUE,"nonspatial",10000,5001,10,2000,5,50,250
5,"tau_B_sq",1.00071477144507,4015.87963323152,4094.56449464574,TRUE,"nonspatial",10000,5001,10,2000,5,50,250
5,"lp",1.00066023006288,2913.6440378726,2673.42280460863,TRUE,"nonspatial",10000,5001,10,2000,5,50,250
1,"tau_B_sq",1.00179251738073,852.536224741125,661.704841153347,TRUE,"spatial",10000,5001,10,2000,6,50,250
1,"sigma_sq",1.00217368122316,915.322065283511,1376.87669172185,TRUE,"spatial",10000,5001,10,2000,6,50,250
1,"eff_range",1.00392395072981,1198.41146526224,1799.51561329882,TRUE,"spatial",10000,5001,10,2000,6,50,250
1,"lp",1.00272385704941,911.60422969233,1072.14375930552,TRUE,"spatial",10000,5001,10,2000,6,50,250
2,"tau_B_sq",1.00445439985431,718.949893639259,455.32013391866,TRUE,"spatial",10000,5001,10,2000,6,50,250
2,"sigma_sq",1.00266569640557,913.250206125846,960.596051822133,TRUE,"spatial",10000,5001,10,2000,6,50,250
2,"eff_range",1.00335978152947,1372.69620355662,1455.98982636866,TRUE,"spatial",10000,5001,10,2000,6,50,250
2,"lp",1.00588130308586,907.231975854004,1510.99651669687,TRUE,"spatial",10000,5001,10,2000,6,50,250
3,"tau_B_sq",1.00306434624871,1125.71788717391,659.630062389365,TRUE,"spatial",10000,5001,10,2000,6,50,250
3,"sigma_sq",1.00366040223162,1088.15444257322,1650.53358123555,TRUE,"spatial",10000,5001,10,2000,6,50,250
3,"eff_range",1.00204727055467,1515.80418613192,1983.88685425795,TRUE,"spatial",10000,5001,10,2000,6,50,250
3,"lp",1.00407982550862,1236.81343608928,1435.90649562993,TRUE,"spatial",10000,5001,10,2000,6,50,250
4,"tau_B_sq",1.00402595663775,909.035371271895,446.228534330774,TRUE,"spatial",10000,5001,10,2000,6,50,250
4,"sigma_sq",1.00452854662271,932.005719179457,1412.86193702825,TRUE,"spatial",10000,5001,10,2000,6,50,250
4,"eff_range",1.00261132220088,1436.61889120448,1888.81065779946,TRUE,"spatial",10000,5001,10,2000,6,50,250
4,"lp",1.00483140763561,1104.39841407512,1154.81809436407,TRUE,"spatial",10000,5001,10,2000,6,50,250
5,"tau_B_sq",1.00302900251193,788.827850269217,428.540018472002,TRUE,"spatial",10000,5001,10,2000,6,50,250
5,"sigma_sq",1.00306330234894,910.638562960184,1109.1156313243,TRUE,"spatial",10000,5001,10,2000,6,50,250
5,"eff_range",1.00271497807387,1438.46278121305,1949.76706856433,TRUE,"spatial",10000,5001,10,2000,6,50,250
5,"lp",1.00222697187268,1202.18905810753,1479.40012420128,TRUE,"spatial",10000,5001,10,2000,6,50,250
1,"tau_B_sq",1.0030348362443,3876.80116184455,4202.26590811796,TRUE,"nonspatial",10000,5001,10,2000,6,50,250
1,"lp",1.00324413705322,2512.82464707364,2597.43106388277,TRUE,"nonspatial",10000,5001,10,2000,6,50,250
2,"tau_B_sq",1.0018674994321,4153.72484391863,3984.68031436181,TRUE,"nonspatial",10000,5001,10,2000,6,50,250
2,"lp",1.00322569060312,2563.93377535096,2665.56480050076,TRUE,"nonspatial",10000,5001,10,2000,6,50,250
3,"tau_B_sq",1.00098129666091,3704.09610231187,3831.84150844121,TRUE,"nonspatial",10000,5001,10,2000,6,50,250
3,"lp",1.00053646011169,2847.61815859575,2829.72533865433,TRUE,"nonspatial",10000,5001,10,2000,6,50,250
4,"tau_B_sq",1.00071514747048,4331.0894300772,3472.19832435255,TRUE,"nonspatial",10000,5001,10,2000,6,50,250
4,"lp",1.00121016214826,2831.62379648562,2950.45081338586,TRUE,"nonspatial",10000,5001,10,2000,6,50,250
5,"tau_B_sq",1.00101250043178,3775.14349557354,3857.05067635995,TRUE,"nonspatial",10000,5001,10,2000,6,50,250
5,"lp",1.001089788715,2733.73295505956,3012.75753697321,TRUE,"nonspatial",10000,5001,10,2000,6,50,250
1,"tau_B_sq",1.00364495957054,1654.55684134354,1118.58961430629,TRUE,"spatial",20000,10001,20,2000,7,50,250
1,"sigma_sq",1.00234556606632,1726.71815457875,2547.54314728092,TRUE,"spatial",20000,10001,20,2000,7,50,250
1,"eff_range",1.00156722555797,2287.48542531287,3387.08358766351,TRUE,"spatial",20000,10001,20,2000,7,50,250
1,"lp",1.00150070972434,1818.23511870618,2729.85912428148,TRUE,"spatial",20000,10001,20,2000,7,50,250
2,"tau_B_sq",1.00240055697094,1444.61249571971,700.076175031166,TRUE,"spatial",20000,10001,20,2000,7,50,250
2,"sigma_sq",1.00429642225619,1316.54058735042,1427.34895678251,TRUE,"spatial",20000,10001,20,2000,7,50,250
2,"eff_range",1.00132905039258,2303.93562001941,3100.24345756223,TRUE,"spatial",20000,10001,20,2000,7,50,250
2,"lp",1.00440411569637,1745.18325241513,2479.56812814785,TRUE,"spatial",20000,10001,20,2000,7,50,250
3,"tau_B_sq",1.00285742674607,2362.06991984451,1707.3849933623,TRUE,"spatial",20000,10001,20,2000,7,50,250
3,"sigma_sq",1.00215943029219,2507.68246478607,3456.06448544373,TRUE,"spatial",20000,10001,20,2000,7,50,250
3,"eff_range",1.00223454071071,2272.12853420295,3211.58994305606,TRUE,"spatial",20000,10001,20,2000,7,50,250
3,"lp",1.00138355159149,2273.60290940316,2565.59791772869,TRUE,"spatial",20000,10001,20,2000,7,50,250
4,"tau_B_sq",1.00144990258492,1507.6557004095,673.666368728164,TRUE,"spatial",20000,10001,20,2000,7,50,250
4,"sigma_sq",1.0006043173976,1780.90186319564,2551.95933401915,TRUE,"spatial",20000,10001,20,2000,7,50,250
4,"eff_range",1.00114268895952,2587.13227536532,3733.40212806056,TRUE,"spatial",20000,10001,20,2000,7,50,250
4,"lp",1.00095958542782,1748.60224907198,3167.05629793393,TRUE,"spatial",20000,10001,20,2000,7,50,250
5,"tau_B_sq",1.00278629665932,1566.14705556899,845.980354734519,TRUE,"spatial",20000,10001,20,2000,7,50,250
5,"sigma_sq",1.00353726186133,1507.92612483104,2222.36998685329,TRUE,"spatial",20000,10001,20,2000,7,50,250
5,"eff_range",1.00070433537412,2689.00525676072,3638.33845987765,TRUE,"spatial",20000,10001,20,2000,7,50,250
5,"lp",1.00120252580959,2069.88944991872,2960.40386205777,TRUE,"spatial",20000,10001,20,2000,7,50,250
1,"tau_B_sq",1.00134941832182,3995.25281643754,4060.60842779376,TRUE,"nonspatial",10000,5001,10,2000,7,50,250
1,"lp",1.00116213981343,2760.93807274936,3115.02508675474,TRUE,"nonspatial",10000,5001,10,2000,7,50,250
2,"tau_B_sq",1.00192911446839,3918.38441929085,4153.59847810439,TRUE,"nonspatial",10000,5001,10,2000,7,50,250
2,"lp",1.00257814747388,3076.78709222026,2922.84501304325,TRUE,"nonspatial",10000,5001,10,2000,7,50,250
3,"tau_B_sq",1.00191492299185,4133.9195792949,3133.18248699879,TRUE,"nonspatial",10000,5001,10,2000,7,50,250
3,"lp",1.002538675322,3072.91438895635,2505.26351013209,TRUE,"nonspatial",10000,5001,10,2000,7,50,250
4,"tau_B_sq",1.0006690874597,3965.09041981127,4160.76475288512,TRUE,"nonspatial",10000,5001,10,2000,7,50,250
4,"lp",1.00172203131594,2857.92477627229,2578.37532065308,TRUE,"nonspatial",10000,5001,10,2000,7,50,250
5,"tau_B_sq",1.00127016935769,3804.25836213545,4077.51499457962,TRUE,"nonspatial",10000,5001,10,2000,7,50,250
5,"lp",1.00056809338878,2946.31498997157,2783.56579955952,TRUE,"nonspatial",10000,5001,10,2000,7,50,250
1,"tau_B_sq",1.00528056817475,1122.94775195216,713.867978792638,TRUE,"spatial",10000,5001,10,2000,8,50,250
1,"sigma_sq",1.00336661925864,1131.61626284199,1088.6139183337,TRUE,"spatial",10000,5001,10,2000,8,50,250
1,"eff_range",1.0024394866984,1310.67940673745,1593.66908723671,TRUE,"spatial",10000,5001,10,2000,8,50,250
1,"lp",1.00538962715829,982.422067628493,1413.81658382756,TRUE,"spatial",10000,5001,10,2000,8,50,250
2,"tau_B_sq",1.00356133920989,1332.19879245927,1234.44382118332,TRUE,"spatial",10000,5001,10,2000,8,50,250
2,"sigma_sq",1.00337406138686,1363.07297293994,2088.45674359791,TRUE,"spatial",10000,5001,10,2000,8,50,250
2,"eff_range",1.00203416842604,1471.51226673884,1675.53489383956,TRUE,"spatial",10000,5001,10,2000,8,50,250
2,"lp",1.00259334502755,1250.24807076403,1372.12834070191,TRUE,"spatial",10000,5001,10,2000,8,50,250
3,"tau_B_sq",1.00310890342731,1333.63950166534,1109.8680546643,TRUE,"spatial",10000,5001,10,2000,8,50,250
3,"sigma_sq",1.00392870762752,1233.50821463893,1812.58093871637,TRUE,"spatial",10000,5001,10,2000,8,50,250
3,"eff_range",1.005174831719,1402.66443783055,1612.2640822018,TRUE,"spatial",10000,5001,10,2000,8,50,250
3,"lp",1.00450516679245,1271.45392783011,1423.54140617346,TRUE,"spatial",10000,5001,10,2000,8,50,250
4,"tau_B_sq",1.00359077359094,1050.43872831028,656.60120907341,TRUE,"spatial",10000,5001,10,2000,8,50,250
4,"sigma_sq",1.00555942141487,997.674613624493,1242.43689540264,TRUE,"spatial",10000,5001,10,2000,8,50,250
4,"eff_range",1.00215376564821,1443.0393284107,1955.39810960242,TRUE,"spatial",10000,5001,10,2000,8,50,250
4,"lp",1.00189452620687,1203.92547789214,1561.11823434674,TRUE,"spatial",10000,5001,10,2000,8,50,250
5,"tau_B_sq",1.00271295212679,1240.06736835537,635.611396930188,TRUE,"spatial",10000,5001,10,2000,8,50,250
5,"sigma_sq",1.00348010414458,1050.84739781747,1648.32926076564,TRUE,"spatial",10000,5001,10,2000,8,50,250
5,"eff_range",1.00296031891526,1180.71808604734,1708.32524380573,TRUE,"spatial",10000,5001,10,2000,8,50,250
5,"lp",1.00389537354678,1099.19094645791,1451.7758037099,TRUE,"spatial",10000,5001,10,2000,8,50,250
1,"tau_B_sq",1.00134917564284,3875.54218062765,3752.02980027237,TRUE,"nonspatial",10000,5001,10,2000,8,50,250
1,"lp",1.00119780638603,3068.0708144623,2805.30455610708,TRUE,"nonspatial",10000,5001,10,2000,8,50,250
2,"tau_B_sq",1.00166269933703,3898.88802853113,4029.2083351942,TRUE,"nonspatial",10000,5001,10,2000,8,50,250
2,"lp",1.00154107522658,2940.30013143998,2398.17847517168,TRUE,"nonspatial",10000,5001,10,2000,8,50,250
3,"tau_B_sq",1.00117348624587,3736.29957674739,3642.99892601398,TRUE,"nonspatial",10000,5001,10,2000,8,50,250
3,"lp",1.0009151026217,2966.46166790518,2828.23406137299,TRUE,"nonspatial",10000,5001,10,2000,8,50,250
4,"tau_B_sq",1.00062383392068,4238.36899655115,4396.60145607494,TRUE,"nonspatial",10000,5001,10,2000,8,50,250
4,"lp",1.00158282243727,2962.94189558414,3350.75797944289,TRUE,"nonspatial",10000,5001,10,2000,8,50,250
5,"tau_B_sq",1.00133609419967,3927.75832627488,4065.66649078618,TRUE,"nonspatial",10000,5001,10,2000,8,50,250
5,"lp",1.00184086417632,3121.17441376708,2991.1191332987,TRUE,"nonspatial",10000,5001,10,2000,8,50,250
1,"tau_B_sq",1.00195570651042,2562.77657868208,1771.75080894916,TRUE,"spatial",20000,10001,20,2000,9,50,250
1,"sigma_sq",1.00085495400411,2523.54838893685,2797.33297176156,TRUE,"spatial",20000,10001,20,2000,9,50,250
1,"eff_range",1.00179820527171,2772.70924000747,3818.02553538813,TRUE,"spatial",20000,10001,20,2000,9,50,250
1,"lp",1.00123269989883,2126.77458171586,2399.06006695685,TRUE,"spatial",20000,10001,20,2000,9,50,250
2,"tau_B_sq",1.00284238789333,2187.41556677377,1594.37364301834,TRUE,"spatial",20000,10001,20,2000,9,50,250
2,"sigma_sq",1.00386839294087,2157.39195497843,2766.02159545732,TRUE,"spatial",20000,10001,20,2000,9,50,250
2,"eff_range",1.0012535700645,2513.65444560564,3398.0064775542,TRUE,"spatial",20000,10001,20,2000,9,50,250
2,"lp",1.00134399152492,2085.51828862581,2397.6521162904,TRUE,"spatial",20000,10001,20,2000,9,50,250
3,"tau_B_sq",1.00268214586302,1636.90271795544,943.229826626568,TRUE,"spatial",20000,10001,20,2000,9,50,250
3,"sigma_sq",1.00235102786208,1996.96411410479,2764.65187789398,TRUE,"spatial",20000,10001,20,2000,9,50,250
3,"eff_range",1.00127106757989,2531.9691843799,2912.70671361998,TRUE,"spatial",20000,10001,20,2000,9,50,250
3,"lp",1.00345463912156,2301.38492536585,2741.66417333024,TRUE,"spatial",20000,10001,20,2000,9,50,250
4,"tau_B_sq",1.00274807938018,1907.92997669498,1251.20873491547,TRUE,"spatial",20000,10001,20,2000,9,50,250
4,"sigma_sq",1.00268782562551,1982.78091346155,2851.61351842129,TRUE,"spatial",20000,10001,20,2000,9,50,250
4,"eff_range",1.0008113553504,2770.21282339585,3384.57457179771,TRUE,"spatial",20000,10001,20,2000,9,50,250
4,"lp",1.00235156786822,1878.35122826628,2745.3060233663,TRUE,"spatial",20000,10001,20,2000,9,50,250
5,"tau_B_sq",1.00153746926303,1760.64436287411,1102.66061443953,TRUE,"spatial",20000,10001,20,2000,9,50,250
5,"sigma_sq",1.00175684270112,2204.13476642479,2841.63311051805,TRUE,"spatial",20000,10001,20,2000,9,50,250
5,"eff_range",1.00122615748439,2725.03082262081,3863.56115735206,TRUE,"spatial",20000,10001,20,2000,9,50,250
5,"lp",1.00132350488605,2013.69025874812,3075.67988734837,TRUE,"spatial",20000,10001,20,2000,9,50,250
1,"tau_B_sq",1.00053843629495,3984.54067142051,4290.39641492596,TRUE,"nonspatial",10000,5001,10,2000,9,50,250
1,"lp",1.00083645508797,2845.34843004955,2589.99670276044,TRUE,"nonspatial",10000,5001,10,2000,9,50,250
2,"tau_B_sq",1.00206586830484,3789.29277428149,4049.73856609328,TRUE,"nonspatial",10000,5001,10,2000,9,50,250
2,"lp",1.00101343507468,3068.02927977,3260.47178085261,TRUE,"nonspatial",10000,5001,10,2000,9,50,250
3,"tau_B_sq",1.00096301019808,3825.81871055214,4258.62446912866,TRUE,"nonspatial",10000,5001,10,2000,9,50,250
3,"lp",1.00207031456755,2676.63396843531,2638.13207515516,TRUE,"nonspatial",10000,5001,10,2000,9,50,250
4,"tau_B_sq",1.00110312319654,3997.10180092343,4025.92748331204,TRUE,"nonspatial",10000,5001,10,2000,9,50,250
4,"lp",1.00141673170783,2720.22958753367,3143.99432095174,TRUE,"nonspatial",10000,5001,10,2000,9,50,250
5,"tau_B_sq",1.00333105721444,3431.0159085866,3880.96463238438,TRUE,"nonspatial",10000,5001,10,2000,9,50,250
5,"lp",1.00415813723155,2787.94805210247,2695.44782868556,TRUE,"nonspatial",10000,5001,10,2000,9,50,250
1,"tau_B_sq",1.00404067695038,1060.60831978554,758.468507608284,TRUE,"spatial",10000,5001,10,2000,10,50,250
1,"sigma_sq",1.00212528430667,1215.38083650982,2096.11989539132,TRUE,"spatial",10000,5001,10,2000,10,50,250
1,"eff_range",1.00673405805512,1049.57354892409,947.682011667586,TRUE,"spatial",10000,5001,10,2000,10,50,250
1,"lp",1.00320356391223,1096.24121692326,990.382444627309,TRUE,"spatial",10000,5001,10,2000,10,50,250
2,"tau_B_sq",1.002136893529,1255.15835285941,763.158856452948,TRUE,"spatial",10000,5001,10,2000,10,50,250
2,"sigma_sq",1.0037922397703,1174.61527869595,1385.50540683381,TRUE,"spatial",10000,5001,10,2000,10,50,250
2,"eff_range",1.00491648837496,1572.31645446238,2159.31866151227,TRUE,"spatial",10000,5001,10,2000,10,50,250
2,"lp",1.00231267306038,971.942665516986,1331.7687334861,TRUE,"spatial",10000,5001,10,2000,10,50,250
3,"tau_B_sq",1.00593004647033,1061.10334673182,767.827737986364,TRUE,"spatial",10000,5001,10,2000,10,50,250
3,"sigma_sq",1.00722347582245,1198.55186687588,1406.13499165745,TRUE,"spatial",10000,5001,10,2000,10,50,250
3,"eff_range",1.00251090523155,1587.90563187461,1702.22920882563,TRUE,"spatial",10000,5001,10,2000,10,50,250
3,"lp",1.00783398219996,1002.90722193727,1653.81450325475,TRUE,"spatial",10000,5001,10,2000,10,50,250
4,"tau_B_sq",1.00151628588173,1181.28711991641,799.263314700393,TRUE,"spatial",10000,5001,10,2000,10,50,250
4,"sigma_sq",1.00170895946439,1180.35284768457,1496.46306156206,TRUE,"spatial",10000,5001,10,2000,10,50,250
4,"eff_range",1.00455900159472,1157.42930239025,1418.19990444094,TRUE,"spatial",10000,5001,10,2000,10,50,250
4,"lp",1.00171189683486,1252.64221852939,1333.16049190106,TRUE,"spatial",10000,5001,10,2000,10,50,250
5,"tau_B_sq",1.00149975476723,1095.79971962655,730.547415489394,TRUE,"spatial",10000,5001,10,2000,10,50,250
5,"sigma_sq",1.00263940509948,1153.50930404827,1735.47407046682,TRUE,"spatial",10000,5001,10,2000,10,50,250
5,"eff_range",1.00305279507286,1376.26880285659,1680.02983358816,TRUE,"spatial",10000,5001,10,2000,10,50,250
5,"lp",1.00262393869295,1119.62772843343,1923.44000667302,TRUE,"spatial",10000,5001,10,2000,10,50,250
1,"tau_B_sq",1.00185189333152,3436.61803896716,3746.38623027607,TRUE,"nonspatial",10000,5001,10,2000,10,50,250
1,"lp",1.00161118388176,2867.64340338236,2682.18400999983,TRUE,"nonspatial",10000,5001,10,2000,10,50,250
2,"tau_B_sq",1.00218793136078,3713.87608230249,3784.78019470063,TRUE,"nonspatial",10000,5001,10,2000,10,50,250
2,"lp",1.00202496657187,2819.76531101254,2567.14586566448,TRUE,"nonspatial",10000,5001,10,2000,10,50,250
3,"tau_B_sq",1.00049825025614,3869.5937040166,4049.71246448254,TRUE,"nonspatial",10000,5001,10,2000,10,50,250
3,"lp",1.00084929534966,2937.68748964799,2704.06781250277,TRUE,"nonspatial",10000,5001,10,2000,10,50,250
4,"tau_B_sq",1.00320854716541,4036.07550188511,4392.57820535984,TRUE,"nonspatial",10000,5001,10,2000,10,50,250
4,"lp",1.00186293481525,2988.33805269553,2594.59252047318,TRUE,"nonspatial",10000,5001,10,2000,10,50,250
5,"tau_B_sq",1.00116272395799,3961.74094550926,3759.83101960005,TRUE,"nonspatial",10000,5001,10,2000,10,50,250
5,"lp",1.00113644503627,3092.0379233529,3023.84633699042,TRUE,"nonspatial",10000,5001,10,2000,10,50,250
1,"tau_B_sq",1.00131055083947,2162.86783502564,1520.48953856653,TRUE,"spatial",20000,10001,20,2000,1,150,250
1,"sigma_sq",1.00147706141358,2048.19996860841,2795.81903768528,TRUE,"spatial",20000,10001,20,2000,1,150,250
1,"eff_range",1.00110426457297,2710.9240629737,3340.04775524998,TRUE,"spatial",20000,10001,20,2000,1,150,250
1,"lp",1.00194563786835,2137.60519347116,2234.07493043704,TRUE,"spatial",20000,10001,20,2000,1,150,250
2,"tau_B_sq",1.00216794020885,1236.1914651645,649.130086721055,TRUE,"spatial",20000,10001,20,2000,1,150,250
2,"sigma_sq",1.00373571753684,1385.63943615378,1524.9045666304,TRUE,"spatial",20000,10001,20,2000,1,150,250
2,"eff_range",1.00086589056865,2384.89902287268,3003.23493536183,TRUE,"spatial",20000,10001,20,2000,1,150,250
2,"lp",1.00140320572346,1309.86271289827,1824.36260135642,TRUE,"spatial",20000,10001,20,2000,1,150,250
3,"tau_B_sq",1.00162663633681,1830.82556163511,1225.83478279263,TRUE,"spatial",20000,10001,20,2000,1,150,250
3,"sigma_sq",1.00132377254354,2106.64078624721,3055.90372058873,TRUE,"spatial",20000,10001,20,2000,1,150,250
3,"eff_range",1.00264415252529,2261.77727989919,3078.11617633899,TRUE,"spatial",20000,10001,20,2000,1,150,250
3,"lp",1.00221649323576,1930.14627771733,2157.36827549847,TRUE,"spatial",20000,10001,20,2000,1,150,250
4,"tau_B_sq",1.00595650759774,1936.74704523334,1381.31191214338,TRUE,"spatial",20000,10001,20,2000,1,150,250
4,"sigma_sq",1.0035850757018,2202.22904133703,2650.56480589173,TRUE,"spatial",20000,10001,20,2000,1,150,250
4,"eff_range",1.0014875271801,2491.09829719931,2936.87747389627,TRUE,"spatial",20000,10001,20,2000,1,150,250
4,"lp",1.00133542305254,2293.8115308961,2528.77805893925,TRUE,"spatial",20000,10001,20,2000,1,150,250
5,"tau_B_sq",1.00275527560194,2127.67469300013,1576.62533026162,TRUE,"spatial",20000,10001,20,2000,1,150,250
5,"sigma_sq",1.00154557800479,2010.32903908523,2974.95291326078,TRUE,"spatial",20000,10001,20,2000,1,150,250
5,"eff_range",1.00160259063704,2959.29879964223,3854.6937095245,TRUE,"spatial",20000,10001,20,2000,1,150,250
5,"lp",1.00331809762996,1724.97372070321,2585.31853318093,TRUE,"spatial",20000,10001,20,2000,1,150,250
1,"tau_B_sq",1.00385761152923,3902.22751157321,4645.33260375769,TRUE,"nonspatial",10000,5001,10,2000,1,150,250
1,"lp",1.00305202401269,2936.18573510243,2858.52865763061,TRUE,"nonspatial",10000,5001,10,2000,1,150,250
2,"tau_B_sq",1.00232215393813,3740.0737821542,3975.50134606192,TRUE,"nonspatial",10000,5001,10,2000,1,150,250
2,"lp",1.00150851230092,2913.96041491426,2415.80376826408,TRUE,"nonspatial",10000,5001,10,2000,1,150,250
3,"tau_B_sq",1.0007843837117,3637.67452547324,3988.42753646105,TRUE,"nonspatial",10000,5001,10,2000,1,150,250
3,"lp",1.00049276146583,3023.12047533844,3144.48429556807,TRUE,"nonspatial",10000,5001,10,2000,1,150,250
4,"tau_B_sq",1.00162226807201,3759.76303259486,3891.2114351783,TRUE,"nonspatial",10000,5001,10,2000,1,150,250
4,"lp",1.00242190515798,3049.98428111987,3004.00321812462,TRUE,"nonspatial",10000,5001,10,2000,1,150,250
5,"tau_B_sq",1.00094314175321,3538.68545870191,3768.70714687275,TRUE,"nonspatial",10000,5001,10,2000,1,150,250
5,"lp",1.00036069740028,3372.77649552697,3303.43887007486,TRUE,"nonspatial",10000,5001,10,2000,1,150,250
1,"tau_B_sq",1.00172957966924,1167.76298370508,704.807359268412,TRUE,"spatial",20000,10001,20,2000,2,150,250
1,"sigma_sq",1.00140172437182,1366.91791053202,1490.93323908296,TRUE,"spatial",20000,10001,20,2000,2,150,250
1,"eff_range",1.0016925221051,2310.96088304205,3294.63448824756,TRUE,"spatial",20000,10001,20,2000,2,150,250
1,"lp",1.00084310397007,1632.37017227022,2322.36253878252,TRUE,"spatial",20000,10001,20,2000,2,150,250
2,"tau_B_sq",1.00169754085389,1285.30210157282,557.918644820219,TRUE,"spatial",20000,10001,20,2000,2,150,250
2,"sigma_sq",1.00222410994377,1547.49547945087,1778.90629961591,TRUE,"spatial",20000,10001,20,2000,2,150,250
2,"eff_range",1.00062109393104,2499.18764564666,3203.51218736953,TRUE,"spatial",20000,10001,20,2000,2,150,250
2,"lp",1.00112249256651,1934.62771293078,2878.19242503242,TRUE,"spatial",20000,10001,20,2000,2,150,250
3,"tau_B_sq",1.00192744418393,1693.34013815036,849.547972156619,TRUE,"spatial",20000,10001,20,2000,2,150,250
3,"sigma_sq",1.00183980429887,1489.35691651063,1597.10497915894,TRUE,"spatial",20000,10001,20,2000,2,150,250
3,"eff_range",1.00118782001996,2787.49459966297,3457.22168212603,TRUE,"spatial",20000,10001,20,2000,2,150,250
3,"lp",1.00167810600715,1836.42139918428,2696.79805047505,TRUE,"spatial",20000,10001,20,2000,2,150,250
4,"tau_B_sq",1.00081570873398,2172.88691598315,1252.10590416932,TRUE,"spatial",20000,10001,20,2000,2,150,250
4,"sigma_sq",1.00172110349566,2230.53414817262,2496.52424508534,TRUE,"spatial",20000,10001,20,2000,2,150,250
4,"eff_range",1.00186714310322,2912.84480000796,3732.78515341777,TRUE,"spatial",20000,10001,20,2000,2,150,250
4,"lp",1.00070686314955,1925.1249215925,2611.83496879932,TRUE,"spatial",20000,10001,20,2000,2,150,250
5,"tau_B_sq",1.00236822286722,1749.53936098485,1138.57267410785,TRUE,"spatial",20000,10001,20,2000,2,150,250
5,"sigma_sq",1.00159260827545,1696.55074848733,2408.16669839746,TRUE,"spatial",20000,10001,20,2000,2,150,250
5,"eff_range",1.00204530051423,2318.94024439113,2702.91935803806,TRUE,"spatial",20000,10001,20,2000,2,150,250
5,"lp",1.00151074440031,1946.6923802641,2115.58914537735,TRUE,"spatial",20000,10001,20,2000,2,150,250
1,"tau_B_sq",1.00276010976515,3909.8125205746,3793.30465418254,TRUE,"nonspatial",10000,5001,10,2000,2,150,250
1,"lp",1.00263125449498,2824.48124432761,2493.90969501064,TRUE,"nonspatial",10000,5001,10,2000,2,150,250
2,"tau_B_sq",1.0006540413829,3888.69325294473,3690.42825277855,TRUE,"nonspatial",10000,5001,10,2000,2,150,250
2,"lp",1.00122421340516,2935.93614306678,2699.68421539154,TRUE,"nonspatial",10000,5001,10,2000,2,150,250
3,"tau_B_sq",1.00059530407891,3857.06232036626,4603.47873555659,TRUE,"nonspatial",10000,5001,10,2000,2,150,250
3,"lp",1.00069433551765,2896.19033668002,2987.24759181843,TRUE,"nonspatial",10000,5001,10,2000,2,150,250
4,"tau_B_sq",1.00131886284296,4055.13806039052,3384.62486903214,TRUE,"nonspatial",10000,5001,10,2000,2,150,250
4,"lp",1.00301859576239,2928.36530884413,2783.80557466675,TRUE,"nonspatial",10000,5001,10,2000,2,150,250
5,"tau_B_sq",1.00102108270167,3976.36358275329,3895.97507035769,TRUE,"nonspatial",10000,5001,10,2000,2,150,250
5,"lp",1.00207443844241,2984.25704052731,2789.23802105257,TRUE,"nonspatial",10000,5001,10,2000,2,150,250
1,"tau_B_sq",1.00178541788907,2110.19204773388,970.128088104635,TRUE,"spatial",40000,20001,40,2000,3,150,250
1,"sigma_sq",1.00080474114527,2677.62086857379,3479.70316092209,TRUE,"spatial",40000,20001,40,2000,3,150,250
1,"eff_range",1.00075543666362,4313.63242965414,5414.58600072977,TRUE,"spatial",40000,20001,40,2000,3,150,250
1,"lp",1.00134088330621,3709.38391036978,5104.10082814717,TRUE,"spatial",40000,20001,40,2000,3,150,250
2,"tau_B_sq",1.00112121317681,3367.51003969266,2055.87313353204,TRUE,"spatial",40000,20001,40,2000,3,150,250
2,"sigma_sq",1.0007517326853,3530.83280304525,4050.98248238009,TRUE,"spatial",40000,20001,40,2000,3,150,250
2,"eff_range",1.00094393998211,4873.92749917078,6819.21486480149,TRUE,"spatial",40000,20001,40,2000,3,150,250
2,"lp",1.00102182914894,3897.51312181808,5246.22684243516,TRUE,"spatial",40000,20001,40,2000,3,150,250
3,"tau_B_sq",1.00354913737016,1598.32124911387,869.532158285752,TRUE,"spatial",40000,20001,40,2000,3,150,250
3,"sigma_sq",1.00246119447003,2273.0223821298,2603.13373270591,TRUE,"spatial",40000,20001,40,2000,3,150,250
3,"eff_range",1.00158485324105,4671.15703376498,6817.05869450274,TRUE,"spatial",40000,20001,40,2000,3,150,250
3,"lp",1.00179274477762,3431.60275487427,5224.87977302768,TRUE,"spatial",40000,20001,40,2000,3,150,250
4,"tau_B_sq",1.00191075806297,1796.01992858014,888.915851955446,TRUE,"spatial",40000,20001,40,2000,3,150,250
4,"sigma_sq",1.00172791943978,2135.60894961526,2258.29484123214,TRUE,"spatial",40000,20001,40,2000,3,150,250
4,"eff_range",1.00098139269337,5074.04967236301,7005.18294403048,TRUE,"spatial",40000,20001,40,2000,3,150,250
4,"lp",1.00149526547662,2829.48168475046,5316.7570673249,TRUE,"spatial",40000,20001,40,2000,3,150,250
5,"tau_B_sq",1.00118043135956,2635.67323136938,1452.84471798767,TRUE,"spatial",40000,20001,40,2000,3,150,250
5,"sigma_sq",1.00089582050944,3083.0518929739,3835.38524925898,TRUE,"spatial",40000,20001,40,2000,3,150,250
5,"eff_range",1.00037461277136,4386.34173893842,6038.62182647695,TRUE,"spatial",40000,20001,40,2000,3,150,250
5,"lp",1.00044519840592,3923.90387540258,4926.26282570125,TRUE,"spatial",40000,20001,40,2000,3,150,250
1,"tau_B_sq",1.000733712205,3933.93009869047,3873.26968573085,TRUE,"nonspatial",10000,5001,10,2000,3,150,250
1,"lp",1.00062458209245,2978.17846275391,3150.36139777905,TRUE,"nonspatial",10000,5001,10,2000,3,150,250
2,"tau_B_sq",1.0013670567115,3629.65690928977,4084.81403012763,TRUE,"nonspatial",10000,5001,10,2000,3,150,250
2,"lp",1.00157489616177,2847.36908576654,3555.68155569146,TRUE,"nonspatial",10000,5001,10,2000,3,150,250
3,"tau_B_sq",1.00079176382096,3939.06780323078,4363.64904980735,TRUE,"nonspatial",10000,5001,10,2000,3,150,250
3,"lp",1.00076447579938,2945.95207316142,2804.55241463015,TRUE,"nonspatial",10000,5001,10,2000,3,150,250
4,"tau_B_sq",1.00064668586355,3511.1216437208,3900.3179701948,TRUE,"nonspatial",10000,5001,10,2000,3,150,250
4,"lp",1.00140188259106,2620.11541502843,2916.77203777767,TRUE,"nonspatial",10000,5001,10,2000,3,150,250
5,"tau_B_sq",1.00214613331055,3966.47078547617,3841.90819092045,TRUE,"nonspatial",10000,5001,10,2000,3,150,250
5,"lp",1.0022252946806,2987.70484528484,2891.334977013,TRUE,"nonspatial",10000,5001,10,2000,3,150,250
1,"tau_B_sq",1.00208202346692,1383.00897684256,844.81350590581,TRUE,"spatial",20000,10001,20,2000,4,150,250
1,"sigma_sq",1.00359908393451,1503.78257770219,2158.66646581181,TRUE,"spatial",20000,10001,20,2000,4,150,250
1,"eff_range",1.00149746399464,2259.62698702278,3031.04716847895,TRUE,"spatial",20000,10001,20,2000,4,150,250
1,"lp",1.00184619186609,1707.32123364186,2375.42164510424,TRUE,"spatial",20000,10001,20,2000,4,150,250
2,"tau_B_sq",1.0014199432185,1385.31585773596,1318.81178960211,TRUE,"spatial",20000,10001,20,2000,4,150,250
2,"sigma_sq",1.00129210136532,1555.32962473737,2346.41573740374,TRUE,"spatial",20000,10001,20,2000,4,150,250
2,"eff_range",1.00250271461386,2404.71006238106,3688.12414018743,TRUE,"spatial",20000,10001,20,2000,4,150,250
2,"lp",1.00576137894826,2101.42298464702,2077.91460153513,TRUE,"spatial",20000,10001,20,2000,4,150,250
3,"tau_B_sq",1.00509632684095,1475.55041785706,985.382103468633,TRUE,"spatial",20000,10001,20,2000,4,150,250
3,"sigma_sq",1.00624953939166,1597.28234394627,2059.0144384957,TRUE,"spatial",20000,10001,20,2000,4,150,250
3,"eff_range",1.00230895046457,2097.70936308753,2737.6975917085,TRUE,"spatial",20000,10001,20,2000,4,150,250
3,"lp",1.00171886554955,1894.46268800426,2596.25751790039,TRUE,"spatial",20000,10001,20,2000,4,150,250
4,"tau_B_sq",1.00172072200602,798.66669199769,559.608347706876,TRUE,"spatial",20000,10001,20,2000,4,150,250
4,"sigma_sq",1.0023982668873,1054.44517038344,1796.10830267576,TRUE,"spatial",20000,10001,20,2000,4,150,250
4,"eff_range",1.00150048192366,2229.2067309489,3246.34405816599,TRUE,"spatial",20000,10001,20,2000,4,150,250
4,"lp",1.00103399427171,2147.52793308848,2791.4037691792,TRUE,"spatial",20000,10001,20,2000,4,150,250
5,"tau_B_sq",1.00633973648324,1075.27700915181,821.43602735838,TRUE,"spatial",20000,10001,20,2000,4,150,250
5,"sigma_sq",1.00696329192413,1320.1663247725,2273.20354162324,TRUE,"spatial",20000,10001,20,2000,4,150,250
5,"eff_range",1.00164172231664,2097.67430429147,3614.71371346566,TRUE,"spatial",20000,10001,20,2000,4,150,250
5,"lp",1.00056829542614,2249.9964022436,2806.38555983145,TRUE,"spatial",20000,10001,20,2000,4,150,250
1,"tau_B_sq",1.00059166888077,4223.15171680029,4128.81333132692,TRUE,"nonspatial",10000,5001,10,2000,4,150,250
1,"lp",1.00066068990999,2879.08046265332,2610.71433539289,TRUE,"nonspatial",10000,5001,10,2000,4,150,250
2,"tau_B_sq",1.0010360724607,3834.96700510081,3751.187876663,TRUE,"nonspatial",10000,5001,10,2000,4,150,250
2,"lp",1.00089220120203,2763.28466211755,2878.42543829581,TRUE,"nonspatial",10000,5001,10,2000,4,150,250
3,"tau_B_sq",1.0022933086337,3461.77882506398,4021.48781481126,TRUE,"nonspatial",10000,5001,10,2000,4,150,250
3,"lp",1.00262068885936,2696.27501201467,2577.81414549672,TRUE,"nonspatial",10000,5001,10,2000,4,150,250
4,"tau_B_sq",1.00160754864021,3756.31743642457,3917.31432142573,TRUE,"nonspatial",10000,5001,10,2000,4,150,250
4,"lp",1.00172726997172,3002.50095524959,2822.20734584472,TRUE,"nonspatial",10000,5001,10,2000,4,150,250
5,"tau_B_sq",1.00189175072269,3716.78220080227,3790.09823239707,TRUE,"nonspatial",10000,5001,10,2000,4,150,250
5,"lp",1.00188023538642,3014.6881817892,2781.60493800013,TRUE,"nonspatial",10000,5001,10,2000,4,150,250
1,"tau_B_sq",1.00136445204677,2430.86960119291,1165.10167056991,TRUE,"spatial",40000,20001,40,2000,5,150,250
1,"sigma_sq",1.0015393717105,2739.64317421674,2875.05685318795,TRUE,"spatial",40000,20001,40,2000,5,150,250
1,"eff_range",1.00114351756226,4191.54145764148,5730.95901167721,TRUE,"spatial",40000,20001,40,2000,5,150,250
1,"lp",1.00114117832459,3469.24164987717,5227.44016917942,TRUE,"spatial",40000,20001,40,2000,5,150,250
2,"tau_B_sq",1.00098976906321,3222.19511565442,1880.22456886232,TRUE,"spatial",40000,20001,40,2000,5,150,250
2,"sigma_sq",1.00171126259387,3427.38417790343,3478.25261897876,TRUE,"spatial",40000,20001,40,2000,5,150,250
2,"eff_range",1.00137538518666,4972.90569809325,6885.66373070249,TRUE,"spatial",40000,20001,40,2000,5,150,250
2,"lp",1.00133862987969,3526.48222150521,5063.40449092746,TRUE,"spatial",40000,20001,40,2000,5,150,250
3,"tau_B_sq",1.00197381314538,2880.94489581361,1665.80510996934,TRUE,"spatial",40000,20001,40,2000,5,150,250
3,"sigma_sq",1.0033596353176,3052.0465490129,3473.26840173661,TRUE,"spatial",40000,20001,40,2000,5,150,250
3,"eff_range",1.00083259160982,4871.65181260282,7098.33944490613,TRUE,"spatial",40000,20001,40,2000,5,150,250
3,"lp",1.00132401100852,3825.33152737815,5228.60374844193,TRUE,"spatial",40000,20001,40,2000,5,150,250
4,"tau_B_sq",1.00196407831802,3391.64774623863,1762.42871014438,TRUE,"spatial",40000,20001,40,2000,5,150,250
4,"sigma_sq",1.00130132704248,3767.60668885033,4190.37388828729,TRUE,"spatial",40000,20001,40,2000,5,150,250
4,"eff_range",1.00147001018757,5502.44714857554,6977.03756486735,TRUE,"spatial",40000,20001,40,2000,5,150,250
4,"lp",1.00369698500487,3632.24691365036,5114.96357425942,TRUE,"spatial",40000,20001,40,2000,5,150,250
5,"tau_B_sq",1.00096521949762,2781.42342597095,1392.33728566346,TRUE,"spatial",40000,20001,40,2000,5,150,250
5,"sigma_sq",1.00105406752809,3095.81629312823,3112.50547403527,TRUE,"spatial",40000,20001,40,2000,5,150,250
5,"eff_range",1.00106571314472,5318.01775312464,6074.11002010948,TRUE,"spatial",40000,20001,40,2000,5,150,250
5,"lp",1.00048285783163,3784.37376570704,5504.06235997913,TRUE,"spatial",40000,20001,40,2000,5,150,250
1,"tau_B_sq",1.00048370730842,3807.93889211094,3693.34363016158,TRUE,"nonspatial",10000,5001,10,2000,5,150,250
1,"lp",1.00070568425761,2581.08657715705,2665.55735737636,TRUE,"nonspatial",10000,5001,10,2000,5,150,250
2,"tau_B_sq",1.00081905271331,3704.27044690419,4131.82583241589,TRUE,"nonspatial",10000,5001,10,2000,5,150,250
2,"lp",1.00064954968049,3065.42986161727,3052.78309927512,TRUE,"nonspatial",10000,5001,10,2000,5,150,250
3,"tau_B_sq",1.00140884271373,3839.19371435875,3958.33961718456,TRUE,"nonspatial",10000,5001,10,2000,5,150,250
3,"lp",1.00112624843411,2592.15177921389,2531.63065808186,TRUE,"nonspatial",10000,5001,10,2000,5,150,250
4,"tau_B_sq",1.00064086411155,3843.16786516701,4334.7094031188,TRUE,"nonspatial",10000,5001,10,2000,5,150,250
4,"lp",1.0012129622818,2991.04598997813,3074.24336677459,TRUE,"nonspatial",10000,5001,10,2000,5,150,250
5,"tau_B_sq",1.00053749951908,4376.10197377572,4412.01427201311,TRUE,"nonspatial",10000,5001,10,2000,5,150,250
5,"lp",1.00103856550606,2972.38281597229,2939.67883257244,TRUE,"nonspatial",10000,5001,10,2000,5,150,250
1,"tau_B_sq",1.00955934234323,1182.05675056111,530.587801531762,TRUE,"spatial",20000,10001,20,2000,6,150,250
1,"sigma_sq",1.00551315143727,1527.61558218844,1651.60057891874,TRUE,"spatial",20000,10001,20,2000,6,150,250
1,"eff_range",1.00217788784747,2362.30677591183,3579.56268733443,TRUE,"spatial",20000,10001,20,2000,6,150,250
1,"lp",1.0035777861786,1870.77938159773,2976.66775683927,TRUE,"spatial",20000,10001,20,2000,6,150,250
2,"tau_B_sq",1.00339727217461,984.017963376555,474.859954246743,TRUE,"spatial",20000,10001,20,2000,6,150,250
2,"sigma_sq",1.00390687136625,1149.99710540855,1195.28848685826,TRUE,"spatial",20000,10001,20,2000,6,150,250
2,"eff_range",1.00180007973773,2697.70472818726,3771.24270209516,TRUE,"spatial",20000,10001,20,2000,6,150,250
2,"lp",1.00186820079479,1850.831021049,2628.71710329527,TRUE,"spatial",20000,10001,20,2000,6,150,250
3,"tau_B_sq",1.00148305613315,1624.42942698848,701.034213299242,TRUE,"spatial",20000,10001,20,2000,6,150,250
3,"sigma_sq",1.0009575755436,1645.6346263974,1436.00101658219,TRUE,"spatial",20000,10001,20,2000,6,150,250
3,"eff_range",1.00124901613879,2600.56151798782,3517.27732979261,TRUE,"spatial",20000,10001,20,2000,6,150,250
3,"lp",1.00251446558836,1963.33924970379,2511.84289808605,TRUE,"spatial",20000,10001,20,2000,6,150,250
4,"tau_B_sq",1.00293370146202,1503.98237489526,924.224910180716,TRUE,"spatial",20000,10001,20,2000,6,150,250
4,"sigma_sq",1.00186410272338,1693.32660724464,1993.02828277174,TRUE,"spatial",20000,10001,20,2000,6,150,250
4,"eff_range",1.00119338160082,2729.12803882334,3542.35766164858,TRUE,"spatial",20000,10001,20,2000,6,150,250
4,"lp",1.00189746377731,1969.34538127782,2771.34094944469,TRUE,"spatial",20000,10001,20,2000,6,150,250
5,"tau_B_sq",1.00207935904116,1343.21397289647,675.493753571173,TRUE,"spatial",20000,10001,20,2000,6,150,250
5,"sigma_sq",1.0028105907653,1377.9091062479,1106.31990626984,TRUE,"spatial",20000,10001,20,2000,6,150,250
5,"eff_range",1.00136164833324,2688.22708429289,3072.18612481298,TRUE,"spatial",20000,10001,20,2000,6,150,250
5,"lp",1.00255348799443,1545.28060732152,2817.40981258135,TRUE,"spatial",20000,10001,20,2000,6,150,250
1,"tau_B_sq",1.00095377038307,4265.44461000183,4216.50081587336,TRUE,"nonspatial",10000,5001,10,2000,6,150,250
1,"lp",1.00066602193915,3008.12449610572,3178.65150445362,TRUE,"nonspatial",10000,5001,10,2000,6,150,250
2,"tau_B_sq",1.00136590429042,3683.30659267213,3784.9150579444,TRUE,"nonspatial",10000,5001,10,2000,6,150,250
2,"lp",1.00213705432019,2843.39587306444,2896.18495260779,TRUE,"nonspatial",10000,5001,10,2000,6,150,250
3,"tau_B_sq",1.00033962584804,3975.93404714011,3185.87809095198,TRUE,"nonspatial",10000,5001,10,2000,6,150,250
3,"lp",1.00054978524382,2657.53656199851,2738.14936075308,TRUE,"nonspatial",10000,5001,10,2000,6,150,250
4,"tau_B_sq",1.00149756492937,3632.63242420097,3933.63951406656,TRUE,"nonspatial",10000,5001,10,2000,6,150,250
4,"lp",1.00191711983577,2864.21079525089,2807.63388684621,TRUE,"nonspatial",10000,5001,10,2000,6,150,250
5,"tau_B_sq",1.00145751445601,3881.64661648153,4317.73822943429,TRUE,"nonspatial",10000,5001,10,2000,6,150,250
5,"lp",1.00095228074306,3127.25009321483,3034.55326693471,TRUE,"nonspatial",10000,5001,10,2000,6,150,250
1,"tau_B_sq",1.00443550807754,1252.53092485129,859.481660206394,TRUE,"spatial",20000,10001,20,2000,7,150,250
1,"sigma_sq",1.0021634940789,1429.61342051535,1943.29761983615,TRUE,"spatial",20000,10001,20,2000,7,150,250
1,"eff_range",1.00730977295017,1627.89124754238,2199.91545098516,TRUE,"spatial",20000,10001,20,2000,7,150,250
1,"lp",1.0040989625638,1705.0806619529,1673.74591512549,TRUE,"spatial",20000,10001,20,2000,7,150,250
2,"tau_B_sq",1.00731005789831,918.855241360208,402.773351352442,TRUE,"spatial",20000,10001,20,2000,7,150,250
2,"sigma_sq",1.00382290497753,1102.6734639605,1225.00070292217,TRUE,"spatial",20000,10001,20,2000,7,150,250
2,"eff_range",1.0019335366206,2456.12316185011,3530.45376025387,TRUE,"spatial",20000,10001,20,2000,7,150,250
2,"lp",1.00158110846148,1817.53007060461,2633.99445181527,TRUE,"spatial",20000,10001,20,2000,7,150,250
3,"tau_B_sq",1.00272609102311,1646.1998731347,997.877967099084,TRUE,"spatial",20000,10001,20,2000,7,150,250
3,"sigma_sq",1.00318126679734,1808.94065870239,1991.0109263891,TRUE,"spatial",20000,10001,20,2000,7,150,250
3,"eff_range",1.00023478049381,2447.68096483953,3078.65518909439,TRUE,"spatial",20000,10001,20,2000,7,150,250
3,"lp",1.00187281793037,1993.44622515357,2659.58207036891,TRUE,"spatial",20000,10001,20,2000,7,150,250
4,"tau_B_sq",1.00178505904041,954.446690186667,406.345541495104,TRUE,"spatial",20000,10001,20,2000,7,150,250
4,"sigma_sq",1.00134219804605,1211.15485239678,1996.22281800907,TRUE,"spatial",20000,10001,20,2000,7,150,250
4,"eff_range",1.00152210594175,2280.01373424945,3579.95603922491,TRUE,"spatial",20000,10001,20,2000,7,150,250
4,"lp",1.0011449240868,1788.61069119283,2444.89699902056,TRUE,"spatial",20000,10001,20,2000,7,150,250
5,"tau_B_sq",1.00568496853989,1274.72829829458,657.594743817355,TRUE,"spatial",20000,10001,20,2000,7,150,250
5,"sigma_sq",1.00539331878206,1591.18345714339,1890.6813267612,TRUE,"spatial",20000,10001,20,2000,7,150,250
5,"eff_range",1.00185632512695,2319.63491936047,3794.93237499731,TRUE,"spatial",20000,10001,20,2000,7,150,250
5,"lp",1.00241696156667,2116.80140020591,2865.67946675361,TRUE,"spatial",20000,10001,20,2000,7,150,250
1,"tau_B_sq",1.00163678674804,3711.60945443583,3997.56467744956,TRUE,"nonspatial",10000,5001,10,2000,7,150,250
1,"lp",1.00177564974955,3017.94212788179,2944.30016269751,TRUE,"nonspatial",10000,5001,10,2000,7,150,250
2,"tau_B_sq",1.00132313322857,3926.8566399595,3564.61597762561,TRUE,"nonspatial",10000,5001,10,2000,7,150,250
2,"lp",1.00104854861947,3111.19809944771,3197.70884771074,TRUE,"nonspatial",10000,5001,10,2000,7,150,250
3,"tau_B_sq",1.00117675527274,3988.32170197635,4076.04495991975,TRUE,"nonspatial",10000,5001,10,2000,7,150,250
3,"lp",1.00083373581118,3087.27031131724,2786.72521950103,TRUE,"nonspatial",10000,5001,10,2000,7,150,250
4,"tau_B_sq",1.00118805785665,3569.3240567244,3868.16987850026,TRUE,"nonspatial",10000,5001,10,2000,7,150,250
4,"lp",1.00175768276113,3008.92265127701,3045.63534566418,TRUE,"nonspatial",10000,5001,10,2000,7,150,250
5,"tau_B_sq",1.00115227785937,3918.71553817731,3946.68507510714,TRUE,"nonspatial",10000,5001,10,2000,7,150,250
5,"lp",1.00118699524483,2949.5131508455,3078.62625810865,TRUE,"nonspatial",10000,5001,10,2000,7,150,250
1,"tau_B_sq",1.00261893206969,1538.76188473985,961.43655067697,TRUE,"spatial",20000,10001,20,2000,8,150,250
1,"sigma_sq",1.00322231338336,1858.06694367371,1762.48897618241,TRUE,"spatial",20000,10001,20,2000,8,150,250
1,"eff_range",1.00314069181857,2465.70652228996,3386.08182551954,TRUE,"spatial",20000,10001,20,2000,8,150,250
1,"lp",1.00289031477429,1843.70949041944,2775.80030999827,TRUE,"spatial",20000,10001,20,2000,8,150,250
2,"tau_B_sq",1.00234862849175,2066.71570979342,1352.30057926825,TRUE,"spatial",20000,10001,20,2000,8,150,250
2,"sigma_sq",1.00478645097361,1973.53363551003,2735.66308485316,TRUE,"spatial",20000,10001,20,2000,8,150,250
2,"eff_range",1.0009712306209,2708.28528405597,3469.93834592391,TRUE,"spatial",20000,10001,20,2000,8,150,250
2,"lp",1.00182997339953,2111.85790247341,2725.55844876004,TRUE,"spatial",20000,10001,20,2000,8,150,250
3,"tau_B_sq",1.001250690381,2297.3252406555,1642.29961242477,TRUE,"spatial",20000,10001,20,2000,8,150,250
3,"sigma_sq",1.00193827353261,2150.22441190052,2510.57618795543,TRUE,"spatial",20000,10001,20,2000,8,150,250
3,"eff_range",1.00136824479987,2462.2368516369,3388.2451221961,TRUE,"spatial",20000,10001,20,2000,8,150,250
3,"lp",1.00051822907187,2147.24050328068,2571.88907473906,TRUE,"spatial",20000,10001,20,2000,8,150,250
4,"tau_B_sq",1.0031333182337,1060.70610523735,558.819486455625,TRUE,"spatial",20000,10001,20,2000,8,150,250
4,"sigma_sq",1.00262518767799,1234.24154257576,1305.94721896688,TRUE,"spatial",20000,10001,20,2000,8,150,250
4,"eff_range",1.00249883298834,2340.59391578595,3465.90162816602,TRUE,"spatial",20000,10001,20,2000,8,150,250
4,"lp",1.00167701414419,1607.20351541212,2565.62491629808,TRUE,"spatial",20000,10001,20,2000,8,150,250
5,"tau_B_sq",1.00182404553607,1673.87514152748,1156.81471314836,TRUE,"spatial",20000,10001,20,2000,8,150,250
5,"sigma_sq",1.00235523934995,1952.63403093213,2499.23847622969,TRUE,"spatial",20000,10001,20,2000,8,150,250
5,"eff_range",1.00196716854503,2562.21624102314,3156.31496776897,TRUE,"spatial",20000,10001,20,2000,8,150,250
5,"lp",1.00148009650234,1996.66020407875,2671.75339800439,TRUE,"spatial",20000,10001,20,2000,8,150,250
1,"tau_B_sq",1.00246942184025,4084.82586026708,4113.21595788408,TRUE,"nonspatial",10000,5001,10,2000,8,150,250
1,"lp",1.00246039661979,3048.79524519424,2685.80403805743,TRUE,"nonspatial",10000,5001,10,2000,8,150,250
2,"tau_B_sq",1.00118363209058,3670.11336040583,4047.69560438887,TRUE,"nonspatial",10000,5001,10,2000,8,150,250
2,"lp",1.00089297152225,3038.57982370331,3237.22214685478,TRUE,"nonspatial",10000,5001,10,2000,8,150,250
3,"tau_B_sq",1.00201964917863,3984.5652820165,3955.4393982551,TRUE,"nonspatial",10000,5001,10,2000,8,150,250
3,"lp",1.00159140992261,2807.22379543995,2810.11360754438,TRUE,"nonspatial",10000,5001,10,2000,8,150,250
4,"tau_B_sq",1.00162136417683,3883.96421916125,3866.43936913265,TRUE,"nonspatial",10000,5001,10,2000,8,150,250
4,"lp",1.00185295263724,2790.44816282162,2581.59810927995,TRUE,"nonspatial",10000,5001,10,2000,8,150,250
5,"tau_B_sq",1.00220057488326,3834.63469945147,4049.58280838307,TRUE,"nonspatial",10000,5001,10,2000,8,150,250
5,"lp",1.00240996763559,2528.9994711272,1867.27428070309,TRUE,"nonspatial",10000,5001,10,2000,8,150,250
1,"tau_B_sq",1.00284320846421,1834.290689193,1090.16993526149,TRUE,"spatial",20000,10001,20,2000,9,150,250
1,"sigma_sq",1.00346788705403,1945.40831256402,2478.84900119794,TRUE,"spatial",20000,10001,20,2000,9,150,250
1,"eff_range",1.00112759124155,2373.80057857059,3189.13444328287,TRUE,"spatial",20000,10001,20,2000,9,150,250
1,"lp",1.00168147582834,2037.24714561228,2564.67493112862,TRUE,"spatial",20000,10001,20,2000,9,150,250
2,"tau_B_sq",1.00177812507471,1263.03907789029,1037.8003995386,TRUE,"spatial",20000,10001,20,2000,9,150,250
2,"sigma_sq",1.00209034002087,1475.27515027197,2589.67466426448,TRUE,"spatial",20000,10001,20,2000,9,150,250
2,"eff_range",1.00150554676126,1946.04287987149,2774.28113902033,TRUE,"spatial",20000,10001,20,2000,9,150,250
2,"lp",1.00224031261061,2240.10210684705,2567.75236401442,TRUE,"spatial",20000,10001,20,2000,9,150,250
3,"tau_B_sq",1.00235871704606,1299.56597700817,748.430097939268,TRUE,"spatial",20000,10001,20,2000,9,150,250
3,"sigma_sq",1.00289961512889,1358.79741522884,1515.90848061194,TRUE,"spatial",20000,10001,20,2000,9,150,250
3,"eff_range",1.00076792308228,2180.5398943347,3303.37854599938,TRUE,"spatial",20000,10001,20,2000,9,150,250
3,"lp",1.00253730502669,1612.91016614984,2234.27145642404,TRUE,"spatial",20000,10001,20,2000,9,150,250
4,"tau_B_sq",1.00337068444937,1331.79309346393,745.272756733401,TRUE,"spatial",20000,10001,20,2000,9,150,250
4,"sigma_sq",1.00218504401195,1669.02618914412,2765.73410194817,TRUE,"spatial",20000,10001,20,2000,9,150,250
4,"eff_range",1.00115913528793,2450.74499725424,3152.15728569033,TRUE,"spatial",20000,10001,20,2000,9,150,250
4,"lp",1.00141350091019,2130.31809433095,2935.02432226471,TRUE,"spatial",20000,10001,20,2000,9,150,250
5,"tau_B_sq",1.00163229727202,1247.11582573856,660.542217298543,TRUE,"spatial",20000,10001,20,2000,9,150,250
5,"sigma_sq",1.0020685476765,1612.19970524048,1819.82112533655,TRUE,"spatial",20000,10001,20,2000,9,150,250
5,"eff_range",1.00044206564092,2430.06282774539,3388.48721328801,TRUE,"spatial",20000,10001,20,2000,9,150,250
5,"lp",1.00241716799142,1925.6014578652,2859.6534590463,TRUE,"spatial",20000,10001,20,2000,9,150,250
1,"tau_B_sq",1.00171609440219,3592.19885612873,4194.12660118937,TRUE,"nonspatial",10000,5001,10,2000,9,150,250
1,"lp",1.00059012773186,3014.97475125713,3000.23705621259,TRUE,"nonspatial",10000,5001,10,2000,9,150,250
2,"tau_B_sq",1.00034339110273,3814.90754646555,4196.74543909608,TRUE,"nonspatial",10000,5001,10,2000,9,150,250
2,"lp",1.00125956818462,2698.61058741487,2609.7061565929,TRUE,"nonspatial",10000,5001,10,2000,9,150,250
3,"tau_B_sq",1.00136533497981,3873.05231721334,4265.75214642129,TRUE,"nonspatial",10000,5001,10,2000,9,150,250
3,"lp",1.00115634012128,2941.00457640578,2953.25612646945,TRUE,"nonspatial",10000,5001,10,2000,9,150,250
4,"tau_B_sq",1.00279720792325,3428.71418466653,3690.82642547958,TRUE,"nonspatial",10000,5001,10,2000,9,150,250
4,"lp",1.00348981996787,2741.25246126702,2434.6296910779,TRUE,"nonspatial",10000,5001,10,2000,9,150,250
5,"tau_B_sq",1.00014290581417,3929.10062181172,4267.60055852302,TRUE,"nonspatial",10000,5001,10,2000,9,150,250
5,"lp",1.0005070981557,3198.67045918398,3327.07923397829,TRUE,"nonspatial",10000,5001,10,2000,9,150,250
1,"tau_B_sq",1.00270797894818,1587.12282814242,956.917274359688,TRUE,"spatial",20000,10001,20,2000,10,150,250
1,"sigma_sq",1.00224174736331,1752.44157955248,2130.1112503145,TRUE,"spatial",20000,10001,20,2000,10,150,250
1,"eff_range",1.00062402659895,2476.41765035083,3541.61445388264,TRUE,"spatial",20000,10001,20,2000,10,150,250
1,"lp",1.00224473545694,2092.97467134993,2753.55231420068,TRUE,"spatial",20000,10001,20,2000,10,150,250
2,"tau_B_sq",1.00237613129026,1957.47213129985,1152.5256019005,TRUE,"spatial",20000,10001,20,2000,10,150,250
2,"sigma_sq",1.00213249547357,1981.85561216758,2864.73703418661,TRUE,"spatial",20000,10001,20,2000,10,150,250
2,"eff_range",1.00109920624932,2532.46641825331,3460.1485548262,TRUE,"spatial",20000,10001,20,2000,10,150,250
2,"lp",1.00198936167751,2013.20848647871,2787.61729136993,TRUE,"spatial",20000,10001,20,2000,10,150,250
3,"tau_B_sq",1.000928891791,1817.52130044143,1303.51496252304,TRUE,"spatial",20000,10001,20,2000,10,150,250
3,"sigma_sq",1.00151853501657,1777.69752484394,2608.79228007505,TRUE,"spatial",20000,10001,20,2000,10,150,250
3,"eff_range",1.00250557757189,2603.06710990612,3659.36367395903,TRUE,"spatial",20000,10001,20,2000,10,150,250
3,"lp",1.0013828497364,2195.35660116191,2807.53461832081,TRUE,"spatial",20000,10001,20,2000,10,150,250
4,"tau_B_sq",1.00244741186146,1374.98957033009,1720.64824415242,TRUE,"spatial",20000,10001,20,2000,10,150,250
4,"sigma_sq",1.00245781821058,1847.07516190822,2853.85135214002,TRUE,"spatial",20000,10001,20,2000,10,150,250
4,"eff_range",1.00095577554685,1886.22384968871,1687.91585602591,TRUE,"spatial",20000,10001,20,2000,10,150,250
4,"lp",1.00159256678345,1664.41382573449,1824.49041177256,TRUE,"spatial",20000,10001,20,2000,10,150,250
5,"tau_B_sq",1.00299369756868,1394.50722161574,627.098355310157,TRUE,"spatial",20000,10001,20,2000,10,150,250
5,"sigma_sq",1.00252343548241,1547.12421537392,1663.26085335808,TRUE,"spatial",20000,10001,20,2000,10,150,250
5,"eff_range",1.00132893049946,2717.2871182949,3794.88889165389,TRUE,"spatial",20000,10001,20,2000,10,150,250
5,"lp",1.00198421622804,1932.93684134941,3040.92026439035,TRUE,"spatial",20000,10001,20,2000,10,150,250
1,"tau_B_sq",1.0017407190348,3747.15225951673,3714.05825415296,TRUE,"nonspatial",10000,5001,10,2000,10,150,250
1,"lp",1.00193155069776,2790.1547644815,2669.72444165482,TRUE,"nonspatial",10000,5001,10,2000,10,150,250
2,"tau_B_sq",1.00050329540718,4060.39584983092,4007.8782273386,TRUE,"nonspatial",10000,5001,10,2000,10,150,250
2,"lp",1.000656883518,3055.93689151506,2941.0132375837,TRUE,"nonspatial",10000,5001,10,2000,10,150,250
3,"tau_B_sq",1.00244560448843,3956.63366198533,4524.580668769,TRUE,"nonspatial",10000,5001,10,2000,10,150,250
3,"lp",1.00098883209774,2635.33758005252,2371.57942545233,TRUE,"nonspatial",10000,5001,10,2000,10,150,250
4,"tau_B_sq",1.0010311265657,3651.76947148361,3854.49676797745,TRUE,"nonspatial",10000,5001,10,2000,10,150,250
4,"lp",1.00057132214172,3032.45327752611,3143.63107885048,TRUE,"nonspatial",10000,5001,10,2000,10,150,250
5,"tau_B_sq",1.0009988490588,3506.30252547129,3429.84686216539,TRUE,"nonspatial",10000,5001,10,2000,10,150,250
5,"lp",1.00082850303769,2719.80479541496,2619.66032582837,TRUE,"nonspatial",10000,5001,10,2000,10,150,250
1,"tau_B_sq",1.00228742042631,1994.82593124601,1360.02664619151,TRUE,"spatial",20000,10001,20,2000,1,350,250
1,"sigma_sq",1.00194451574163,2250.54774608472,3024.12934121425,TRUE,"spatial",20000,10001,20,2000,1,350,250
1,"eff_range",1.00141054152842,2702.15338167876,3821.89517511419,TRUE,"spatial",20000,10001,20,2000,1,350,250
1,"lp",1.00235840534018,2232.07027546714,2419.35860492837,TRUE,"spatial",20000,10001,20,2000,1,350,250
2,"tau_B_sq",1.00425238009066,1538.06745367878,852.843727319699,TRUE,"spatial",20000,10001,20,2000,1,350,250
2,"sigma_sq",1.00217143497895,1802.3313741762,2142.7619208557,TRUE,"spatial",20000,10001,20,2000,1,350,250
2,"eff_range",1.00184980375989,2832.09462178637,3806.58331894423,TRUE,"spatial",20000,10001,20,2000,1,350,250
2,"lp",1.00391648764327,1945.53402333997,2453.08498743063,TRUE,"spatial",20000,10001,20,2000,1,350,250
3,"tau_B_sq",1.00264820339385,1896.61398772501,1477.92718240356,TRUE,"spatial",20000,10001,20,2000,1,350,250
3,"sigma_sq",1.00139414089975,2056.6614400815,3018.8473811537,TRUE,"spatial",20000,10001,20,2000,1,350,250
3,"eff_range",1.0040999950854,2297.44139665176,3576.94913826742,TRUE,"spatial",20000,10001,20,2000,1,350,250
3,"lp",1.0011792832801,2119.1206886742,2509.36050511908,TRUE,"spatial",20000,10001,20,2000,1,350,250
4,"tau_B_sq",1.00155213729998,2117.26986852784,1427.27625628685,TRUE,"spatial",20000,10001,20,2000,1,350,250
4,"sigma_sq",1.00198919006775,2042.91508642415,2445.84329229701,TRUE,"spatial",20000,10001,20,2000,1,350,250
4,"eff_range",1.00054763436225,2335.20344905422,3218.87098968859,TRUE,"spatial",20000,10001,20,2000,1,350,250
4,"lp",1.00158091800143,2228.46335448167,2839.384048695,TRUE,"spatial",20000,10001,20,2000,1,350,250
5,"tau_B_sq",1.00168565181019,2172.27350887282,1810.12370535265,TRUE,"spatial",20000,10001,20,2000,1,350,250
5,"sigma_sq",1.00481118026251,2222.87313375905,2828.12640380939,TRUE,"spatial",20000,10001,20,2000,1,350,250
5,"eff_range",1.00184826139716,2596.32430853266,3558.03989538028,TRUE,"spatial",20000,10001,20,2000,1,350,250
5,"lp",1.00205489196464,2158.55125799441,2329.25646953483,TRUE,"spatial",20000,10001,20,2000,1,350,250
1,"tau_B_sq",1.00039939562731,3742.1207657277,4071.02158047721,TRUE,"nonspatial",10000,5001,10,2000,1,350,250
1,"lp",1.00139152325433,2936.70697022793,2785.32175419019,TRUE,"nonspatial",10000,5001,10,2000,1,350,250
2,"tau_B_sq",1.00108509139429,3955.10883456758,4074.47898990666,TRUE,"nonspatial",10000,5001,10,2000,1,350,250
2,"lp",1.00102958819527,3044.90429380785,2882.1799169994,TRUE,"nonspatial",10000,5001,10,2000,1,350,250
3,"tau_B_sq",1.00154096294593,4082.67812748722,3939.08498082719,TRUE,"nonspatial",10000,5001,10,2000,1,350,250
3,"lp",1.00126157947235,3060.60750015555,3143.13436863932,TRUE,"nonspatial",10000,5001,10,2000,1,350,250
4,"tau_B_sq",1.00080373886817,3872.76074021403,3805.34091509414,TRUE,"nonspatial",10000,5001,10,2000,1,350,250
4,"lp",1.00082180156172,2764.52507266176,2923.42175281597,TRUE,"nonspatial",10000,5001,10,2000,1,350,250
5,"tau_B_sq",1.00061330018062,3989.25230648317,4181.42253526012,TRUE,"nonspatial",10000,5001,10,2000,1,350,250
5,"lp",1.00069078275474,3012.84006010305,2856.588654022,TRUE,"nonspatial",10000,5001,10,2000,1,350,250
1,"tau_B_sq",1.00402371110943,907.250300878412,450.399776946888,TRUE,"spatial",10000,5001,10,2000,2,350,250
1,"sigma_sq",1.00472867258646,937.754163284418,1135.73919127261,TRUE,"spatial",10000,5001,10,2000,2,350,250
1,"eff_range",1.00357791469619,1243.35545439858,1714.27490606107,TRUE,"spatial",10000,5001,10,2000,2,350,250
1,"lp",1.00376116006514,1077.55777840378,1141.9072716356,TRUE,"spatial",10000,5001,10,2000,2,350,250
2,"tau_B_sq",1.00310174778861,1016.10813421072,788.782892870876,TRUE,"spatial",10000,5001,10,2000,2,350,250
2,"sigma_sq",1.00385365181695,1054.3848259986,1338.17704702243,TRUE,"spatial",10000,5001,10,2000,2,350,250
2,"eff_range",1.00176674618168,1344.89015302005,1790.50572243042,TRUE,"spatial",10000,5001,10,2000,2,350,250
2,"lp",1.00446154831709,932.172286683888,1448.39945769762,TRUE,"spatial",10000,5001,10,2000,2,350,250
3,"tau_B_sq",1.00897366224322,722.89923339015,450.969068536666,TRUE,"spatial",10000,5001,10,2000,2,350,250
3,"sigma_sq",1.00489486939597,955.508575718766,1212.39178308406,TRUE,"spatial",10000,5001,10,2000,2,350,250
3,"eff_range",1.00377752162084,1427.16453751902,2061.43013990649,TRUE,"spatial",10000,5001,10,2000,2,350,250
3,"lp",1.0036832146484,990.32894904721,1251.44262096461,TRUE,"spatial",10000,5001,10,2000,2,350,250
4,"tau_B_sq",1.00349802859782,1014.84879222098,784.901266261463,TRUE,"spatial",10000,5001,10,2000,2,350,250
4,"sigma_sq",1.00288739274682,1267.67672714375,1661.0248749153,TRUE,"spatial",10000,5001,10,2000,2,350,250
4,"eff_range",1.00066220752917,1326.06508921449,1699.14112592362,TRUE,"spatial",10000,5001,10,2000,2,350,250
4,"lp",1.0024094839887,1104.08852137938,1216.52243913074,TRUE,"spatial",10000,5001,10,2000,2,350,250
5,"tau_B_sq",1.0036352137545,799.745251849359,686.948975309621,TRUE,"spatial",10000,5001,10,2000,2,350,250
5,"sigma_sq",1.0049922450286,896.855322560654,1721.68821233434,TRUE,"spatial",10000,5001,10,2000,2,350,250
5,"eff_range",1.00290168830751,1137.47068476357,1596.59484284661,TRUE,"spatial",10000,5001,10,2000,2,350,250
5,"lp",1.00405434536577,1106.86659154062,1384.54297416091,TRUE,"spatial",10000,5001,10,2000,2,350,250
1,"tau_B_sq",1.00164001448628,3809.36303007568,4432.33081824472,TRUE,"nonspatial",10000,5001,10,2000,2,350,250
1,"lp",1.00158675640159,2916.40646646717,2862.9048279454,TRUE,"nonspatial",10000,5001,10,2000,2,350,250
2,"tau_B_sq",1.00186031397935,4099.76929665715,4325.780098738,TRUE,"nonspatial",10000,5001,10,2000,2,350,250
2,"lp",1.00204457611592,2813.65679924272,3356.90718252152,TRUE,"nonspatial",10000,5001,10,2000,2,350,250
3,"tau_B_sq",1.00236977364746,3925.04094318005,3971.45919800395,TRUE,"nonspatial",10000,5001,10,2000,2,350,250
3,"lp",1.00165015990153,3205.51703186444,2876.2798003829,TRUE,"nonspatial",10000,5001,10,2000,2,350,250
4,"tau_B_sq",1.00096151448764,3956.35909810264,3906.42657265269,TRUE,"nonspatial",10000,5001,10,2000,2,350,250
4,"lp",1.00133648277708,3075.93547746231,2833.62849893968,TRUE,"nonspatial",10000,5001,10,2000,2,350,250
5,"tau_B_sq",1.00119334476474,3142.4116521045,3580.53521120683,TRUE,"nonspatial",10000,5001,10,2000,2,350,250
5,"lp",1.00104654542107,2901.30307682507,2511.48121830122,TRUE,"nonspatial",10000,5001,10,2000,2,350,250
1,"tau_B_sq",1.00414376484746,879.263369821786,643.191682134371,TRUE,"spatial",20000,10001,20,2000,3,350,250
1,"sigma_sq",1.00340607172258,1171.62059302158,2227.25256485471,TRUE,"spatial",20000,10001,20,2000,3,350,250
1,"eff_range",1.00388250545666,1566.22568408918,3191.27590290829,TRUE,"spatial",20000,10001,20,2000,3,350,250
1,"lp",1.00076200133086,2035.2550829319,2578.06288649523,TRUE,"spatial",20000,10001,20,2000,3,350,250
2,"tau_B_sq",1.00139683537764,1583.15241363631,793.375026388454,TRUE,"spatial",20000,10001,20,2000,3,350,250
2,"sigma_sq",1.00228208982663,1958.11006001519,2954.56532417089,TRUE,"spatial",20000,10001,20,2000,3,350,250
2,"eff_range",1.00037249039039,2300.48748110311,3583.6753663824,TRUE,"spatial",20000,10001,20,2000,3,350,250
2,"lp",1.00319320697143,1964.87169785008,2818.0739853147,TRUE,"spatial",20000,10001,20,2000,3,350,250
3,"tau_B_sq",1.00327115052394,784.010190595677,608.257292656366,TRUE,"spatial",20000,10001,20,2000,3,350,250
3,"sigma_sq",1.00380427883279,1020.81975000208,2165.81405674489,TRUE,"spatial",20000,10001,20,2000,3,350,250
3,"eff_range",1.00275612507705,2007.31112132228,2751.53640669864,TRUE,"spatial",20000,10001,20,2000,3,350,250
3,"lp",1.00118587297503,1755.47931640851,1594.69594579999,TRUE,"spatial",20000,10001,20,2000,3,350,250
4,"tau_B_sq",1.00358870011212,1089.30680674525,727.177684686885,TRUE,"spatial",20000,10001,20,2000,3,350,250
4,"sigma_sq",1.00179718678877,1279.37605690387,1940.40449218597,TRUE,"spatial",20000,10001,20,2000,3,350,250
4,"eff_range",1.00118446285947,1802.95953971914,3410.9975095705,TRUE,"spatial",20000,10001,20,2000,3,350,250
4,"lp",1.00116007038793,1929.97022120613,2137.22023488949,TRUE,"spatial",20000,10001,20,2000,3,350,250
5,"tau_B_sq",1.00588620133698,883.524238540062,786.953084358619,TRUE,"spatial",20000,10001,20,2000,3,350,250
5,"sigma_sq",1.00534102192683,1191.15215290364,2840.52202617808,TRUE,"spatial",20000,10001,20,2000,3,350,250
5,"eff_range",1.00135724259398,1831.0369091545,2685.77945752329,TRUE,"spatial",20000,10001,20,2000,3,350,250
5,"lp",1.00380765577869,1598.17133956824,1572.12424856932,TRUE,"spatial",20000,10001,20,2000,3,350,250
1,"tau_B_sq",1.00061292975277,3945.72684683019,4142.87983219684,TRUE,"nonspatial",10000,5001,10,2000,3,350,250
1,"lp",1.00099740142402,2855.50684612936,2903.97781391941,TRUE,"nonspatial",10000,5001,10,2000,3,350,250
2,"tau_B_sq",1.00130364325472,3668.88643565475,3900.22796454613,TRUE,"nonspatial",10000,5001,10,2000,3,350,250
2,"lp",1.00173326394566,2772.56001560328,2451.9471986777,TRUE,"nonspatial",10000,5001,10,2000,3,350,250
3,"tau_B_sq",1.00210632971263,3906.21267030464,4117.77318213694,TRUE,"nonspatial",10000,5001,10,2000,3,350,250
3,"lp",1.0024747971952,2869.05311023048,2847.25861854485,TRUE,"nonspatial",10000,5001,10,2000,3,350,250
4,"tau_B_sq",1.00106609506426,3546.61809333177,4434.22154223871,TRUE,"nonspatial",10000,5001,10,2000,3,350,250
4,"lp",1.00143057909867,2948.14699843358,3305.85212225969,TRUE,"nonspatial",10000,5001,10,2000,3,350,250
5,"tau_B_sq",1.00116243305315,4166.64068723143,3568.91273506476,TRUE,"nonspatial",10000,5001,10,2000,3,350,250
5,"lp",1.00239208506768,2799.469047156,2818.95900173442,TRUE,"nonspatial",10000,5001,10,2000,3,350,250
1,"tau_B_sq",1.00144905180957,2263.02078386983,3754.59939719316,TRUE,"spatial",40000,20001,40,2000,4,350,250
1,"sigma_sq",1.00104185209469,2883.96356789672,2598.7872712342,TRUE,"spatial",40000,20001,40,2000,4,350,250
1,"eff_range",1.00234903067242,2801.22021412088,2165.17743085875,TRUE,"spatial",40000,20001,40,2000,4,350,250
1,"lp",1.00274833614905,2278.07982065016,3700.93428612278,TRUE,"spatial",40000,20001,40,2000,4,350,250
2,"tau_B_sq",1.00086352375382,2272.2044693098,3604.42899159907,TRUE,"spatial",40000,20001,40,2000,4,350,250
2,"sigma_sq",1.00098144461681,2825.59023908914,4242.76073360521,TRUE,"spatial",40000,20001,40,2000,4,350,250
2,"eff_range",1.00123718886029,3161.37481839563,3296.40995999656,TRUE,"spatial",40000,20001,40,2000,4,350,250
2,"lp",1.00138209144853,2837.05045608339,3118.75983272336,TRUE,"spatial",40000,20001,40,2000,4,350,250
3,"tau_B_sq",1.00224894329392,1839.67262163264,2458.48017805205,TRUE,"spatial",40000,20001,40,2000,4,350,250
3,"sigma_sq",1.00134879648779,2449.27444538722,4547.45915200301,TRUE,"spatial",40000,20001,40,2000,4,350,250
3,"eff_range",1.00205966423065,3745.10445996966,5598.6146959176,TRUE,"spatial",40000,20001,40,2000,4,350,250
3,"lp",1.00183452383644,2503.76975532181,2308.18632443301,TRUE,"spatial",40000,20001,40,2000,4,350,250
4,"tau_B_sq",1.00214148842149,2316.5875788279,1767.32132299257,TRUE,"spatial",40000,20001,40,2000,4,350,250
4,"sigma_sq",1.00067974110066,2972.50248435031,1847.83996329199,TRUE,"spatial",40000,20001,40,2000,4,350,250
4,"eff_range",1.0008788587768,2517.05056781906,1090.0567239056,TRUE,"spatial",40000,20001,40,2000,4,350,250
4,"lp",1.00083516926113,2652.38187524922,3219.30479346724,TRUE,"spatial",40000,20001,40,2000,4,350,250
5,"tau_B_sq",1.00418963363881,2495.80296131749,1683.07661035205,TRUE,"spatial",40000,20001,40,2000,4,350,250
5,"sigma_sq",1.00304110016733,3255.4315294672,1942.62739921816,TRUE,"spatial",40000,20001,40,2000,4,350,250
5,"eff_range",1.00162220936492,2763.80287421476,1263.28791856115,TRUE,"spatial",40000,20001,40,2000,4,350,250
5,"lp",1.00511139375053,2429.26203718967,2558.92644179377,TRUE,"spatial",40000,20001,40,2000,4,350,250
1,"tau_B_sq",1.00158556965102,3645.66633330638,4288.95431693937,TRUE,"nonspatial",10000,5001,10,2000,4,350,250
1,"lp",1.00192284059399,2911.55863420684,2899.42506025612,TRUE,"nonspatial",10000,5001,10,2000,4,350,250
2,"tau_B_sq",1.00147771539578,4052.6675879191,4065.0814468312,TRUE,"nonspatial",10000,5001,10,2000,4,350,250
2,"lp",1.00144456835676,2954.06820162713,2578.18076732364,TRUE,"nonspatial",10000,5001,10,2000,4,350,250
3,"tau_B_sq",1.00100090642224,3444.59184365098,3828.22541778488,TRUE,"nonspatial",10000,5001,10,2000,4,350,250
3,"lp",1.00132040528074,2733.28828747624,2995.89869575759,TRUE,"nonspatial",10000,5001,10,2000,4,350,250
4,"tau_B_sq",1.00158087339178,4005.99312013961,4078.87174271447,TRUE,"nonspatial",10000,5001,10,2000,4,350,250
4,"lp",1.00145783798686,2927.39004587582,2724.50835984595,TRUE,"nonspatial",10000,5001,10,2000,4,350,250
5,"tau_B_sq",1.00177759539804,4024.72083644525,4416.43577921011,TRUE,"nonspatial",10000,5001,10,2000,4,350,250
5,"lp",1.00211371130499,2742.34538186103,2505.9360377368,TRUE,"nonspatial",10000,5001,10,2000,4,350,250
1,"tau_B_sq",1.00227842201763,1645.45786809401,1131.01931648879,TRUE,"spatial",20000,10001,20,2000,5,350,250
1,"sigma_sq",1.00199625931008,1618.34202069103,1713.4987533283,TRUE,"spatial",20000,10001,20,2000,5,350,250
1,"eff_range",1.00289381415432,2164.95190189076,3374.53281117706,TRUE,"spatial",20000,10001,20,2000,5,350,250
1,"lp",1.0031207881545,1811.11968580719,2216.53925353732,TRUE,"spatial",20000,10001,20,2000,5,350,250
2,"tau_B_sq",1.00216716860466,1666.52715012587,1156.79503787272,TRUE,"spatial",20000,10001,20,2000,5,350,250
2,"sigma_sq",1.00206024619322,1920.81885993957,2296.70891817463,TRUE,"spatial",20000,10001,20,2000,5,350,250
2,"eff_range",1.00113919005827,2442.99894659642,3380.29409377469,TRUE,"spatial",20000,10001,20,2000,5,350,250
2,"lp",1.00225434121411,2379.74486059128,2549.84672006328,TRUE,"spatial",20000,10001,20,2000,5,350,250
3,"tau_B_sq",1.00261492875456,1617.81022400873,1091.94555476875,TRUE,"spatial",20000,10001,20,2000,5,350,250
3,"sigma_sq",1.00199512329446,1917.24449719926,3080.8722166035,TRUE,"spatial",20000,10001,20,2000,5,350,250
3,"eff_range",1.00156961600352,2714.1482771735,3372.33309624477,TRUE,"spatial",20000,10001,20,2000,5,350,250
3,"lp",1.00098918758095,2127.24005664831,2612.58802653066,TRUE,"spatial",20000,10001,20,2000,5,350,250
4,"tau_B_sq",1.00138868594905,1542.78744555698,860.496410902943,TRUE,"spatial",20000,10001,20,2000,5,350,250
4,"sigma_sq",1.00181852648979,1698.27804518028,1951.29488958226,TRUE,"spatial",20000,10001,20,2000,5,350,250
4,"eff_range",1.00100828634802,2184.81456652095,3088.62058167575,TRUE,"spatial",20000,10001,20,2000,5,350,250
4,"lp",1.0018554377268,2034.49425280258,2597.60948198036,TRUE,"spatial",20000,10001,20,2000,5,350,250
5,"tau_B_sq",1.00149723724889,1741.6077779511,876.114470083008,TRUE,"spatial",20000,10001,20,2000,5,350,250
5,"sigma_sq",1.00176906289731,1850.38407775511,1987.53744780672,TRUE,"spatial",20000,10001,20,2000,5,350,250
5,"eff_range",1.00124893766002,2592.15154762363,3713.87297626275,TRUE,"spatial",20000,10001,20,2000,5,350,250
5,"lp",1.00167371305047,1967.91304636412,2906.39863442413,TRUE,"spatial",20000,10001,20,2000,5,350,250
1,"tau_B_sq",1.00137982955925,3820.99871949631,3669.80971810022,TRUE,"nonspatial",10000,5001,10,2000,5,350,250
1,"lp",1.00132528271652,2758.39209276643,3094.95827333705,TRUE,"nonspatial",10000,5001,10,2000,5,350,250
2,"tau_B_sq",1.00084824182637,3923.48035544132,4036.78145900195,TRUE,"nonspatial",10000,5001,10,2000,5,350,250
2,"lp",1.00148098169434,3082.18193890981,3250.29699864541,TRUE,"nonspatial",10000,5001,10,2000,5,350,250
3,"tau_B_sq",1.00068909771343,4473.09404723843,4576.9610239343,TRUE,"nonspatial",10000,5001,10,2000,5,350,250
3,"lp",1.00099277019004,2827.32678992855,2828.05803851296,TRUE,"nonspatial",10000,5001,10,2000,5,350,250
4,"tau_B_sq",1.00027556017924,3710.50872084302,3903.12806745138,TRUE,"nonspatial",10000,5001,10,2000,5,350,250
4,"lp",1.0006899088196,2898.9950723911,3139.46864892389,TRUE,"nonspatial",10000,5001,10,2000,5,350,250
5,"tau_B_sq",1.00097174694308,3573.89282532574,3293.99540611085,TRUE,"nonspatial",10000,5001,10,2000,5,350,250
5,"lp",1.00052616419037,3022.90407438959,3202.28333788527,TRUE,"nonspatial",10000,5001,10,2000,5,350,250
1,"tau_B_sq",1.00322437516529,1421.45915425068,839.721467611022,TRUE,"spatial",20000,10001,20,2000,6,350,250
1,"sigma_sq",1.00226917140895,1431.76857199103,2197.5177976651,TRUE,"spatial",20000,10001,20,2000,6,350,250
1,"eff_range",1.0010082382787,2333.17955015375,3044.26015875785,TRUE,"spatial",20000,10001,20,2000,6,350,250
1,"lp",1.0021256508833,1753.891323698,2101.83869291295,TRUE,"spatial",20000,10001,20,2000,6,350,250
2,"tau_B_sq",1.00301297046956,1302.24689675609,685.031565090993,TRUE,"spatial",20000,10001,20,2000,6,350,250
2,"sigma_sq",1.00188338332935,1416.61448227352,1816.34874687673,TRUE,"spatial",20000,10001,20,2000,6,350,250
2,"eff_range",1.00085180554313,2225.03562470527,3381.07185502286,TRUE,"spatial",20000,10001,20,2000,6,350,250
2,"lp",1.00130093141339,1941.30855229228,2758.36762207652,TRUE,"spatial",20000,10001,20,2000,6,350,250
3,"tau_B_sq",1.00278116178723,1518.9413351576,897.862809906804,TRUE,"spatial",20000,10001,20,2000,6,350,250
3,"sigma_sq",1.0016289273084,1523.2693780977,2064.95640254564,TRUE,"spatial",20000,10001,20,2000,6,350,250
3,"eff_range",1.00063524998162,2469.84387147668,3119.33547330855,TRUE,"spatial",20000,10001,20,2000,6,350,250
3,"lp",1.00226245465203,2260.83342446783,2275.27814755698,TRUE,"spatial",20000,10001,20,2000,6,350,250
4,"tau_B_sq",1.00316831483025,1825.2007109318,1136.9732289677,TRUE,"spatial",20000,10001,20,2000,6,350,250
4,"sigma_sq",1.00601558952118,1767.01868030031,2209.12988590305,TRUE,"spatial",20000,10001,20,2000,6,350,250
4,"eff_range",1.00105083763685,1897.39975647207,2791.85524662427,TRUE,"spatial",20000,10001,20,2000,6,350,250
4,"lp",1.00238359543552,1788.8323817932,2004.22778686662,TRUE,"spatial",20000,10001,20,2000,6,350,250
5,"tau_B_sq",1.0026582192126,1412.35892394723,876.69408055606,TRUE,"spatial",20000,10001,20,2000,6,350,250
5,"sigma_sq",1.00256312154734,1273.08819502365,2060.14087947221,TRUE,"spatial",20000,10001,20,2000,6,350,250
5,"eff_range",1.00157809258138,2182.31372549263,3134.86577733471,TRUE,"spatial",20000,10001,20,2000,6,350,250
5,"lp",1.00233299913547,1891.68057172175,2390.5963434857,TRUE,"spatial",20000,10001,20,2000,6,350,250
1,"tau_B_sq",1.00099083244823,3796.01908615246,2860.18195580467,TRUE,"nonspatial",10000,5001,10,2000,6,350,250
1,"lp",1.00172673937868,2401.36805219042,2842.36495320259,TRUE,"nonspatial",10000,5001,10,2000,6,350,250
2,"tau_B_sq",1.00220255686094,3740.37116796073,4174.70077886207,TRUE,"nonspatial",10000,5001,10,2000,6,350,250
2,"lp",1.00192139058807,2741.63107498624,2804.05581136757,TRUE,"nonspatial",10000,5001,10,2000,6,350,250
3,"tau_B_sq",1.00176904619669,3832.2365690577,3628.59896055624,TRUE,"nonspatial",10000,5001,10,2000,6,350,250
3,"lp",1.00139550816758,3079.75957901223,2903.50542689245,TRUE,"nonspatial",10000,5001,10,2000,6,350,250
4,"tau_B_sq",1.00139127052107,3576.60621758469,3195.59608074482,TRUE,"nonspatial",10000,5001,10,2000,6,350,250
4,"lp",1.00234231669987,2622.76772869292,2783.99375048294,TRUE,"nonspatial",10000,5001,10,2000,6,350,250
5,"tau_B_sq",1.00106503382389,3732.25219168765,4027.88557515475,TRUE,"nonspatial",10000,5001,10,2000,6,350,250
5,"lp",1.00109386613337,2785.65574356763,2326.63419355878,TRUE,"nonspatial",10000,5001,10,2000,6,350,250
1,"tau_B_sq",1.00463178842951,1035.99683714382,976.559374130392,TRUE,"spatial",20000,10001,20,2000,7,350,250
1,"sigma_sq",1.00433003350541,1274.40422729251,2283.81311926863,TRUE,"spatial",20000,10001,20,2000,7,350,250
1,"eff_range",1.00226211375237,1736.77935031558,2719.10822566918,TRUE,"spatial",20000,10001,20,2000,7,350,250
1,"lp",1.00117396712189,2064.31504271442,2159.08070277559,TRUE,"spatial",20000,10001,20,2000,7,350,250
2,"tau_B_sq",1.00659066720991,913.289038434915,693.778540627034,TRUE,"spatial",20000,10001,20,2000,7,350,250
2,"sigma_sq",1.00270334228547,1201.80782252963,2657.04481866508,TRUE,"spatial",20000,10001,20,2000,7,350,250
2,"eff_range",1.00119392070568,1855.67581325853,2710.73656692006,TRUE,"spatial",20000,10001,20,2000,7,350,250
2,"lp",1.00130047824896,2193.20315980225,2337.55112775282,TRUE,"spatial",20000,10001,20,2000,7,350,250
3,"tau_B_sq",1.002749385014,1319.17635281266,966.764121605009,TRUE,"spatial",20000,10001,20,2000,7,350,250
3,"sigma_sq",1.00238699533121,1657.86487404937,2684.82572198604,TRUE,"spatial",20000,10001,20,2000,7,350,250
3,"eff_range",1.00299582066493,2097.3585749272,3471.36057888323,TRUE,"spatial",20000,10001,20,2000,7,350,250
3,"lp",1.00153076154739,2111.07526560338,2116.14509424927,TRUE,"spatial",20000,10001,20,2000,7,350,250
4,"tau_B_sq",1.00417809389515,1348.75234150357,1046.02164929999,TRUE,"spatial",20000,10001,20,2000,7,350,250
4,"sigma_sq",1.00539099929239,1372.03143092802,2469.4555835349,TRUE,"spatial",20000,10001,20,2000,7,350,250
4,"eff_range",1.00131063842061,1924.72848752144,3295.26129142527,TRUE,"spatial",20000,10001,20,2000,7,350,250
4,"lp",1.00208599123808,1850.13603033952,2809.0174469583,TRUE,"spatial",20000,10001,20,2000,7,350,250
5,"tau_B_sq",1.00143082102327,1139.67381363941,790.600678332888,TRUE,"spatial",20000,10001,20,2000,7,350,250
5,"sigma_sq",1.00186934320976,1302.53136145966,2366.83612125784,TRUE,"spatial",20000,10001,20,2000,7,350,250
5,"eff_range",1.00144151553076,1914.85748877768,2572.50637335359,TRUE,"spatial",20000,10001,20,2000,7,350,250
5,"lp",1.00136532380131,2032.1243622999,2392.55449742311,TRUE,"spatial",20000,10001,20,2000,7,350,250
1,"tau_B_sq",1.00177816360032,3762.95316296051,4288.57176685373,TRUE,"nonspatial",10000,5001,10,2000,7,350,250
1,"lp",1.00180683060049,2989.20688070395,2991.39513962491,TRUE,"nonspatial",10000,5001,10,2000,7,350,250
2,"tau_B_sq",1.00115983644024,3674.42931120265,3794.98502532665,TRUE,"nonspatial",10000,5001,10,2000,7,350,250
2,"lp",1.00051403818486,2753.52275737839,3183.17271932193,TRUE,"nonspatial",10000,5001,10,2000,7,350,250
3,"tau_B_sq",1.00173616062162,3944.96879991289,4015.45455024713,TRUE,"nonspatial",10000,5001,10,2000,7,350,250
3,"lp",1.00170857306344,2955.95810971559,3209.23285599279,TRUE,"nonspatial",10000,5001,10,2000,7,350,250
4,"tau_B_sq",1.00108607222895,3548.10896994616,3810.8706093471,TRUE,"nonspatial",10000,5001,10,2000,7,350,250
4,"lp",1.0008425536612,2903.03989028534,2553.61428739416,TRUE,"nonspatial",10000,5001,10,2000,7,350,250
5,"tau_B_sq",1.00073190561797,3845.53013528759,4274.79997613433,TRUE,"nonspatial",10000,5001,10,2000,7,350,250
5,"lp",1.00061535124035,2804.05653759071,3101.21310517049,TRUE,"nonspatial",10000,5001,10,2000,7,350,250
1,"tau_B_sq",1.00374775730267,1164.27144546079,671.312274972623,TRUE,"spatial",10000,5001,10,2000,8,350,250
1,"sigma_sq",1.00184047926395,1191.95646295256,1394.08265464006,TRUE,"spatial",10000,5001,10,2000,8,350,250
1,"eff_range",1.00254404751358,1290.81907336988,1565.70026300387,TRUE,"spatial",10000,5001,10,2000,8,350,250
1,"lp",1.00283020594187,1062.12456776114,1453.07715011704,TRUE,"spatial",10000,5001,10,2000,8,350,250
2,"tau_B_sq",1.00511357562908,1011.96649427654,562.418968887027,TRUE,"spatial",10000,5001,10,2000,8,350,250
2,"sigma_sq",1.00374797105856,1236.08412799915,1764.87532425693,TRUE,"spatial",10000,5001,10,2000,8,350,250
2,"eff_range",1.00450397124683,1365.03408542245,1759.03166634308,TRUE,"spatial",10000,5001,10,2000,8,350,250
2,"lp",1.00232776191277,1090.01916084305,1194.38215665762,TRUE,"spatial",10000,5001,10,2000,8,350,250
3,"tau_B_sq",1.00949296959362,831.898143417609,494.872448957507,TRUE,"spatial",10000,5001,10,2000,8,350,250
3,"sigma_sq",1.00717668071688,987.692775591904,1323.80916869572,TRUE,"spatial",10000,5001,10,2000,8,350,250
3,"eff_range",1.00332678731025,1190.40885370384,1968.24983437491,TRUE,"spatial",10000,5001,10,2000,8,350,250
3,"lp",1.00482235897003,1024.66065604797,1290.91296743202,TRUE,"spatial",10000,5001,10,2000,8,350,250
4,"tau_B_sq",1.00207189694325,1139.90198032096,843.583147035612,TRUE,"spatial",10000,5001,10,2000,8,350,250
4,"sigma_sq",1.00238286958171,1175.47498363823,1475.13758007316,TRUE,"spatial",10000,5001,10,2000,8,350,250
4,"eff_range",1.00148332599893,1063.14963607547,1562.88480646419,TRUE,"spatial",10000,5001,10,2000,8,350,250
4,"lp",1.0048697649684,876.304628806469,1210.73834052719,TRUE,"spatial",10000,5001,10,2000,8,350,250
5,"tau_B_sq",1.00368288968734,780.378183634285,455.896180608139,TRUE,"spatial",10000,5001,10,2000,8,350,250
5,"sigma_sq",1.00168393579357,765.866590997842,1022.29386291637,TRUE,"spatial",10000,5001,10,2000,8,350,250
5,"eff_range",1.00739861258772,1208.32055916544,1500.00329457206,TRUE,"spatial",10000,5001,10,2000,8,350,250
5,"lp",1.00054630455769,990.862186092774,1153.08580932767,TRUE,"spatial",10000,5001,10,2000,8,350,250
1,"tau_B_sq",1.00100002480627,3934.31507637151,3738.99690231934,TRUE,"nonspatial",10000,5001,10,2000,8,350,250
1,"lp",1.00098021507404,2951.49605874623,3451.74127201353,TRUE,"nonspatial",10000,5001,10,2000,8,350,250
2,"tau_B_sq",1.00197018472341,3634.77330651214,3734.91509218978,TRUE,"nonspatial",10000,5001,10,2000,8,350,250
2,"lp",1.00108429309867,2853.96601629588,2854.90651719557,TRUE,"nonspatial",10000,5001,10,2000,8,350,250
3,"tau_B_sq",1.00154920646491,3841.99351767357,3908.82964174206,TRUE,"nonspatial",10000,5001,10,2000,8,350,250
3,"lp",1.00083528864912,2489.20029864685,2015.86828401063,TRUE,"nonspatial",10000,5001,10,2000,8,350,250
4,"tau_B_sq",1.00197158218134,3559.88589730383,3744.9325176652,TRUE,"nonspatial",10000,5001,10,2000,8,350,250
4,"lp",1.00150931779604,2893.21460963301,3011.18165382793,TRUE,"nonspatial",10000,5001,10,2000,8,350,250
5,"tau_B_sq",1.00253029286911,3941.93271584773,3822.32844409103,TRUE,"nonspatial",10000,5001,10,2000,8,350,250
5,"lp",1.00188548171234,2777.81067221015,2471.81754091158,TRUE,"nonspatial",10000,5001,10,2000,8,350,250
1,"tau_B_sq",1.00192070646794,1076.2202127032,755.55654021397,TRUE,"spatial",20000,10001,20,2000,9,350,250
1,"sigma_sq",1.00175503873563,1571.98821605413,2221.6750040151,TRUE,"spatial",20000,10001,20,2000,9,350,250
1,"eff_range",1.00096140479488,2438.67752435446,3409.31042297943,TRUE,"spatial",20000,10001,20,2000,9,350,250
1,"lp",1.00367120295812,1900.1784402435,1736.45879136004,TRUE,"spatial",20000,10001,20,2000,9,350,250
2,"tau_B_sq",1.00750322896978,933.557484449011,1907.97429527206,TRUE,"spatial",20000,10001,20,2000,9,350,250
2,"sigma_sq",1.00772526970432,1247.99179520096,1630.37320747317,TRUE,"spatial",20000,10001,20,2000,9,350,250
2,"eff_range",1.00324055514759,1592.17443922338,1625.33930037047,TRUE,"spatial",20000,10001,20,2000,9,350,250
2,"lp",1.00462598795301,1305.45179386867,2033.94846627049,TRUE,"spatial",20000,10001,20,2000,9,350,250
3,"tau_B_sq",1.00406490568026,886.121521396172,1259.05641625281,TRUE,"spatial",20000,10001,20,2000,9,350,250
3,"sigma_sq",1.00209257404027,1299.16995403895,2699.03088872006,TRUE,"spatial",20000,10001,20,2000,9,350,250
3,"eff_range",1.00130980629473,1614.78745984881,2647.18363794341,TRUE,"spatial",20000,10001,20,2000,9,350,250
3,"lp",1.00362746777903,1396.16085733806,1423.89576623376,TRUE,"spatial",20000,10001,20,2000,9,350,250
4,"tau_B_sq",1.0028736652604,1202.18006409074,968.663905950865,TRUE,"spatial",20000,10001,20,2000,9,350,250
4,"sigma_sq",1.00170214234396,1587.27215135007,2871.21638284264,TRUE,"spatial",20000,10001,20,2000,9,350,250
4,"eff_range",1.00308678690643,2001.66582190621,3382.94243306557,TRUE,"spatial",20000,10001,20,2000,9,350,250
4,"lp",1.00202736679513,1639.573165701,1273.84487013588,TRUE,"spatial",20000,10001,20,2000,9,350,250
5,"tau_B_sq",1.00476598946247,1245.11763034473,872.287815615163,TRUE,"spatial",20000,10001,20,2000,9,350,250
5,"sigma_sq",1.00209476484588,1574.539361525,2676.39614505904,TRUE,"spatial",20000,10001,20,2000,9,350,250
5,"eff_range",1.00211027321816,1888.23398534001,3146.36718596157,TRUE,"spatial",20000,10001,20,2000,9,350,250
5,"lp",1.00181750734123,1700.7537303019,1566.1337834579,TRUE,"spatial",20000,10001,20,2000,9,350,250
1,"tau_B_sq",1.00140330495344,3955.03419872831,4042.20716214807,TRUE,"nonspatial",10000,5001,10,2000,9,350,250
1,"lp",1.00183977053168,3075.17964618946,2971.03392608082,TRUE,"nonspatial",10000,5001,10,2000,9,350,250
2,"tau_B_sq",1.00150511692607,3494.59740307338,4052.76149189806,TRUE,"nonspatial",10000,5001,10,2000,9,350,250
2,"lp",1.0019729779028,2995.85177291961,2654.3848444723,TRUE,"nonspatial",10000,5001,10,2000,9,350,250
3,"tau_B_sq",1.00094256311485,3856.25869127487,4082.09931850568,TRUE,"nonspatial",10000,5001,10,2000,9,350,250
3,"lp",1.00191607110799,3251.41734181942,3134.55067015726,TRUE,"nonspatial",10000,5001,10,2000,9,350,250
4,"tau_B_sq",1.00057890217421,3635.59804180183,4130.26212021579,TRUE,"nonspatial",10000,5001,10,2000,9,350,250
4,"lp",1.00098171432161,3119.71196641156,3004.34758971705,TRUE,"nonspatial",10000,5001,10,2000,9,350,250
5,"tau_B_sq",1.00140109488242,3697.32715971906,3965.1551733257,TRUE,"nonspatial",10000,5001,10,2000,9,350,250
5,"lp",1.00141414199458,2788.15055358885,2837.35675450061,TRUE,"nonspatial",10000,5001,10,2000,9,350,250
1,"tau_B_sq",1.00520512101894,609.261435176302,1066.24583463319,TRUE,"spatial",10000,5001,10,2000,10,350,250
1,"sigma_sq",1.0049398880292,816.405597283129,910.483806414752,TRUE,"spatial",10000,5001,10,2000,10,350,250
1,"eff_range",1.00501855979689,687.215882560907,612.576950488706,TRUE,"spatial",10000,5001,10,2000,10,350,250
1,"lp",1.00423880166751,674.035945707644,963.956542055862,TRUE,"spatial",10000,5001,10,2000,10,350,250
2,"tau_B_sq",1.002731569824,683.405928364252,565.913805999251,TRUE,"spatial",10000,5001,10,2000,10,350,250
2,"sigma_sq",1.00344379207949,930.54025924158,1350.21553919365,TRUE,"spatial",10000,5001,10,2000,10,350,250
2,"eff_range",1.00491419853192,1020.96696098631,1486.39819048925,TRUE,"spatial",10000,5001,10,2000,10,350,250
2,"lp",1.00219979857167,986.233529428508,1122.51272349493,TRUE,"spatial",10000,5001,10,2000,10,350,250
3,"tau_B_sq",1.00798710466925,694.482266297445,838.929892854229,TRUE,"spatial",10000,5001,10,2000,10,350,250
3,"sigma_sq",1.00352544116748,803.059621705001,997.719685926935,TRUE,"spatial",10000,5001,10,2000,10,350,250
3,"eff_range",1.00392783162091,877.947139862287,928.280566162835,TRUE,"spatial",10000,5001,10,2000,10,350,250
3,"lp",1.00326639200154,804.046113188977,1187.62170508238,TRUE,"spatial",10000,5001,10,2000,10,350,250
4,"tau_B_sq",1.00153047091853,1598.53963608966,2043.44587120272,TRUE,"spatial",10000,5001,10,2000,10,350,250
4,"sigma_sq",1.00292851230102,1636.21207008105,2251.98556448868,TRUE,"spatial",10000,5001,10,2000,10,350,250
4,"eff_range",1.00259745525204,1457.55145259295,1500.31173652902,TRUE,"spatial",10000,5001,10,2000,10,350,250
4,"lp",1.00403738491223,1325.39331963111,1556.5349470729,TRUE,"spatial",10000,5001,10,2000,10,350,250
5,"tau_B_sq",1.00700718994799,517.056462769451,687.260786026672,TRUE,"spatial",10000,5001,10,2000,10,350,250
5,"sigma_sq",1.00741341497516,673.050533582436,1160.67252843733,TRUE,"spatial",10000,5001,10,2000,10,350,250
5,"eff_range",1.00444221644417,882.600400844115,970.288207459349,TRUE,"spatial",10000,5001,10,2000,10,350,250
5,"lp",1.00380162594229,715.960503844499,1011.28701951926,TRUE,"spatial",10000,5001,10,2000,10,350,250
1,"tau_B_sq",1.00322942739052,4027.61974977668,4438.18963447197,TRUE,"nonspatial",10000,5001,10,2000,10,350,250
1,"lp",1.00136256309843,2900.23319017511,2917.03062589149,TRUE,"nonspatial",10000,5001,10,2000,10,350,250
2,"tau_B_sq",1.00077448277074,3949.36944060111,3839.72254138552,TRUE,"nonspatial",10000,5001,10,2000,10,350,250
2,"lp",1.00138887361001,3083.97240411092,2932.72862566488,TRUE,"nonspatial",10000,5001,10,2000,10,350,250
3,"tau_B_sq",1.00104210844829,3810.95751658562,4245.92861095362,TRUE,"nonspatial",10000,5001,10,2000,10,350,250
3,"lp",1.00089644822132,2917.67220933857,2774.62198739226,TRUE,"nonspatial",10000,5001,10,2000,10,350,250
4,"tau_B_sq",1.00182248687684,3760.29363373025,3635.12629064234,TRUE,"nonspatial",10000,5001,10,2000,10,350,250
4,"lp",1.0027148784834,2926.31473860734,2977.21594527787,TRUE,"nonspatial",10000,5001,10,2000,10,350,250
5,"tau_B_sq",1.00134869063244,3878.02933153579,3934.82852464633,TRUE,"nonspatial",10000,5001,10,2000,10,350,250
5,"lp",1.00254463465408,3069.69921037627,3495.88318460468,TRUE,"nonspatial",10000,5001,10,2000,10,350,250
1,"tau_B_sq",1.0028972781617,1228.10344827218,1018.23436423068,TRUE,"spatial",10000,5001,10,2000,1,750,250
1,"sigma_sq",1.00255744050519,1292.50362808761,1420.18023003331,TRUE,"spatial",10000,5001,10,2000,1,750,250
1,"eff_range",1.00278779500973,1295.74739011568,2011.9431440562,TRUE,"spatial",10000,5001,10,2000,1,750,250
1,"lp",1.00713479552625,1268.45560710504,1661.96802583743,TRUE,"spatial",10000,5001,10,2000,1,750,250
2,"tau_B_sq",1.00182221076244,1205.5260344768,828.14155269359,TRUE,"spatial",10000,5001,10,2000,1,750,250
2,"sigma_sq",1.00298218497212,1360.46283032995,1850.26634869154,TRUE,"spatial",10000,5001,10,2000,1,750,250
2,"eff_range",1.00243597490459,1338.27241042524,1911.10344865744,TRUE,"spatial",10000,5001,10,2000,1,750,250
2,"lp",1.00345911989514,1356.5098915551,1354.61620257757,TRUE,"spatial",10000,5001,10,2000,1,750,250
3,"tau_B_sq",1.00309998509881,845.540173349912,746.800294976809,TRUE,"spatial",10000,5001,10,2000,1,750,250
3,"sigma_sq",1.00348733566353,944.555600292206,1463.61835245884,TRUE,"spatial",10000,5001,10,2000,1,750,250
3,"eff_range",1.00127273703634,1237.40489787353,1576.29381077802,TRUE,"spatial",10000,5001,10,2000,1,750,250
3,"lp",1.0021860452654,1273.39256976827,1480.48569155092,TRUE,"spatial",10000,5001,10,2000,1,750,250
4,"tau_B_sq",1.00300666254084,1011.80632216693,1084.38068390034,TRUE,"spatial",10000,5001,10,2000,1,750,250
4,"sigma_sq",1.00411939136649,1063.36574768016,1849.57320556337,TRUE,"spatial",10000,5001,10,2000,1,750,250
4,"eff_range",1.00238170999887,1133.13171902053,2000.79905466794,TRUE,"spatial",10000,5001,10,2000,1,750,250
4,"lp",1.00191249172197,1045.71027407306,1222.17693638072,TRUE,"spatial",10000,5001,10,2000,1,750,250
5,"tau_B_sq",1.00441530984261,1234.23688668917,1209.16676265586,TRUE,"spatial",10000,5001,10,2000,1,750,250
5,"sigma_sq",1.00615573052932,1237.77690822427,1601.96892964623,TRUE,"spatial",10000,5001,10,2000,1,750,250
5,"eff_range",1.00142653239514,1233.08807755226,1942.34785122236,TRUE,"spatial",10000,5001,10,2000,1,750,250
5,"lp",1.00370242371338,1013.24301303987,1230.29907525582,TRUE,"spatial",10000,5001,10,2000,1,750,250
1,"tau_B_sq",1.00040642440569,4123.38211839025,4055.04894038386,TRUE,"nonspatial",10000,5001,10,2000,1,750,250
1,"lp",1.00072917544134,3004.31908754337,2784.08742077263,TRUE,"nonspatial",10000,5001,10,2000,1,750,250
2,"tau_B_sq",1.00094553612113,3687.92669714177,4024.38979924232,TRUE,"nonspatial",10000,5001,10,2000,1,750,250
2,"lp",1.00143979192951,2711.52056477569,2768.673914132,TRUE,"nonspatial",10000,5001,10,2000,1,750,250
3,"tau_B_sq",1.00070715203103,3698.89446629636,4153.98499674299,TRUE,"nonspatial",10000,5001,10,2000,1,750,250
3,"lp",1.00114436958825,2802.50798728577,2863.8369589848,TRUE,"nonspatial",10000,5001,10,2000,1,750,250
4,"tau_B_sq",1.00151691167098,3761.96930029355,3681.25901336837,TRUE,"nonspatial",10000,5001,10,2000,1,750,250
4,"lp",1.00220938272435,3000.25770820846,3140.89958674669,TRUE,"nonspatial",10000,5001,10,2000,1,750,250
5,"tau_B_sq",1.0029098459403,3808.53189707107,3872.94828406865,TRUE,"nonspatial",10000,5001,10,2000,1,750,250
5,"lp",1.00299946348125,2719.26545575143,2508.70951793602,TRUE,"nonspatial",10000,5001,10,2000,1,750,250
1,"tau_B_sq",1.0042146992175,1108.61136762511,784.98194447927,TRUE,"spatial",10000,5001,10,2000,2,750,250
1,"sigma_sq",1.00458914991135,1140.6648208253,1445.205279891,TRUE,"spatial",10000,5001,10,2000,2,750,250
1,"eff_range",1.00083803929272,1311.48599367463,1842.36012633603,TRUE,"spatial",10000,5001,10,2000,2,750,250
1,"lp",1.00526565328457,961.018722194622,1271.4683812419,TRUE,"spatial",10000,5001,10,2000,2,750,250
2,"tau_B_sq",1.00519575663736,1144.97284774646,822.784526275828,TRUE,"spatial",10000,5001,10,2000,2,750,250
2,"sigma_sq",1.00512032468138,1101.75635216648,1331.69690432804,TRUE,"spatial",10000,5001,10,2000,2,750,250
2,"eff_range",1.00197768176099,1376.59032392536,1633.71225243302,TRUE,"spatial",10000,5001,10,2000,2,750,250
2,"lp",1.00192152245294,1104.06326568092,1353.77934922593,TRUE,"spatial",10000,5001,10,2000,2,750,250
3,"tau_B_sq",1.00268092053909,1062.57988295906,675.862235101452,TRUE,"spatial",10000,5001,10,2000,2,750,250
3,"sigma_sq",1.00306867188918,1072.2641369143,1153.27965396359,TRUE,"spatial",10000,5001,10,2000,2,750,250
3,"eff_range",1.00182519147085,1201.90811885009,1943.29792946066,TRUE,"spatial",10000,5001,10,2000,2,750,250
3,"lp",1.00327477486125,1025.39325651408,1280.62004153647,TRUE,"spatial",10000,5001,10,2000,2,750,250
4,"tau_B_sq",1.00499235170493,1332.19982607948,1143.86011425507,TRUE,"spatial",10000,5001,10,2000,2,750,250
4,"sigma_sq",1.00287503687943,1088.93557356719,1706.31622152001,TRUE,"spatial",10000,5001,10,2000,2,750,250
4,"eff_range",1.00329783301712,1335.82636472337,1677.68941663236,TRUE,"spatial",10000,5001,10,2000,2,750,250
4,"lp",1.00217069595426,1216.93676868373,1395.41899763111,TRUE,"spatial",10000,5001,10,2000,2,750,250
5,"tau_B_sq",1.00419384452094,856.764162944866,559.654795719984,TRUE,"spatial",10000,5001,10,2000,2,750,250
5,"sigma_sq",1.00252993726417,1227.42541816834,1612.98783688233,TRUE,"spatial",10000,5001,10,2000,2,750,250
5,"eff_range",1.00135998574117,1290.84226060043,1590.85333036075,TRUE,"spatial",10000,5001,10,2000,2,750,250
5,"lp",1.00379734771733,1140.83014794035,1449.22984243698,TRUE,"spatial",10000,5001,10,2000,2,750,250
1,"tau_B_sq",1.0012756478164,3529.47841281093,3832.93423241684,TRUE,"nonspatial",10000,5001,10,2000,2,750,250
1,"lp",1.00133263636899,3089.85406727612,2904.60527335078,TRUE,"nonspatial",10000,5001,10,2000,2,750,250
2,"tau_B_sq",1.00171935587107,3673.02445787779,3833.81245929032,TRUE,"nonspatial",10000,5001,10,2000,2,750,250
2,"lp",1.00198569102133,2757.59200889163,2790.10278705355,TRUE,"nonspatial",10000,5001,10,2000,2,750,250
3,"tau_B_sq",1.00139411790619,3599.32800067142,3745.63587095034,TRUE,"nonspatial",10000,5001,10,2000,2,750,250
3,"lp",1.00119714328966,3087.58744775178,3115.72724177545,TRUE,"nonspatial",10000,5001,10,2000,2,750,250
4,"tau_B_sq",1.00096924247898,3861.22709182333,3777.91462200648,TRUE,"nonspatial",10000,5001,10,2000,2,750,250
4,"lp",1.00254472974965,2756.0508228198,3019.54476693919,TRUE,"nonspatial",10000,5001,10,2000,2,750,250
5,"tau_B_sq",1.00166889559949,3580.30324789515,3806.22647782751,TRUE,"nonspatial",10000,5001,10,2000,2,750,250
5,"lp",1.00212793695555,2761.62973750909,2518.9499918094,TRUE,"nonspatial",10000,5001,10,2000,2,750,250
1,"tau_B_sq",1.0085731440504,892.143388283982,622.523365862123,TRUE,"spatial",20000,10001,20,2000,3,750,250
1,"sigma_sq",1.00407108023467,1449.31514037911,2872.14038330376,TRUE,"spatial",20000,10001,20,2000,3,750,250
1,"eff_range",1.0011615305338,1902.52215238682,3069.5114260233,TRUE,"spatial",20000,10001,20,2000,3,750,250
1,"lp",1.00334622629324,1562.38752518841,1621.57710797506,TRUE,"spatial",20000,10001,20,2000,3,750,250
2,"tau_B_sq",1.00275114299476,1404.70720469067,1464.63307086404,TRUE,"spatial",20000,10001,20,2000,3,750,250
2,"sigma_sq",1.00133927069419,1708.32212613658,2302.29724173384,TRUE,"spatial",20000,10001,20,2000,3,750,250
2,"eff_range",1.00192524528387,2221.85284278736,3281.5517612338,TRUE,"spatial",20000,10001,20,2000,3,750,250
2,"lp",1.00362942565216,1591.54970347582,1321.20263124305,TRUE,"spatial",20000,10001,20,2000,3,750,250
3,"tau_B_sq",1.00224667305951,1331.09362123572,1263.16106054628,TRUE,"spatial",20000,10001,20,2000,3,750,250
3,"sigma_sq",1.00309818353553,1626.22449751854,2212.3648567351,TRUE,"spatial",20000,10001,20,2000,3,750,250
3,"eff_range",1.00129472845795,1955.42337218645,3011.73284922851,TRUE,"spatial",20000,10001,20,2000,3,750,250
3,"lp",1.00238174308285,1807.76699419367,1679.9918164612,TRUE,"spatial",20000,10001,20,2000,3,750,250
4,"tau_B_sq",1.00160258098469,1039.65113643834,856.101938526278,TRUE,"spatial",20000,10001,20,2000,3,750,250
4,"sigma_sq",1.00092205268125,1220.16462712683,2778.34810257116,TRUE,"spatial",20000,10001,20,2000,3,750,250
4,"eff_range",1.00108151641617,1804.90803684563,2587.94936352405,TRUE,"spatial",20000,10001,20,2000,3,750,250
4,"lp",1.00191258393748,1782.1225457606,1620.118299647,TRUE,"spatial",20000,10001,20,2000,3,750,250
5,"tau_B_sq",1.0038270867556,860.491895612803,2090.84250573868,TRUE,"spatial",20000,10001,20,2000,3,750,250
5,"sigma_sq",1.00433135254299,985.634087994346,1580.01171767585,TRUE,"spatial",20000,10001,20,2000,3,750,250
5,"eff_range",1.00236357258937,1129.34165636919,1002.42968179728,TRUE,"spatial",20000,10001,20,2000,3,750,250
5,"lp",1.00125208204034,990.924666522098,1688.44987131995,TRUE,"spatial",20000,10001,20,2000,3,750,250
1,"tau_B_sq",1.00057880735384,4155.11422239423,3897.17794905163,TRUE,"nonspatial",10000,5001,10,2000,3,750,250
1,"lp",1.00085776625443,2933.88281088425,2772.8645031889,TRUE,"nonspatial",10000,5001,10,2000,3,750,250
2,"tau_B_sq",1.00145682931452,3645.0015790036,3466.6358261404,TRUE,"nonspatial",10000,5001,10,2000,3,750,250
2,"lp",1.00121580508769,2807.06130550332,3115.26198022317,TRUE,"nonspatial",10000,5001,10,2000,3,750,250
3,"tau_B_sq",1.00157707736964,3888.58788193792,3884.80396293779,TRUE,"nonspatial",10000,5001,10,2000,3,750,250
3,"lp",1.00206934370002,2512.05753879711,2341.81604588801,TRUE,"nonspatial",10000,5001,10,2000,3,750,250
4,"tau_B_sq",1.00048339320967,3864.46469195129,4075.58517894635,TRUE,"nonspatial",10000,5001,10,2000,3,750,250
4,"lp",1.0009190187216,3118.70214330166,3309.51617217697,TRUE,"nonspatial",10000,5001,10,2000,3,750,250
5,"tau_B_sq",1.00064184853293,4096.65681408463,4382.39089945466,TRUE,"nonspatial",10000,5001,10,2000,3,750,250
5,"lp",1.00048696175517,2953.8658996995,2790.60413887908,TRUE,"nonspatial",10000,5001,10,2000,3,750,250
1,"tau_B_sq",1.00268828096068,1540.82010066536,1954.3503875068,TRUE,"spatial",10000,5001,10,2000,4,750,250
1,"sigma_sq",1.00135511298764,1569.63370756333,1968.85245828988,TRUE,"spatial",10000,5001,10,2000,4,750,250
1,"eff_range",1.00135525788905,1555.54734799505,1775.03359725676,TRUE,"spatial",10000,5001,10,2000,4,750,250
1,"lp",1.00110664320158,1208.61916825793,1283.00105915446,TRUE,"spatial",10000,5001,10,2000,4,750,250
2,"tau_B_sq",1.00202505321436,1318.19291735505,1421.94016813174,TRUE,"spatial",10000,5001,10,2000,4,750,250
2,"sigma_sq",1.00208823001874,1553.74548318278,1548.1992668554,TRUE,"spatial",10000,5001,10,2000,4,750,250
2,"eff_range",1.00627555921977,1257.69873140183,1637.46696995521,TRUE,"spatial",10000,5001,10,2000,4,750,250
2,"lp",1.00436636067269,892.571218054976,1185.51101401358,TRUE,"spatial",10000,5001,10,2000,4,750,250
3,"tau_B_sq",1.00277219963418,1327.20054877115,1553.35689642312,TRUE,"spatial",10000,5001,10,2000,4,750,250
3,"sigma_sq",1.00244705825192,1537.17717288228,1523.90689762499,TRUE,"spatial",10000,5001,10,2000,4,750,250
3,"eff_range",1.00754518058638,969.264691804203,766.136940865307,TRUE,"spatial",10000,5001,10,2000,4,750,250
3,"lp",1.00686317837891,967.396107640814,914.519893013798,TRUE,"spatial",10000,5001,10,2000,4,750,250
4,"tau_B_sq",1.00228609480034,1636.43190789595,2096.56643416833,TRUE,"spatial",10000,5001,10,2000,4,750,250
4,"sigma_sq",1.00115509329632,1659.65612965307,1762.12673029115,TRUE,"spatial",10000,5001,10,2000,4,750,250
4,"eff_range",1.00260392484243,1446.63440934739,1770.33450576791,TRUE,"spatial",10000,5001,10,2000,4,750,250
4,"lp",1.00399255859321,1088.27806401403,1226.70004053332,TRUE,"spatial",10000,5001,10,2000,4,750,250
5,"tau_B_sq",1.00354760403758,1389.37373308772,1713.58563378808,TRUE,"spatial",10000,5001,10,2000,4,750,250
5,"sigma_sq",1.00216992996982,1633.19672702722,1874.14059074595,TRUE,"spatial",10000,5001,10,2000,4,750,250
5,"eff_range",1.00303227169563,1256.12943196989,1445.29463571418,TRUE,"spatial",10000,5001,10,2000,4,750,250
5,"lp",1.00490726164403,1164.41408382678,1590.77750574574,TRUE,"spatial",10000,5001,10,2000,4,750,250
1,"tau_B_sq",1.00214703872293,3982.31380521908,4215.56917250032,TRUE,"nonspatial",10000,5001,10,2000,4,750,250
1,"lp",1.00227595836177,2964.24136656858,2824.09668595417,TRUE,"nonspatial",10000,5001,10,2000,4,750,250
2,"tau_B_sq",1.00093322648605,3856.14063324149,3945.46754242642,TRUE,"nonspatial",10000,5001,10,2000,4,750,250
2,"lp",1.00181713201444,2906.11684492447,3015.91714836876,TRUE,"nonspatial",10000,5001,10,2000,4,750,250
3,"tau_B_sq",1.00220277337892,4027.60603376112,3698.86256519432,TRUE,"nonspatial",10000,5001,10,2000,4,750,250
3,"lp",1.00196960061711,2609.64484411274,2571.03239143726,TRUE,"nonspatial",10000,5001,10,2000,4,750,250
4,"tau_B_sq",1.00147565907607,3917.2803316531,3943.88843063688,TRUE,"nonspatial",10000,5001,10,2000,4,750,250
4,"lp",1.00134798418987,2870.89800454736,2871.89460415956,TRUE,"nonspatial",10000,5001,10,2000,4,750,250
5,"tau_B_sq",1.00149421843936,3706.62168678988,3711.56733784678,TRUE,"nonspatial",10000,5001,10,2000,4,750,250
5,"lp",1.00161690974222,2706.77341485315,2882.58857704938,TRUE,"nonspatial",10000,5001,10,2000,4,750,250
1,"tau_B_sq",1.00548759354397,906.857778316785,676.170456829571,TRUE,"spatial",10000,5001,10,2000,5,750,250
1,"sigma_sq",1.0037540425189,975.401644341201,1559.9266919613,TRUE,"spatial",10000,5001,10,2000,5,750,250
1,"eff_range",1.00167977023095,1151.57760648083,1793.57065554462,TRUE,"spatial",10000,5001,10,2000,5,750,250
1,"lp",1.00545480549898,1047.05961537069,1037.68636114983,TRUE,"spatial",10000,5001,10,2000,5,750,250
2,"tau_B_sq",1.0046667292302,851.140355038613,840.658561207768,TRUE,"spatial",10000,5001,10,2000,5,750,250
2,"sigma_sq",1.00415236577828,1119.28610493927,1402.52374869786,TRUE,"spatial",10000,5001,10,2000,5,750,250
2,"eff_range",1.00574150223564,697.313068669409,558.106149803997,TRUE,"spatial",10000,5001,10,2000,5,750,250
2,"lp",1.00375955197055,823.95057869712,1033.84723791213,TRUE,"spatial",10000,5001,10,2000,5,750,250
3,"tau_B_sq",1.00795447907479,953.107102256465,618.372833343298,TRUE,"spatial",10000,5001,10,2000,5,750,250
3,"sigma_sq",1.00730225314125,812.001064856287,1248.40981612611,TRUE,"spatial",10000,5001,10,2000,5,750,250
3,"eff_range",1.00563506031884,1332.53855936572,1694.19504315708,TRUE,"spatial",10000,5001,10,2000,5,750,250
3,"lp",1.00560718844705,952.297350029631,1309.16774082217,TRUE,"spatial",10000,5001,10,2000,5,750,250
4,"tau_B_sq",1.00400431991917,874.45005076857,664.720309205842,TRUE,"spatial",10000,5001,10,2000,5,750,250
4,"sigma_sq",1.00141158996729,861.498268931238,1311.77657800415,TRUE,"spatial",10000,5001,10,2000,5,750,250
4,"eff_range",1.00316548765195,973.012543129883,1513.85118537017,TRUE,"spatial",10000,5001,10,2000,5,750,250
4,"lp",1.00127845298948,1209.64628366589,1598.06490353331,TRUE,"spatial",10000,5001,10,2000,5,750,250
5,"tau_B_sq",1.00642844641877,814.352630995044,473.310909024602,TRUE,"spatial",10000,5001,10,2000,5,750,250
5,"sigma_sq",1.00595544638354,932.21418424821,1267.66569447984,TRUE,"spatial",10000,5001,10,2000,5,750,250
5,"eff_range",1.00091111221311,1221.17747256843,1290.44608652604,TRUE,"spatial",10000,5001,10,2000,5,750,250
5,"lp",1.00548081296049,1135.1354334081,1121.12004341975,TRUE,"spatial",10000,5001,10,2000,5,750,250
1,"tau_B_sq",1.00042630812282,3961.5879734822,4018.23983587635,TRUE,"nonspatial",10000,5001,10,2000,5,750,250
1,"lp",1.00169828529616,3036.68997141737,2929.6040166223,TRUE,"nonspatial",10000,5001,10,2000,5,750,250
2,"tau_B_sq",1.00192998105084,4022.21511929581,3866.32945898448,TRUE,"nonspatial",10000,5001,10,2000,5,750,250
2,"lp",1.00180603390944,3090.80650259075,2897.33528331704,TRUE,"nonspatial",10000,5001,10,2000,5,750,250
3,"tau_B_sq",1.0007760441366,3784.89790388782,4162.73982992319,TRUE,"nonspatial",10000,5001,10,2000,5,750,250
3,"lp",1.00174444260369,2848.91170122217,3082.90994864193,TRUE,"nonspatial",10000,5001,10,2000,5,750,250
4,"tau_B_sq",1.00140798890797,4281.3760013503,4193.02381335538,TRUE,"nonspatial",10000,5001,10,2000,5,750,250
4,"lp",1.00110459247019,2763.67014770842,2542.78715521565,TRUE,"nonspatial",10000,5001,10,2000,5,750,250
5,"tau_B_sq",1.00146025009439,4048.45399933866,3886.70334100324,TRUE,"nonspatial",10000,5001,10,2000,5,750,250
5,"lp",1.00157717104169,2936.89443162742,2827.16137586839,TRUE,"nonspatial",10000,5001,10,2000,5,750,250
1,"tau_B_sq",1.00214338115187,1910.11398399146,1522.91828562212,TRUE,"spatial",20000,10001,20,2000,6,750,250
1,"sigma_sq",1.00235598180107,1929.99092447149,3391.28851082102,TRUE,"spatial",20000,10001,20,2000,6,750,250
1,"eff_range",1.00064725688746,2067.47275296319,2894.14972558074,TRUE,"spatial",20000,10001,20,2000,6,750,250
1,"lp",1.00079699075241,2280.06364141019,2558.41109762426,TRUE,"spatial",20000,10001,20,2000,6,750,250
2,"tau_B_sq",1.00234002464017,1381.19736477642,866.942620920498,TRUE,"spatial",20000,10001,20,2000,6,750,250
2,"sigma_sq",1.00203495953892,1681.54578587894,2434.73819152774,TRUE,"spatial",20000,10001,20,2000,6,750,250
2,"eff_range",1.00435895694349,2377.95849030667,3609.16682660494,TRUE,"spatial",20000,10001,20,2000,6,750,250
2,"lp",1.00334618203489,1391.02699799115,2215.087251208,TRUE,"spatial",20000,10001,20,2000,6,750,250
3,"tau_B_sq",1.00204073092077,1413.63720866067,733.355203807047,TRUE,"spatial",20000,10001,20,2000,6,750,250
3,"sigma_sq",1.0022935024022,1650.94624304337,2474.28155881193,TRUE,"spatial",20000,10001,20,2000,6,750,250
3,"eff_range",1.0006280698291,2354.47182710361,3088.31213033201,TRUE,"spatial",20000,10001,20,2000,6,750,250
3,"lp",1.00085074291347,2189.0517710063,2261.026224553,TRUE,"spatial",20000,10001,20,2000,6,750,250
4,"tau_B_sq",1.00372337041386,1750.65960710519,965.921715673555,TRUE,"spatial",20000,10001,20,2000,6,750,250
4,"sigma_sq",1.00410552839323,1984.315323208,2484.72299831169,TRUE,"spatial",20000,10001,20,2000,6,750,250
4,"eff_range",1.00120975589792,2391.25826615766,3399.90161278235,TRUE,"spatial",20000,10001,20,2000,6,750,250
4,"lp",1.00124584186668,2123.63297939959,2457.44448303987,TRUE,"spatial",20000,10001,20,2000,6,750,250
5,"tau_B_sq",1.00114767060203,2022.31647930517,1376.52044947228,TRUE,"spatial",20000,10001,20,2000,6,750,250
5,"sigma_sq",1.00182902497613,1899.26538477766,2221.05898409103,TRUE,"spatial",20000,10001,20,2000,6,750,250
5,"eff_range",1.00148481712622,2348.61195094535,3383.39187951624,TRUE,"spatial",20000,10001,20,2000,6,750,250
5,"lp",1.00217857333582,2070.9403904401,2440.03026296975,TRUE,"spatial",20000,10001,20,2000,6,750,250
1,"tau_B_sq",1.00222687506723,4010.09782151744,4199.89232250586,TRUE,"nonspatial",10000,5001,10,2000,6,750,250
1,"lp",1.00200982678909,3082.22415284335,2884.64538342733,TRUE,"nonspatial",10000,5001,10,2000,6,750,250
2,"tau_B_sq",1.00186773702873,3809.00488098753,3666.19919988667,TRUE,"nonspatial",10000,5001,10,2000,6,750,250
2,"lp",1.00048712270497,2832.31495049076,3131.33057090027,TRUE,"nonspatial",10000,5001,10,2000,6,750,250
3,"tau_B_sq",1.00260641996612,3587.06354407775,3747.13521387763,TRUE,"nonspatial",10000,5001,10,2000,6,750,250
3,"lp",1.00251944127546,2691.77315226721,3206.15143591785,TRUE,"nonspatial",10000,5001,10,2000,6,750,250
4,"tau_B_sq",1.00147570233834,3938.51279378099,4021.65172595029,TRUE,"nonspatial",10000,5001,10,2000,6,750,250
4,"lp",1.00130835325925,2958.112234306,2643.26689119168,TRUE,"nonspatial",10000,5001,10,2000,6,750,250
5,"tau_B_sq",1.00130916297907,3810.47096723174,4282.59197961884,TRUE,"nonspatial",10000,5001,10,2000,6,750,250
5,"lp",1.00137189790279,2841.00935646949,3048.63538133983,TRUE,"nonspatial",10000,5001,10,2000,6,750,250
1,"tau_B_sq",1.00345088396843,517.436037080388,631.222548434611,TRUE,"spatial",10000,5001,10,2000,7,750,250
1,"sigma_sq",1.00201555329554,668.804242227605,1185.01436194715,TRUE,"spatial",10000,5001,10,2000,7,750,250
1,"eff_range",1.00332568442333,771.214978701095,926.703512707309,TRUE,"spatial",10000,5001,10,2000,7,750,250
1,"lp",1.00670120588691,531.158240490576,692.248197508707,TRUE,"spatial",10000,5001,10,2000,7,750,250
2,"tau_B_sq",1.00826938161611,606.492313680903,818.671908613215,TRUE,"spatial",10000,5001,10,2000,7,750,250
2,"sigma_sq",1.00898929535028,706.553472571934,901.666487173781,TRUE,"spatial",10000,5001,10,2000,7,750,250
2,"eff_range",1.00237445351078,874.11908869628,1520.80140655415,TRUE,"spatial",10000,5001,10,2000,7,750,250
2,"lp",1.00713775159043,633.339499482139,953.13787705786,TRUE,"spatial",10000,5001,10,2000,7,750,250
3,"tau_B_sq",1.00557249947861,906.762593436422,790.05239229141,TRUE,"spatial",10000,5001,10,2000,7,750,250
3,"sigma_sq",1.00365844456664,992.356769924888,1395.69044559531,TRUE,"spatial",10000,5001,10,2000,7,750,250
3,"eff_range",1.00920388229775,999.466438264443,1560.82251560888,TRUE,"spatial",10000,5001,10,2000,7,750,250
3,"lp",1.00229573979161,1146.12318857284,1359.67512505129,TRUE,"spatial",10000,5001,10,2000,7,750,250
4,"tau_B_sq",1.00562449087559,804.651616694,620.337114051447,TRUE,"spatial",10000,5001,10,2000,7,750,250
4,"sigma_sq",1.00279129699624,721.27441104989,1053.14195677687,TRUE,"spatial",10000,5001,10,2000,7,750,250
4,"eff_range",1.00650819726166,933.760948373812,1134.0720200507,TRUE,"spatial",10000,5001,10,2000,7,750,250
4,"lp",1.00449303044962,877.512717109363,701.201387901628,TRUE,"spatial",10000,5001,10,2000,7,750,250
5,"tau_B_sq",1.00222332185093,566.5947718704,663.58313251636,TRUE,"spatial",10000,5001,10,2000,7,750,250
5,"sigma_sq",1.00301009577524,711.9277280693,1241.01195772403,TRUE,"spatial",10000,5001,10,2000,7,750,250
5,"eff_range",1.00261161340995,907.355480944111,1201.94569965249,TRUE,"spatial",10000,5001,10,2000,7,750,250
5,"lp",1.00325794248191,814.303630266232,725.872496941925,TRUE,"spatial",10000,5001,10,2000,7,750,250
1,"tau_B_sq",1.00072001564847,3827.89396615796,4083.84004731167,TRUE,"nonspatial",10000,5001,10,2000,7,750,250
1,"lp",1.00079549985361,2657.83189390703,3144.15537297069,TRUE,"nonspatial",10000,5001,10,2000,7,750,250
2,"tau_B_sq",1.00287760388441,3945.06405020217,3863.97407594679,TRUE,"nonspatial",10000,5001,10,2000,7,750,250
2,"lp",1.00248012041194,3011.5417961719,2832.78133352664,TRUE,"nonspatial",10000,5001,10,2000,7,750,250
3,"tau_B_sq",1.001037694789,3943.86430752226,4063.64443461992,TRUE,"nonspatial",10000,5001,10,2000,7,750,250
3,"lp",1.00087212365827,2814.01928481681,3077.92263364933,TRUE,"nonspatial",10000,5001,10,2000,7,750,250
4,"tau_B_sq",1.00134335479542,3989.20134560739,3963.42972751315,TRUE,"nonspatial",10000,5001,10,2000,7,750,250
4,"lp",1.00256669259975,2808.83804265051,2620.96643910218,TRUE,"nonspatial",10000,5001,10,2000,7,750,250
5,"tau_B_sq",1.00212854588197,3995.81463295875,3981.48998361855,TRUE,"nonspatial",10000,5001,10,2000,7,750,250
5,"lp",1.002264274015,3047.15736282216,3188.99502597401,TRUE,"nonspatial",10000,5001,10,2000,7,750,250
1,"tau_B_sq",1.00312737913049,2695.09608007446,1617.65144937099,TRUE,"spatial",20000,10001,20,2000,8,750,250
1,"sigma_sq",1.00216192759983,2284.79066410122,2646.80396028009,TRUE,"spatial",20000,10001,20,2000,8,750,250
1,"eff_range",1.00129587485569,2713.53929569257,3446.51741102489,TRUE,"spatial",20000,10001,20,2000,8,750,250
1,"lp",1.00328815364052,2039.82136284977,2270.86777351069,TRUE,"spatial",20000,10001,20,2000,8,750,250
2,"tau_B_sq",1.00083176656825,2608.91659898986,2435.51827580501,TRUE,"spatial",20000,10001,20,2000,8,750,250
2,"sigma_sq",1.00057858150135,2785.34019254779,3472.16916713153,TRUE,"spatial",20000,10001,20,2000,8,750,250
2,"eff_range",1.00066848841375,2744.7560576594,3364.94001523409,TRUE,"spatial",20000,10001,20,2000,8,750,250
2,"lp",1.00057526839092,2479.38735979384,2544.95536886688,TRUE,"spatial",20000,10001,20,2000,8,750,250
3,"tau_B_sq",1.00175136062753,2216.821431957,2157.30397106537,TRUE,"spatial",20000,10001,20,2000,8,750,250
3,"sigma_sq",1.00106668992663,2377.10288756511,3455.45936847854,TRUE,"spatial",20000,10001,20,2000,8,750,250
3,"eff_range",1.00266986112367,2217.77766528728,3869.1552360429,TRUE,"spatial",20000,10001,20,2000,8,750,250
3,"lp",1.00199733184212,2467.53248957878,2859.68063985472,TRUE,"spatial",20000,10001,20,2000,8,750,250
4,"tau_B_sq",1.00106300725716,2188.98848668044,1983.61873741819,TRUE,"spatial",20000,10001,20,2000,8,750,250
4,"sigma_sq",1.00100125877684,2593.61878842429,3304.58075113647,TRUE,"spatial",20000,10001,20,2000,8,750,250
4,"eff_range",1.00056402817796,2624.1123934592,4011.83313539892,TRUE,"spatial",20000,10001,20,2000,8,750,250
4,"lp",1.00175979690558,2515.10894557255,2562.83036551011,TRUE,"spatial",20000,10001,20,2000,8,750,250
5,"tau_B_sq",1.0018166628182,2236.85371921483,2080.20917517912,TRUE,"spatial",20000,10001,20,2000,8,750,250
5,"sigma_sq",1.00088334905264,2301.79735540371,3139.39241804888,TRUE,"spatial",20000,10001,20,2000,8,750,250
5,"eff_range",1.00317500837001,2536.51541439183,3643.04659272058,TRUE,"spatial",20000,10001,20,2000,8,750,250
5,"lp",1.0020672174294,2175.28750124092,2159.90508451824,TRUE,"spatial",20000,10001,20,2000,8,750,250
1,"tau_B_sq",1.00250940851586,3454.52914081944,3776.48417599053,TRUE,"nonspatial",10000,5001,10,2000,8,750,250
1,"lp",1.00223565195271,2686.61136273536,3174.14315391509,TRUE,"nonspatial",10000,5001,10,2000,8,750,250
2,"tau_B_sq",1.0018583494584,3655.32576106902,3666.05193343283,TRUE,"nonspatial",10000,5001,10,2000,8,750,250
2,"lp",1.00220397679443,3055.75403562914,3117.39711034949,TRUE,"nonspatial",10000,5001,10,2000,8,750,250
3,"tau_B_sq",1.00111412326834,3547.56794745772,4161.20208022839,TRUE,"nonspatial",10000,5001,10,2000,8,750,250
3,"lp",1.0011326056527,2717.27224723975,2345.77038728422,TRUE,"nonspatial",10000,5001,10,2000,8,750,250
4,"tau_B_sq",1.00080101022949,3684.4766798348,4174.64340576778,TRUE,"nonspatial",10000,5001,10,2000,8,750,250
4,"lp",1.00117366954566,2873.74878665975,2650.47022837147,TRUE,"nonspatial",10000,5001,10,2000,8,750,250
5,"tau_B_sq",1.00153812877772,3968.81017874455,4195.59734423134,TRUE,"nonspatial",10000,5001,10,2000,8,750,250
5,"lp",1.00149342086891,2833.36554208211,3167.96973381198,TRUE,"nonspatial",10000,5001,10,2000,8,750,250
1,"tau_B_sq",1.00342768079378,1152.75266656767,1462.81130585318,TRUE,"spatial",10000,5001,10,2000,9,750,250
1,"sigma_sq",1.00351206544243,1335.75279782965,1523.52150823684,TRUE,"spatial",10000,5001,10,2000,9,750,250
1,"eff_range",1.00279837029978,1343.88941745266,1846.20844214124,TRUE,"spatial",10000,5001,10,2000,9,750,250
1,"lp",1.00346624270201,1181.11298845668,1524.21861907198,TRUE,"spatial",10000,5001,10,2000,9,750,250
2,"tau_B_sq",1.00261187873618,1353.81456503363,1948.57446306796,TRUE,"spatial",10000,5001,10,2000,9,750,250
2,"sigma_sq",1.00465966015973,1407.38819093739,1674.12731889852,TRUE,"spatial",10000,5001,10,2000,9,750,250
2,"eff_range",1.00355360178075,1255.327598695,1399.57857422998,TRUE,"spatial",10000,5001,10,2000,9,750,250
2,"lp",1.00985857041237,1044.43715640986,1190.05123439145,TRUE,"spatial",10000,5001,10,2000,9,750,250
3,"tau_B_sq",1.00333355909026,888.567338072166,587.745396907844,TRUE,"spatial",10000,5001,10,2000,9,750,250
3,"sigma_sq",1.00459332095129,1189.40366200487,653.390391984679,TRUE,"spatial",10000,5001,10,2000,9,750,250
3,"eff_range",1.00259366183712,1215.43363710602,745.072364506754,TRUE,"spatial",10000,5001,10,2000,9,750,250
3,"lp",1.00718215437224,811.986919036251,685.950661970945,TRUE,"spatial",10000,5001,10,2000,9,750,250
4,"tau_B_sq",1.00345244807017,1058.41567081928,1369.73838962363,TRUE,"spatial",10000,5001,10,2000,9,750,250
4,"sigma_sq",1.0065587567801,1119.66104293752,1002.57421214404,TRUE,"spatial",10000,5001,10,2000,9,750,250
4,"eff_range",1.0058152152898,777.567854297133,866.794050266512,TRUE,"spatial",10000,5001,10,2000,9,750,250
4,"lp",1.00111026380965,853.361051093314,666.488396113106,TRUE,"spatial",10000,5001,10,2000,9,750,250
5,"tau_B_sq",1.00531550274412,1267.26193144777,1319.74065056466,TRUE,"spatial",10000,5001,10,2000,9,750,250
5,"sigma_sq",1.00613680319486,1189.72280679607,969.063773087277,TRUE,"spatial",10000,5001,10,2000,9,750,250
5,"eff_range",1.00554771498603,1379.28296391578,1351.21265808473,TRUE,"spatial",10000,5001,10,2000,9,750,250
5,"lp",1.00681874496069,922.173140524583,875.56905346172,TRUE,"spatial",10000,5001,10,2000,9,750,250
1,"tau_B_sq",1.00079347088212,3641.58077656968,3609.5525595248,TRUE,"nonspatial",10000,5001,10,2000,9,750,250
1,"lp",1.00067435451652,2952.63744023214,2920.22477004344,TRUE,"nonspatial",10000,5001,10,2000,9,750,250
2,"tau_B_sq",1.00097952865976,3713.3003612971,4150.57279387666,TRUE,"nonspatial",10000,5001,10,2000,9,750,250
2,"lp",1.00062950795589,2945.31247081263,3147.41019594177,TRUE,"nonspatial",10000,5001,10,2000,9,750,250
3,"tau_B_sq",1.00282352664219,3981.87776616072,4565.37357585189,TRUE,"nonspatial",10000,5001,10,2000,9,750,250
3,"lp",1.00254339547212,2881.92614517917,3581.78423406969,TRUE,"nonspatial",10000,5001,10,2000,9,750,250
4,"tau_B_sq",1.00107248954315,3357.35580867332,3958.78050041641,TRUE,"nonspatial",10000,5001,10,2000,9,750,250
4,"lp",1.00093253709514,2983.65185335157,3049.76504620589,TRUE,"nonspatial",10000,5001,10,2000,9,750,250
5,"tau_B_sq",1.0024144295142,3827.86606158008,3979.78228104099,TRUE,"nonspatial",10000,5001,10,2000,9,750,250
5,"lp",1.00244748953644,2794.53883718759,2809.57755706469,TRUE,"nonspatial",10000,5001,10,2000,9,750,250
1,"tau_B_sq",1.00071492468845,2148.76610846576,2125.34464782065,TRUE,"spatial",20000,10001,20,2000,10,750,250
1,"sigma_sq",1.00143615400527,2553.77865695871,2142.23752564541,TRUE,"spatial",20000,10001,20,2000,10,750,250
1,"eff_range",1.00121469269477,2476.61316031401,2002.98969219376,TRUE,"spatial",20000,10001,20,2000,10,750,250
1,"lp",1.00085980536815,2004.57753717128,1717.1432998372,TRUE,"spatial",20000,10001,20,2000,10,750,250
2,"tau_B_sq",1.00095176956508,2760.68381199145,2459.35271202056,TRUE,"spatial",20000,10001,20,2000,10,750,250
2,"sigma_sq",1.00101248129964,2803.70385800168,2877.89290354613,TRUE,"spatial",20000,10001,20,2000,10,750,250
2,"eff_range",1.001566982224,2544.93009863736,2671.3881974554,TRUE,"spatial",20000,10001,20,2000,10,750,250
2,"lp",1.00139950309422,2174.74642402669,1942.64547751114,TRUE,"spatial",20000,10001,20,2000,10,750,250
3,"tau_B_sq",1.00215166010214,2673.85718045306,2758.79384329468,TRUE,"spatial",20000,10001,20,2000,10,750,250
3,"sigma_sq",1.00225481790255,3129.92738792021,3065.74314471773,TRUE,"spatial",20000,10001,20,2000,10,750,250
3,"eff_range",1.00158512825058,2322.57812532546,2405.47481510409,TRUE,"spatial",20000,10001,20,2000,10,750,250
3,"lp",1.00350078901598,1788.52556059494,1800.51713811743,TRUE,"spatial",20000,10001,20,2000,10,750,250
4,"tau_B_sq",1.00053630008417,2948.11365718464,3439.20240516075,TRUE,"spatial",20000,10001,20,2000,10,750,250
4,"sigma_sq",1.00126931902769,3428.08045571646,4738.6337792567,TRUE,"spatial",20000,10001,20,2000,10,750,250
4,"eff_range",1.00194895982275,2863.62869985011,3111.08208512803,TRUE,"spatial",20000,10001,20,2000,10,750,250
4,"lp",1.00117718245071,2321.86305030869,2493.52169445374,TRUE,"spatial",20000,10001,20,2000,10,750,250
5,"tau_B_sq",1.00398717498415,1721.59873959626,1180.49758495355,TRUE,"spatial",20000,10001,20,2000,10,750,250
5,"sigma_sq",1.00240861056049,2547.11153180398,1598.13184266561,TRUE,"spatial",20000,10001,20,2000,10,750,250
5,"eff_range",1.00336667465187,1949.91646604685,1089.10093428636,TRUE,"spatial",20000,10001,20,2000,10,750,250
5,"lp",1.00434178949788,1730.43304478758,1067.40538894251,TRUE,"spatial",20000,10001,20,2000,10,750,250
1,"tau_B_sq",1.00104858443058,3951.05408219752,4041.64238925831,TRUE,"nonspatial",10000,5001,10,2000,10,750,250
1,"lp",1.00150692000245,2986.81705049139,2903.24048999861,TRUE,"nonspatial",10000,5001,10,2000,10,750,250
2,"tau_B_sq",1.00126508098306,3307.48743646004,3591.37538139693,TRUE,"nonspatial",10000,5001,10,2000,10,750,250
2,"lp",1.0008180810593,2670.5085024886,3060.49053124517,TRUE,"nonspatial",10000,5001,10,2000,10,750,250
3,"tau_B_sq",1.00075314667905,3744.27926673815,3674.79183298914,TRUE,"nonspatial",10000,5001,10,2000,10,750,250
3,"lp",1.00071679633677,3215.42777150604,2823.1868882481,TRUE,"nonspatial",10000,5001,10,2000,10,750,250
4,"tau_B_sq",1.00077498169303,3562.66648270818,3775.49613387294,TRUE,"nonspatial",10000,5001,10,2000,10,750,250
4,"lp",1.00098241261159,2830.22803092202,2855.61283370133,TRUE,"nonspatial",10000,5001,10,2000,10,750,250
5,"tau_B_sq",1.00064570095713,3926.95087893866,3474.6479919039,TRUE,"nonspatial",10000,5001,10,2000,10,750,250
5,"lp",1.001060885445,2879.23960027995,3193.00353758283,TRUE,"nonspatial",10000,5001,10,2000,10,750,250
1,"tau_B_sq",1.00411703360125,1160.45917145427,1330.64894438114,TRUE,"spatial",10000,5001,10,2000,1,1000,250
1,"sigma_sq",1.00355999928624,1128.56750923718,1984.29289417997,TRUE,"spatial",10000,5001,10,2000,1,1000,250
1,"eff_range",1.00546797201937,1238.10175590856,1727.35907949569,TRUE,"spatial",10000,5001,10,2000,1,1000,250
1,"lp",1.00494602791023,1188.13508071407,1295.35514812627,TRUE,"spatial",10000,5001,10,2000,1,1000,250
2,"tau_B_sq",1.00160593082839,1001.76186586938,900.001308681516,TRUE,"spatial",10000,5001,10,2000,1,1000,250
2,"sigma_sq",1.0020669287082,1159.13354965524,1503.01914681471,TRUE,"spatial",10000,5001,10,2000,1,1000,250
2,"eff_range",1.00243984269797,1054.70638253514,1945.28689769166,TRUE,"spatial",10000,5001,10,2000,1,1000,250
2,"lp",1.00231813365421,1275.13681848437,1359.31527643138,TRUE,"spatial",10000,5001,10,2000,1,1000,250
3,"tau_B_sq",1.00462868308023,1157.92243752715,910.61337572941,TRUE,"spatial",10000,5001,10,2000,1,1000,250
3,"sigma_sq",1.00321162569562,1325.14585628363,1913.46937327255,TRUE,"spatial",10000,5001,10,2000,1,1000,250
3,"eff_range",1.00240841599673,1092.88526374954,1493.5620897994,TRUE,"spatial",10000,5001,10,2000,1,1000,250
3,"lp",1.00329299005386,1259.19228470949,1203.17083589649,TRUE,"spatial",10000,5001,10,2000,1,1000,250
4,"tau_B_sq",1.00183538816225,916.111287869298,1069.9186056688,TRUE,"spatial",10000,5001,10,2000,1,1000,250
4,"sigma_sq",1.00140453911953,1102.11868422416,1648.87867710242,TRUE,"spatial",10000,5001,10,2000,1,1000,250
4,"eff_range",1.00202052994851,1055.02588966175,1524.83259058172,TRUE,"spatial",10000,5001,10,2000,1,1000,250
4,"lp",1.00338017349868,970.322501279735,1112.88412309128,TRUE,"spatial",10000,5001,10,2000,1,1000,250
5,"tau_B_sq",1.00464100395604,1126.24599803838,1178.53761899053,TRUE,"spatial",10000,5001,10,2000,1,1000,250
5,"sigma_sq",1.00468938091536,1236.10413863909,1689.33009199458,TRUE,"spatial",10000,5001,10,2000,1,1000,250
5,"eff_range",1.00275257370115,1296.71971681129,1655.94924808132,TRUE,"spatial",10000,5001,10,2000,1,1000,250
5,"lp",1.00263519894941,1079.983122395,1442.41602642993,TRUE,"spatial",10000,5001,10,2000,1,1000,250
1,"tau_B_sq",1.00113385404662,3944.07419635794,3943.08064373984,TRUE,"nonspatial",10000,5001,10,2000,1,1000,250
1,"lp",1.00059258960203,2901.69444690454,2636.96418519239,TRUE,"nonspatial",10000,5001,10,2000,1,1000,250
2,"tau_B_sq",1.00117191629883,3960.34793380817,3627.04152796495,TRUE,"nonspatial",10000,5001,10,2000,1,1000,250
2,"lp",1.00115199521897,2835.8932918275,2814.06652601955,TRUE,"nonspatial",10000,5001,10,2000,1,1000,250
3,"tau_B_sq",1.00140935411475,3613.11639549035,3653.66768980379,TRUE,"nonspatial",10000,5001,10,2000,1,1000,250
3,"lp",1.00141739019861,2957.44250899012,3159.86031000258,TRUE,"nonspatial",10000,5001,10,2000,1,1000,250
4,"tau_B_sq",1.00103102287634,3900.7441154948,4124.73442590447,TRUE,"nonspatial",10000,5001,10,2000,1,1000,250
4,"lp",1.00181077098757,3128.24271181721,2901.5415971532,TRUE,"nonspatial",10000,5001,10,2000,1,1000,250
5,"tau_B_sq",1.00344170825312,3948.32361278164,3737.46403898107,TRUE,"nonspatial",10000,5001,10,2000,1,1000,250
5,"lp",1.00355064726497,2824.83307928045,2896.51801553922,TRUE,"nonspatial",10000,5001,10,2000,1,1000,250
1,"tau_B_sq",1.00233217214523,1363.12980057864,1242.29678905221,TRUE,"spatial",10000,5001,10,2000,2,1000,250
1,"sigma_sq",1.00129974913678,1306.08159550735,1858.76382636725,TRUE,"spatial",10000,5001,10,2000,2,1000,250
1,"eff_range",1.00470857588255,1072.35328902145,1432.4413384319,TRUE,"spatial",10000,5001,10,2000,2,1000,250
1,"lp",1.00140154599973,951.036589249922,1421.41995248438,TRUE,"spatial",10000,5001,10,2000,2,1000,250
2,"tau_B_sq",1.00540229418863,1152.23758569008,700.850476550311,TRUE,"spatial",10000,5001,10,2000,2,1000,250
2,"sigma_sq",1.00357737117276,1115.62865183731,1691.32096536555,TRUE,"spatial",10000,5001,10,2000,2,1000,250
2,"eff_range",1.00099436166504,1370.74790820804,1773.36511362569,TRUE,"spatial",10000,5001,10,2000,2,1000,250
2,"lp",1.00509060871306,1045.38757256889,1160.78452552156,TRUE,"spatial",10000,5001,10,2000,2,1000,250
3,"tau_B_sq",1.00332233226386,1024.36798436513,710.147747640814,TRUE,"spatial",10000,5001,10,2000,2,1000,250
3,"sigma_sq",1.00704830829072,975.030291262407,1401.7414065718,TRUE,"spatial",10000,5001,10,2000,2,1000,250
3,"eff_range",1.00108716171145,1232.00722372117,1501.9664160033,TRUE,"spatial",10000,5001,10,2000,2,1000,250
3,"lp",1.0038739229376,1208.24530449626,1576.75380217859,TRUE,"spatial",10000,5001,10,2000,2,1000,250
4,"tau_B_sq",1.00172264821807,1092.98546720596,589.177582981126,TRUE,"spatial",10000,5001,10,2000,2,1000,250
4,"sigma_sq",1.00642125106838,920.238812104092,1164.18293252604,TRUE,"spatial",10000,5001,10,2000,2,1000,250
4,"eff_range",1.00280068767937,1516.92537219224,1802.8102205538,TRUE,"spatial",10000,5001,10,2000,2,1000,250
4,"lp",1.00422576868436,1009.39398946224,1250.141113675,TRUE,"spatial",10000,5001,10,2000,2,1000,250
5,"tau_B_sq",1.00219246058996,1223.04896981447,1009.32142797866,TRUE,"spatial",10000,5001,10,2000,2,1000,250
5,"sigma_sq",1.0028819307582,1388.14352559935,1329.9907617332,TRUE,"spatial",10000,5001,10,2000,2,1000,250
5,"eff_range",1.00246884983731,1208.43958432391,1661.04183500526,TRUE,"spatial",10000,5001,10,2000,2,1000,250
5,"lp",1.00153332117517,1325.42791162194,1481.48920872495,TRUE,"spatial",10000,5001,10,2000,2,1000,250
1,"tau_B_sq",1.00215180225062,3767.10442863524,4095.77006833893,TRUE,"nonspatial",10000,5001,10,2000,2,1000,250
1,"lp",1.00274703619915,2318.43973601852,2542.43987076845,TRUE,"nonspatial",10000,5001,10,2000,2,1000,250
2,"tau_B_sq",1.00035495119586,3899.28233795154,4120.50721886216,TRUE,"nonspatial",10000,5001,10,2000,2,1000,250
2,"lp",1.00033904569254,3146.33138565566,3053.37504500423,TRUE,"nonspatial",10000,5001,10,2000,2,1000,250
3,"tau_B_sq",1.00080670471782,3807.81032057468,4083.2509846246,TRUE,"nonspatial",10000,5001,10,2000,2,1000,250
3,"lp",1.00290665613674,2974.86632826769,2568.84146646452,TRUE,"nonspatial",10000,5001,10,2000,2,1000,250
4,"tau_B_sq",1.00120006213775,3889.70796242001,3624.1218428028,TRUE,"nonspatial",10000,5001,10,2000,2,1000,250
4,"lp",1.00102330147682,2800.51927056496,3114.6615246668,TRUE,"nonspatial",10000,5001,10,2000,2,1000,250
5,"tau_B_sq",1.00094712458078,4035.4455382337,4209.75304660856,TRUE,"nonspatial",10000,5001,10,2000,2,1000,250
5,"lp",1.00078902955892,3087.17707184488,3017.64518399679,TRUE,"nonspatial",10000,5001,10,2000,2,1000,250
1,"tau_B_sq",1.00102729548949,1177.65847843424,1226.80553539911,TRUE,"spatial",20000,10001,20,2000,3,1000,250
1,"sigma_sq",1.00078238983179,1607.15539305803,2416.09139852114,TRUE,"spatial",20000,10001,20,2000,3,1000,250
1,"eff_range",1.00112437627391,1849.54566112005,2958.3008747232,TRUE,"spatial",20000,10001,20,2000,3,1000,250
1,"lp",1.00436676841421,1464.07675037201,1694.18589562954,TRUE,"spatial",20000,10001,20,2000,3,1000,250
2,"tau_B_sq",1.00201695422001,1267.59609985131,1653.37001027637,TRUE,"spatial",20000,10001,20,2000,3,1000,250
2,"sigma_sq",1.00183956022301,1826.63299382696,2762.03941827262,TRUE,"spatial",20000,10001,20,2000,3,1000,250
2,"eff_range",1.0022570064317,1990.13915076607,2788.04281296169,TRUE,"spatial",20000,10001,20,2000,3,1000,250
2,"lp",1.00138405658474,1493.08281434798,1853.78683687961,TRUE,"spatial",20000,10001,20,2000,3,1000,250
3,"tau_B_sq",1.00334902903066,1460.58828671974,1268.61723645687,TRUE,"spatial",20000,10001,20,2000,3,1000,250
3,"sigma_sq",1.00207291008489,1904.99949005454,2624.39652577294,TRUE,"spatial",20000,10001,20,2000,3,1000,250
3,"eff_range",1.0007555532146,1881.97598196603,2852.8356976523,TRUE,"spatial",20000,10001,20,2000,3,1000,250
3,"lp",1.00282202905741,1735.72727830975,1618.369546158,TRUE,"spatial",20000,10001,20,2000,3,1000,250
4,"tau_B_sq",1.00346191005226,1272.45225745721,1240.40961701265,TRUE,"spatial",20000,10001,20,2000,3,1000,250
4,"sigma_sq",1.00229383664804,1645.27784675782,2856.03520542905,TRUE,"spatial",20000,10001,20,2000,3,1000,250
4,"eff_range",1.0023067248029,2010.89800693553,3519.56791599626,TRUE,"spatial",20000,10001,20,2000,3,1000,250
4,"lp",1.00186264631535,1590.54771969022,1417.4899046204,TRUE,"spatial",20000,10001,20,2000,3,1000,250
5,"tau_B_sq",1.00385462103596,1069.56707629526,1918.61142587203,TRUE,"spatial",20000,10001,20,2000,3,1000,250
5,"sigma_sq",1.00227292662564,1688.83597800915,1458.30964761077,TRUE,"spatial",20000,10001,20,2000,3,1000,250
5,"eff_range",1.00231669962932,1369.81470888659,1218.44789923664,TRUE,"spatial",20000,10001,20,2000,3,1000,250
5,"lp",1.00400164850744,989.762195122374,1540.5790130767,TRUE,"spatial",20000,10001,20,2000,3,1000,250
1,"tau_B_sq",1.00204988904567,3827.84524346421,4054.84829487136,TRUE,"nonspatial",10000,5001,10,2000,3,1000,250
1,"lp",1.00137606049145,2630.06707100135,2705.21002565948,TRUE,"nonspatial",10000,5001,10,2000,3,1000,250
2,"tau_B_sq",1.00073631851479,4069.38631408427,3887.38438785509,TRUE,"nonspatial",10000,5001,10,2000,3,1000,250
2,"lp",1.00107036319986,2913.9671222621,2505.12899328225,TRUE,"nonspatial",10000,5001,10,2000,3,1000,250
3,"tau_B_sq",1.00187928641865,3955.36035034424,3857.4111909133,TRUE,"nonspatial",10000,5001,10,2000,3,1000,250
3,"lp",1.00201446677382,2696.11654174448,2869.22524874115,TRUE,"nonspatial",10000,5001,10,2000,3,1000,250
4,"tau_B_sq",1.00093915451415,3769.39747728067,3968.36425657067,TRUE,"nonspatial",10000,5001,10,2000,3,1000,250
4,"lp",1.00138591352399,2755.49479649466,2613.93548550867,TRUE,"nonspatial",10000,5001,10,2000,3,1000,250
5,"tau_B_sq",1.00152430709063,4016.76220396013,4594.17038216677,TRUE,"nonspatial",10000,5001,10,2000,3,1000,250
5,"lp",1.0009315336158,2987.63162723817,2891.89574706993,TRUE,"nonspatial",10000,5001,10,2000,3,1000,250
1,"tau_B_sq",1.00425854668107,1317.99956183796,1893.31264293795,TRUE,"spatial",10000,5001,10,2000,4,1000,250
1,"sigma_sq",1.00396967070742,1671.45729892814,1789.90799969263,TRUE,"spatial",10000,5001,10,2000,4,1000,250
1,"eff_range",1.00216420952518,1001.1176127389,1011.17942210295,TRUE,"spatial",10000,5001,10,2000,4,1000,250
1,"lp",1.00228431704458,898.309089763878,975.686161916077,TRUE,"spatial",10000,5001,10,2000,4,1000,250
2,"tau_B_sq",1.00141257268052,1581.55925648922,1785.96588985644,TRUE,"spatial",10000,5001,10,2000,4,1000,250
2,"sigma_sq",1.00206958912102,1774.00773973416,2184.8000852825,TRUE,"spatial",10000,5001,10,2000,4,1000,250
2,"eff_range",1.00320358013391,1621.09761021947,2086.19981236975,TRUE,"spatial",10000,5001,10,2000,4,1000,250
2,"lp",1.00483670806689,1332.1640221388,1500.00532833464,TRUE,"spatial",10000,5001,10,2000,4,1000,250
3,"tau_B_sq",1.00840435939793,1329.92529512851,1755.52704806766,TRUE,"spatial",10000,5001,10,2000,4,1000,250
3,"sigma_sq",1.00625815835465,1260.46930036611,1340.8775213234,TRUE,"spatial",10000,5001,10,2000,4,1000,250
3,"eff_range",1.00199603009131,1295.34546788204,1857.95847497269,TRUE,"spatial",10000,5001,10,2000,4,1000,250
3,"lp",1.00258319785446,1064.93224180696,1359.44059499907,TRUE,"spatial",10000,5001,10,2000,4,1000,250
4,"tau_B_sq",1.0025226726102,1411.95776921137,2057.26179704223,TRUE,"spatial",10000,5001,10,2000,4,1000,250
4,"sigma_sq",1.00558488087447,1643.90178530708,2077.65545965362,TRUE,"spatial",10000,5001,10,2000,4,1000,250
4,"eff_range",1.00280861673173,1548.44812201499,1930.94582281844,TRUE,"spatial",10000,5001,10,2000,4,1000,250
4,"lp",1.00302072318372,1087.1797704923,1528.15466579046,TRUE,"spatial",10000,5001,10,2000,4,1000,250
5,"tau_B_sq",1.0015036693367,1496.30402133568,2414.38656748229,TRUE,"spatial",10000,5001,10,2000,4,1000,250
5,"sigma_sq",1.00175390759175,1684.64590999472,1875.14502176275,TRUE,"spatial",10000,5001,10,2000,4,1000,250
5,"eff_range",1.0064209669825,1311.41841728173,1642.83264182024,TRUE,"spatial",10000,5001,10,2000,4,1000,250
5,"lp",1.00358774247471,1249.06659668412,1670.05031560278,TRUE,"spatial",10000,5001,10,2000,4,1000,250
1,"tau_B_sq",1.00111031304874,4096.68347684358,3914.14644908724,TRUE,"nonspatial",10000,5001,10,2000,4,1000,250
1,"lp",1.0011677476032,2947.17357881845,3214.06840376564,TRUE,"nonspatial",10000,5001,10,2000,4,1000,250
2,"tau_B_sq",1.00104968154968,3963.43215512198,3448.48217146407,TRUE,"nonspatial",10000,5001,10,2000,4,1000,250
2,"lp",1.00111302058685,2910.70973434674,2970.89740108036,TRUE,"nonspatial",10000,5001,10,2000,4,1000,250
3,"tau_B_sq",1.00077793507455,3900.24016370621,4468.8168710096,TRUE,"nonspatial",10000,5001,10,2000,4,1000,250
3,"lp",1.00065446422058,2870.7329942676,2778.0658367942,TRUE,"nonspatial",10000,5001,10,2000,4,1000,250
4,"tau_B_sq",1.00107523744014,3957.10908711904,3862.25861616168,TRUE,"nonspatial",10000,5001,10,2000,4,1000,250
4,"lp",1.00068670552002,2695.33709917884,2388.9210857711,TRUE,"nonspatial",10000,5001,10,2000,4,1000,250
5,"tau_B_sq",1.00174431792673,3957.27188120889,4034.61544949038,TRUE,"nonspatial",10000,5001,10,2000,4,1000,250
5,"lp",1.00098420625642,2875.66340383129,3158.42166871319,TRUE,"nonspatial",10000,5001,10,2000,4,1000,250
1,"tau_B_sq",1.00474306581852,949.930000760734,756.743925658139,TRUE,"spatial",10000,5001,10,2000,5,1000,250
1,"sigma_sq",1.00112349357468,983.195812066992,1449.85426810691,TRUE,"spatial",10000,5001,10,2000,5,1000,250
1,"eff_range",1.00216675731763,1283.54965621986,1536.04274810336,TRUE,"spatial",10000,5001,10,2000,5,1000,250
1,"lp",1.00235717627998,1087.67578542113,1292.61438692865,TRUE,"spatial",10000,5001,10,2000,5,1000,250
2,"tau_B_sq",1.00400087441449,1359.79848705216,1304.74600465188,TRUE,"spatial",10000,5001,10,2000,5,1000,250
2,"sigma_sq",1.00338859289925,1567.22723408507,1272.785039832,TRUE,"spatial",10000,5001,10,2000,5,1000,250
2,"eff_range",1.00523448316858,1087.06625140625,1253.53964690208,TRUE,"spatial",10000,5001,10,2000,5,1000,250
2,"lp",1.00620427796632,1039.66353045631,993.037441263721,TRUE,"spatial",10000,5001,10,2000,5,1000,250
3,"tau_B_sq",1.00786468174756,1037.05230485952,506.74529380391,TRUE,"spatial",10000,5001,10,2000,5,1000,250
3,"sigma_sq",1.00756840906852,1142.24081944558,1789.86999864042,TRUE,"spatial",10000,5001,10,2000,5,1000,250
3,"eff_range",1.00359100164968,1294.95065962911,1938.61681257006,TRUE,"spatial",10000,5001,10,2000,5,1000,250
3,"lp",1.00690186518468,1166.8484463488,1073.63956380847,TRUE,"spatial",10000,5001,10,2000,5,1000,250
4,"tau_B_sq",1.00251125763241,961.212030113124,598.228132972188,TRUE,"spatial",10000,5001,10,2000,5,1000,250
4,"sigma_sq",1.00113908943849,1101.97923171944,1509.47512797223,TRUE,"spatial",10000,5001,10,2000,5,1000,250
4,"eff_range",1.00584609543593,1047.29145714025,1303.77261819425,TRUE,"spatial",10000,5001,10,2000,5,1000,250
4,"lp",1.00197911412537,1060.64554606093,1065.74171685319,TRUE,"spatial",10000,5001,10,2000,5,1000,250
5,"tau_B_sq",1.00596095961772,1094.47772514248,802.413509032731,TRUE,"spatial",10000,5001,10,2000,5,1000,250
5,"sigma_sq",1.00525150125057,1091.19324231501,1793.71979091703,TRUE,"spatial",10000,5001,10,2000,5,1000,250
5,"eff_range",1.00453690921176,1299.51672616291,1980.75600808235,TRUE,"spatial",10000,5001,10,2000,5,1000,250
5,"lp",1.00287862096628,1319.87826596372,1037.72611633449,TRUE,"spatial",10000,5001,10,2000,5,1000,250
1,"tau_B_sq",1.00076603385027,3517.66952991124,3470.37612445282,TRUE,"nonspatial",10000,5001,10,2000,5,1000,250
1,"lp",1.00066620591075,2764.16744095532,2476.70819318258,TRUE,"nonspatial",10000,5001,10,2000,5,1000,250
2,"tau_B_sq",1.00123758231994,3662.09622940478,3822.52360128833,TRUE,"nonspatial",10000,5001,10,2000,5,1000,250
2,"lp",1.0012280586704,2604.55293850328,2702.34466335581,TRUE,"nonspatial",10000,5001,10,2000,5,1000,250
3,"tau_B_sq",1.00056742293023,3961.18821064183,3868.24569051063,TRUE,"nonspatial",10000,5001,10,2000,5,1000,250
3,"lp",1.0005359320415,2858.5882653319,2992.36423479233,TRUE,"nonspatial",10000,5001,10,2000,5,1000,250
4,"tau_B_sq",1.00348787465895,3217.27886901257,3555.13388024237,TRUE,"nonspatial",10000,5001,10,2000,5,1000,250
4,"lp",1.00112620217849,2743.08872431014,2878.96624294656,TRUE,"nonspatial",10000,5001,10,2000,5,1000,250
5,"tau_B_sq",1.00161858114232,3731.6931189539,4021.1828685096,TRUE,"nonspatial",10000,5001,10,2000,5,1000,250
5,"lp",1.00155923101541,3029.37877019153,3157.54502535234,TRUE,"nonspatial",10000,5001,10,2000,5,1000,250
1,"tau_B_sq",1.00387786130041,866.960509628798,748.592047911427,TRUE,"spatial",10000,5001,10,2000,6,1000,250
1,"sigma_sq",1.00287792525323,989.792623707739,1097.86582540948,TRUE,"spatial",10000,5001,10,2000,6,1000,250
1,"eff_range",1.00330863606307,1163.4558075401,1664.18350147279,TRUE,"spatial",10000,5001,10,2000,6,1000,250
1,"lp",1.00369005340026,1161.85347590062,934.141544173447,TRUE,"spatial",10000,5001,10,2000,6,1000,250
2,"tau_B_sq",1.00420655223486,926.067121113525,527.393488232898,TRUE,"spatial",10000,5001,10,2000,6,1000,250
2,"sigma_sq",1.00316067926312,1296.6982551148,1917.32548052858,TRUE,"spatial",10000,5001,10,2000,6,1000,250
2,"eff_range",1.00298973888392,1225.10921562774,1695.92582724779,TRUE,"spatial",10000,5001,10,2000,6,1000,250
2,"lp",1.00376334750755,1274.00505832852,1455.93035656191,TRUE,"spatial",10000,5001,10,2000,6,1000,250
3,"tau_B_sq",1.00134027016408,904.025601976674,594.264825556091,TRUE,"spatial",10000,5001,10,2000,6,1000,250
3,"sigma_sq",1.00202180418861,979.872964364343,1276.3095700741,TRUE,"spatial",10000,5001,10,2000,6,1000,250
3,"eff_range",1.00427057115994,1195.2142053394,1710.12054745014,TRUE,"spatial",10000,5001,10,2000,6,1000,250
3,"lp",1.00385907457057,1257.61014107222,1083.95786963268,TRUE,"spatial",10000,5001,10,2000,6,1000,250
4,"tau_B_sq",1.00310584248269,981.237555518396,863.266153879992,TRUE,"spatial",10000,5001,10,2000,6,1000,250
4,"sigma_sq",1.00283677649406,1050.40968336937,1426.20359351373,TRUE,"spatial",10000,5001,10,2000,6,1000,250
4,"eff_range",1.00338010297791,1308.03578482974,1935.89250683175,TRUE,"spatial",10000,5001,10,2000,6,1000,250
4,"lp",1.00229450636,1031.03991795159,1602.01294871561,TRUE,"spatial",10000,5001,10,2000,6,1000,250
5,"tau_B_sq",1.00317822840254,1154.72990259564,963.437206433098,TRUE,"spatial",10000,5001,10,2000,6,1000,250
5,"sigma_sq",1.00362061488783,959.909915211328,1587.72918442425,TRUE,"spatial",10000,5001,10,2000,6,1000,250
5,"eff_range",1.00756174488702,977.178854800482,1640.9466111932,TRUE,"spatial",10000,5001,10,2000,6,1000,250
5,"lp",1.00535494085358,1202.99854392637,1355.29948803402,TRUE,"spatial",10000,5001,10,2000,6,1000,250
1,"tau_B_sq",1.00052682514922,3790.0498093697,4019.55302745903,TRUE,"nonspatial",10000,5001,10,2000,6,1000,250
1,"lp",1.00056621591249,2859.9446181936,2608.84440385841,TRUE,"nonspatial",10000,5001,10,2000,6,1000,250
2,"tau_B_sq",1.00087576711902,3715.16670443776,3952.96068972554,TRUE,"nonspatial",10000,5001,10,2000,6,1000,250
2,"lp",1.00174428963217,2937.17121960564,2713.7115466372,TRUE,"nonspatial",10000,5001,10,2000,6,1000,250
3,"tau_B_sq",1.00148652910145,3468.4622712913,3411.75217056062,TRUE,"nonspatial",10000,5001,10,2000,6,1000,250
3,"lp",1.00161038001843,3029.31652868486,3387.36613121103,TRUE,"nonspatial",10000,5001,10,2000,6,1000,250
4,"tau_B_sq",1.00065474220166,4106.64345956249,4122.48833355888,TRUE,"nonspatial",10000,5001,10,2000,6,1000,250
4,"lp",1.00394862133035,3020.18840733023,2396.18902137832,TRUE,"nonspatial",10000,5001,10,2000,6,1000,250
5,"tau_B_sq",1.00157013982299,4159.39531141964,4225.12970015345,TRUE,"nonspatial",10000,5001,10,2000,6,1000,250
5,"lp",1.00197133682968,2854.45656746592,3173.90269517859,TRUE,"nonspatial",10000,5001,10,2000,6,1000,250
1,"tau_B_sq",1.00336404768672,1146.94041179425,1904.42791786318,TRUE,"spatial",20000,10001,20,2000,7,1000,250
1,"sigma_sq",1.00364036979283,1376.14476563765,2419.01661926079,TRUE,"spatial",20000,10001,20,2000,7,1000,250
1,"eff_range",1.00237580475939,1572.10992856187,2082.05093310653,TRUE,"spatial",20000,10001,20,2000,7,1000,250
1,"lp",1.00743839716369,1370.70083841886,1107.09502805905,TRUE,"spatial",20000,10001,20,2000,7,1000,250
2,"tau_B_sq",1.00336463764758,1041.87404942533,1203.90264992529,TRUE,"spatial",20000,10001,20,2000,7,1000,250
2,"sigma_sq",1.00347631977388,1383.09450954124,2320.01633517895,TRUE,"spatial",20000,10001,20,2000,7,1000,250
2,"eff_range",1.00135732266645,1726.14624186014,2461.03475521168,TRUE,"spatial",20000,10001,20,2000,7,1000,250
2,"lp",1.00250080874183,1309.33763566568,1271.62993063016,TRUE,"spatial",20000,10001,20,2000,7,1000,250
3,"tau_B_sq",1.00182873896843,1936.0173223052,1524.42637478903,TRUE,"spatial",20000,10001,20,2000,7,1000,250
3,"sigma_sq",1.00240153709922,2165.74447846228,2643.59463806412,TRUE,"spatial",20000,10001,20,2000,7,1000,250
3,"eff_range",1.00257492861649,2350.57213162796,3896.18356510342,TRUE,"spatial",20000,10001,20,2000,7,1000,250
3,"lp",1.00622710362788,1917.82111264945,2430.41142689703,TRUE,"spatial",20000,10001,20,2000,7,1000,250
4,"tau_B_sq",1.00631600300886,1416.89958201408,1135.09641069268,TRUE,"spatial",20000,10001,20,2000,7,1000,250
4,"sigma_sq",1.00442370216986,1500.13852252397,2295.93253987927,TRUE,"spatial",20000,10001,20,2000,7,1000,250
4,"eff_range",1.00306776424904,2068.18823067959,3297.93470016114,TRUE,"spatial",20000,10001,20,2000,7,1000,250
4,"lp",1.0049447602329,1581.56597148625,1277.37411701291,TRUE,"spatial",20000,10001,20,2000,7,1000,250
5,"tau_B_sq",1.00355169351855,1167.96045604138,1090.13597033044,TRUE,"spatial",20000,10001,20,2000,7,1000,250
5,"sigma_sq",1.00271833355827,1532.12059195005,2156.81371194489,TRUE,"spatial",20000,10001,20,2000,7,1000,250
5,"eff_range",1.00228378295556,1898.42580508681,3088.42487746545,TRUE,"spatial",20000,10001,20,2000,7,1000,250
5,"lp",1.00230563870196,1595.48118924272,1501.77200294129,TRUE,"spatial",20000,10001,20,2000,7,1000,250
1,"tau_B_sq",1.00176251850423,4033.28488472719,4168.26508943019,TRUE,"nonspatial",10000,5001,10,2000,7,1000,250
1,"lp",1.00147983633349,3017.43249169043,3037.97097367308,TRUE,"nonspatial",10000,5001,10,2000,7,1000,250
2,"tau_B_sq",1.00155154991656,3604.8208886884,3925.79654819882,TRUE,"nonspatial",10000,5001,10,2000,7,1000,250
2,"lp",1.00170265640299,2931.8115009781,3045.8327761278,TRUE,"nonspatial",10000,5001,10,2000,7,1000,250
3,"tau_B_sq",1.00033071101459,3935.33515617006,4097.96385301181,TRUE,"nonspatial",10000,5001,10,2000,7,1000,250
3,"lp",1.00042237283834,3065.99689691193,2992.46423798618,TRUE,"nonspatial",10000,5001,10,2000,7,1000,250
4,"tau_B_sq",1.00152154661158,3855.38115935053,3925.72937506981,TRUE,"nonspatial",10000,5001,10,2000,7,1000,250
4,"lp",1.0016653321746,2673.40954026801,2335.77676391874,TRUE,"nonspatial",10000,5001,10,2000,7,1000,250
5,"tau_B_sq",1.00138035387306,3674.41297344231,3217.58188469381,TRUE,"nonspatial",10000,5001,10,2000,7,1000,250
5,"lp",1.00106270121166,2555.53345332482,2174.23486816443,TRUE,"nonspatial",10000,5001,10,2000,7,1000,250
1,"tau_B_sq",1.00354541215736,1436.31446989528,1182.8877471448,TRUE,"spatial",10000,5001,10,2000,8,1000,250
1,"sigma_sq",1.00251190469473,1417.93654056456,1803.46543574258,TRUE,"spatial",10000,5001,10,2000,8,1000,250
1,"eff_range",1.00252792559417,1197.46193206989,1835.50773212183,TRUE,"spatial",10000,5001,10,2000,8,1000,250
1,"lp",1.00229505732216,1193.05434653537,1130.53848882676,TRUE,"spatial",10000,5001,10,2000,8,1000,250
2,"tau_B_sq",1.0021246573518,1238.51827165971,1066.67018748623,TRUE,"spatial",10000,5001,10,2000,8,1000,250
2,"sigma_sq",1.00495844394829,1236.18035976658,1515.09367255708,TRUE,"spatial",10000,5001,10,2000,8,1000,250
2,"eff_range",1.00122960186742,1464.59848168873,2082.18002105642,TRUE,"spatial",10000,5001,10,2000,8,1000,250
2,"lp",1.00698286426068,1091.07644666846,1302.37034847913,TRUE,"spatial",10000,5001,10,2000,8,1000,250
3,"tau_B_sq",1.00640883152114,972.423160680116,814.51077578507,TRUE,"spatial",10000,5001,10,2000,8,1000,250
3,"sigma_sq",1.00363316220189,1285.75125172984,1472.83150446869,TRUE,"spatial",10000,5001,10,2000,8,1000,250
3,"eff_range",1.00116249515087,1420.10607581794,2016.68307918501,TRUE,"spatial",10000,5001,10,2000,8,1000,250
3,"lp",1.00187612665983,1180.63230747052,1293.04393551683,TRUE,"spatial",10000,5001,10,2000,8,1000,250
4,"tau_B_sq",1.00423319974677,1085.9743699788,872.355512527176,TRUE,"spatial",10000,5001,10,2000,8,1000,250
4,"sigma_sq",1.00243113877924,1188.69103786836,1674.23306915096,TRUE,"spatial",10000,5001,10,2000,8,1000,250
4,"eff_range",1.00343812135982,1415.97228740033,1659.75402095765,TRUE,"spatial",10000,5001,10,2000,8,1000,250
4,"lp",1.00452648561542,957.807212758761,980.482609871013,TRUE,"spatial",10000,5001,10,2000,8,1000,250
5,"tau_B_sq",1.00604698876584,851.931534717432,760.116648075126,TRUE,"spatial",10000,5001,10,2000,8,1000,250
5,"sigma_sq",1.0046480250753,1214.70097834417,1508.21121966417,TRUE,"spatial",10000,5001,10,2000,8,1000,250
5,"eff_range",1.00498659950682,1283.71456168721,1734.5530008831,TRUE,"spatial",10000,5001,10,2000,8,1000,250
5,"lp",1.00866781494407,886.032981397669,922.986037584321,TRUE,"spatial",10000,5001,10,2000,8,1000,250
1,"tau_B_sq",1.00054834768889,3906.60901879298,4296.5275758165,TRUE,"nonspatial",10000,5001,10,2000,8,1000,250
1,"lp",1.00058616248321,2998.47949859852,2540.6546432627,TRUE,"nonspatial",10000,5001,10,2000,8,1000,250
2,"tau_B_sq",1.00292964816696,3598.18396304637,4381.33235310495,TRUE,"nonspatial",10000,5001,10,2000,8,1000,250
2,"lp",1.00127221277814,3071.50207878473,2870.60302465152,TRUE,"nonspatial",10000,5001,10,2000,8,1000,250
3,"tau_B_sq",1.00270938412857,4000.61142572568,3341.24094020562,TRUE,"nonspatial",10000,5001,10,2000,8,1000,250
3,"lp",1.00107207191114,2696.79900990655,2970.39527152459,TRUE,"nonspatial",10000,5001,10,2000,8,1000,250
4,"tau_B_sq",1.00068062296075,3846.08895166573,4160.11226089551,TRUE,"nonspatial",10000,5001,10,2000,8,1000,250
4,"lp",1.00133195441921,3256.30179817961,3187.10049733133,TRUE,"nonspatial",10000,5001,10,2000,8,1000,250
5,"tau_B_sq",1.00164979382774,3748.4736101571,3978.05647073998,TRUE,"nonspatial",10000,5001,10,2000,8,1000,250
5,"lp",1.00160550934129,2783.02530498462,2392.79989764406,TRUE,"nonspatial",10000,5001,10,2000,8,1000,250
1,"tau_B_sq",1.00120799970917,1409.55647189672,1483.55544741464,TRUE,"spatial",10000,5001,10,2000,9,1000,250
1,"sigma_sq",1.00197055017296,1607.10923536965,2136.33131495344,TRUE,"spatial",10000,5001,10,2000,9,1000,250
1,"eff_range",1.00508643913395,1482.34010662336,1466.74436036312,TRUE,"spatial",10000,5001,10,2000,9,1000,250
1,"lp",1.00370817308223,1279.69065070239,1696.12982403172,TRUE,"spatial",10000,5001,10,2000,9,1000,250
2,"tau_B_sq",1.00196097020348,1765.98981669624,2453.97724395243,TRUE,"spatial",10000,5001,10,2000,9,1000,250
2,"sigma_sq",1.00177357818154,1526.86520460155,2331.27389590148,TRUE,"spatial",10000,5001,10,2000,9,1000,250
2,"eff_range",1.0033074134959,1572.63727607172,1498.61800331974,TRUE,"spatial",10000,5001,10,2000,9,1000,250
2,"lp",1.00599618762298,1149.86965702057,1308.03241070304,TRUE,"spatial",10000,5001,10,2000,9,1000,250
3,"tau_B_sq",1.00249431699732,1427.46203267297,2288.73318881321,TRUE,"spatial",10000,5001,10,2000,9,1000,250
3,"sigma_sq",1.00291418257054,1811.99708890137,2033.02707335975,TRUE,"spatial",10000,5001,10,2000,9,1000,250
3,"eff_range",1.00404933432913,1204.97191864955,1700.6968073727,TRUE,"spatial",10000,5001,10,2000,9,1000,250
3,"lp",1.00143761977267,1191.14919295813,1510.17086302113,TRUE,"spatial",10000,5001,10,2000,9,1000,250
4,"tau_B_sq",1.00738138577565,899.55666085154,776.448846141646,TRUE,"spatial",10000,5001,10,2000,9,1000,250
4,"sigma_sq",1.00200523524723,1252.70414754683,1447.75259181371,TRUE,"spatial",10000,5001,10,2000,9,1000,250
4,"eff_range",1.00451422842092,1057.90295266817,946.02997992449,TRUE,"spatial",10000,5001,10,2000,9,1000,250
4,"lp",1.0041982401103,800.372080812334,684.722813801224,TRUE,"spatial",10000,5001,10,2000,9,1000,250
5,"tau_B_sq",1.00193043477987,1537.56188792374,1733.32728952252,TRUE,"spatial",10000,5001,10,2000,9,1000,250
5,"sigma_sq",1.00301746898227,1696.06718650894,1896.38377558683,TRUE,"spatial",10000,5001,10,2000,9,1000,250
5,"eff_range",1.00246172358084,1237.96988357399,1143.90081526408,TRUE,"spatial",10000,5001,10,2000,9,1000,250
5,"lp",1.00393823589431,1050.34775956666,1077.22295076945,TRUE,"spatial",10000,5001,10,2000,9,1000,250
1,"tau_B_sq",1.00091929572966,3892.56237219685,4314.08479580527,TRUE,"nonspatial",10000,5001,10,2000,9,1000,250
1,"lp",1.00108295499149,3005.09454152172,2508.22141471255,TRUE,"nonspatial",10000,5001,10,2000,9,1000,250
2,"tau_B_sq",1.0007367646561,3632.27384174502,3822.67605911652,TRUE,"nonspatial",10000,5001,10,2000,9,1000,250
2,"lp",1.00137680850398,3175.83171234423,3004.26822142163,TRUE,"nonspatial",10000,5001,10,2000,9,1000,250
3,"tau_B_sq",1.00080535603986,3814.79481238185,3738.64877351654,TRUE,"nonspatial",10000,5001,10,2000,9,1000,250
3,"lp",1.00093860740053,2853.40960106068,2870.51983033614,TRUE,"nonspatial",10000,5001,10,2000,9,1000,250
4,"tau_B_sq",1.00183829095252,3781.91005869714,3510.55031701091,TRUE,"nonspatial",10000,5001,10,2000,9,1000,250
4,"lp",1.00166142020859,2946.8586204591,3117.26791968453,TRUE,"nonspatial",10000,5001,10,2000,9,1000,250
5,"tau_B_sq",1.00268272545468,3972.51398731243,3939.94585514539,TRUE,"nonspatial",10000,5001,10,2000,9,1000,250
5,"lp",1.00327113974421,2544.54573091036,2904.18187189666,TRUE,"nonspatial",10000,5001,10,2000,9,1000,250
1,"tau_B_sq",1.00725123557706,1014.94993450803,684.795597456613,TRUE,"spatial",10000,5001,10,2000,10,1000,250
1,"sigma_sq",1.00388121095384,1171.28608563754,928.162572037538,TRUE,"spatial",10000,5001,10,2000,10,1000,250
1,"eff_range",1.00283804594252,1216.13165014307,894.886609693805,TRUE,"spatial",10000,5001,10,2000,10,1000,250
1,"lp",1.00598391863905,967.551635289879,713.631289314656,TRUE,"spatial",10000,5001,10,2000,10,1000,250
2,"tau_B_sq",1.00262669467379,1262.48510533413,1022.55037423524,TRUE,"spatial",10000,5001,10,2000,10,1000,250
2,"sigma_sq",1.00352176654894,1338.80834940236,1085.62761037821,TRUE,"spatial",10000,5001,10,2000,10,1000,250
2,"eff_range",1.00298798337204,1292.37025115637,973.066811341871,TRUE,"spatial",10000,5001,10,2000,10,1000,250
2,"lp",1.00622438180789,914.874690672833,804.595206927261,TRUE,"spatial",10000,5001,10,2000,10,1000,250
3,"tau_B_sq",1.00321783469276,1183.53570382908,1461.42342253001,TRUE,"spatial",10000,5001,10,2000,10,1000,250
3,"sigma_sq",1.00564725118722,1364.56243729805,1254.30132406734,TRUE,"spatial",10000,5001,10,2000,10,1000,250
3,"eff_range",1.0046092878598,1252.26185531833,1540.29628546501,TRUE,"spatial",10000,5001,10,2000,10,1000,250
3,"lp",1.00224490490697,1087.19790690513,1235.38259185355,TRUE,"spatial",10000,5001,10,2000,10,1000,250
4,"tau_B_sq",1.00156064839953,1561.62245411682,1592.519286498,TRUE,"spatial",10000,5001,10,2000,10,1000,250
4,"sigma_sq",1.00446407156034,1863.10377255656,2520.86502537347,TRUE,"spatial",10000,5001,10,2000,10,1000,250
4,"eff_range",1.00201548672001,1435.94649132733,1345.88751491411,TRUE,"spatial",10000,5001,10,2000,10,1000,250
4,"lp",1.00268345310268,1145.22499259587,1379.45687703707,TRUE,"spatial",10000,5001,10,2000,10,1000,250
5,"tau_B_sq",1.00351857616524,1494.94464947179,1948.32344283916,TRUE,"spatial",10000,5001,10,2000,10,1000,250
5,"sigma_sq",1.00249426004534,1860.93925311098,2322.41980318849,TRUE,"spatial",10000,5001,10,2000,10,1000,250
5,"eff_range",1.00161081020965,1687.55685564426,1972.74621223019,TRUE,"spatial",10000,5001,10,2000,10,1000,250
5,"lp",1.00218382256664,1274.21390959419,1177.55438719383,TRUE,"spatial",10000,5001,10,2000,10,1000,250
1,"tau_B_sq",1.00077594750909,3864.88497785767,4078.90455866785,TRUE,"nonspatial",10000,5001,10,2000,10,1000,250
1,"lp",1.00072821898131,2433.50981792317,3113.35796372421,TRUE,"nonspatial",10000,5001,10,2000,10,1000,250
2,"tau_B_sq",1.0016342863483,3531.9950036014,4009.02702497608,TRUE,"nonspatial",10000,5001,10,2000,10,1000,250
2,"lp",1.0018636494057,3118.11063520734,3527.90937337395,TRUE,"nonspatial",10000,5001,10,2000,10,1000,250
3,"tau_B_sq",1.00173796472157,3543.02293807592,4035.36516484138,TRUE,"nonspatial",10000,5001,10,2000,10,1000,250
3,"lp",1.00171646001608,2717.13250362519,3259.39300113308,TRUE,"nonspatial",10000,5001,10,2000,10,1000,250
4,"tau_B_sq",1.00181637360729,3679.25193187577,3866.65613605079,TRUE,"nonspatial",10000,5001,10,2000,10,1000,250
4,"lp",1.00181729507223,2775.639725806,2510.12457816488,TRUE,"nonspatial",10000,5001,10,2000,10,1000,250
5,"tau_B_sq",1.00135027504899,3686.23166891486,4269.07156137358,TRUE,"nonspatial",10000,5001,10,2000,10,1000,250
5,"lp",1.00124196920441,2706.54454449996,2546.3517037032,TRUE,"nonspatial",10000,5001,10,2000,10,1000,250
1,"tau_B_sq",1.00270604750205,1736.80288198725,1886.30889419778,TRUE,"spatial",10000,5001,10,2000,1,0,1000
1,"sigma_sq",1.00307918746545,1743.03293973398,2085.01228029607,TRUE,"spatial",10000,5001,10,2000,1,0,1000
1,"eff_range",1.00119447417335,1648.95519621377,2038.90463124511,TRUE,"spatial",10000,5001,10,2000,1,0,1000
1,"lp",1.00354253878317,1059.43494969591,1002.30835528439,TRUE,"spatial",10000,5001,10,2000,1,0,1000
2,"tau_B_sq",1.00153855039753,1576.49668460624,1699.94709965243,TRUE,"spatial",10000,5001,10,2000,1,0,1000
2,"sigma_sq",1.00264460877458,1616.56075832125,2582.07692942913,TRUE,"spatial",10000,5001,10,2000,1,0,1000
2,"eff_range",1.00288795594442,1667.42325239463,1791.52118743503,TRUE,"spatial",10000,5001,10,2000,1,0,1000
2,"lp",1.00203638144573,1255.20280378385,1780.75191401405,TRUE,"spatial",10000,5001,10,2000,1,0,1000
3,"tau_B_sq",1.00141721325596,1717.50264656151,2074.74109383224,TRUE,"spatial",10000,5001,10,2000,1,0,1000
3,"sigma_sq",1.00196242244392,1698.72891342469,2272.22252342631,TRUE,"spatial",10000,5001,10,2000,1,0,1000
3,"eff_range",1.00387847432539,1609.14292751405,1644.05767475498,TRUE,"spatial",10000,5001,10,2000,1,0,1000
3,"lp",1.00290778638086,1348.20393888988,1617.50966515231,TRUE,"spatial",10000,5001,10,2000,1,0,1000
4,"tau_B_sq",1.00232504904834,1798.90618166875,2279.44593588135,TRUE,"spatial",10000,5001,10,2000,1,0,1000
4,"sigma_sq",1.00287993275655,1789.03305817789,2412.59924051668,TRUE,"spatial",10000,5001,10,2000,1,0,1000
4,"eff_range",1.00118477712016,1711.81243170166,1977.58240597214,TRUE,"spatial",10000,5001,10,2000,1,0,1000
4,"lp",1.00390334924802,1331.11636482295,1435.43205864851,TRUE,"spatial",10000,5001,10,2000,1,0,1000
5,"tau_B_sq",1.00214468921177,2077.49112952641,2563.16870819678,TRUE,"spatial",10000,5001,10,2000,1,0,1000
5,"sigma_sq",1.00229288435315,1746.73049065061,2603.89154316473,TRUE,"spatial",10000,5001,10,2000,1,0,1000
5,"eff_range",1.00360637384795,1566.70354842368,2078.37129213582,TRUE,"spatial",10000,5001,10,2000,1,0,1000
5,"lp",1.00213649930156,1489.33224287075,1957.75736810432,TRUE,"spatial",10000,5001,10,2000,1,0,1000
1,"tau_B_sq",1.00098256208738,4082.7345704211,3999.90090748448,TRUE,"nonspatial",10000,5001,10,2000,1,0,1000
1,"lp",1.00102227882844,2787.75020108493,2465.83967892553,TRUE,"nonspatial",10000,5001,10,2000,1,0,1000
2,"tau_B_sq",1.00137932126605,3453.26144772881,3422.95149740858,TRUE,"nonspatial",10000,5001,10,2000,1,0,1000
2,"lp",1.00096932003214,3015.7158733177,2671.56144449874,TRUE,"nonspatial",10000,5001,10,2000,1,0,1000
3,"tau_B_sq",1.00093852299239,3899.19289985339,3390.96072777166,TRUE,"nonspatial",10000,5001,10,2000,1,0,1000
3,"lp",1.00068480743191,2833.85003965113,3144.1792646482,TRUE,"nonspatial",10000,5001,10,2000,1,0,1000
4,"tau_B_sq",1.00150065798361,4035.03258215581,4198.33029090866,TRUE,"nonspatial",10000,5001,10,2000,1,0,1000
4,"lp",1.00150005277965,3185.72294106301,3220.973059641,TRUE,"nonspatial",10000,5001,10,2000,1,0,1000
5,"tau_B_sq",1.00113809601018,4016.09510420607,3978.36838921481,TRUE,"nonspatial",10000,5001,10,2000,1,0,1000
5,"lp",1.00114748008725,2887.29018577276,2342.89889479939,TRUE,"nonspatial",10000,5001,10,2000,1,0,1000
1,"tau_B_sq",1.00093442111589,1731.1509422313,2539.71195035479,TRUE,"spatial",10000,5001,10,2000,2,0,1000
1,"sigma_sq",1.00239224243613,1825.56653568499,2632.87368738186,TRUE,"spatial",10000,5001,10,2000,2,0,1000
1,"eff_range",1.00340414815231,1187.89952027506,1801.73997449353,TRUE,"spatial",10000,5001,10,2000,2,0,1000
1,"lp",1.00130252051,1338.00984819667,1696.86071790866,TRUE,"spatial",10000,5001,10,2000,2,0,1000
2,"tau_B_sq",1.0024638167538,1584.43184163322,2173.25000435916,TRUE,"spatial",10000,5001,10,2000,2,0,1000
2,"sigma_sq",1.00396857204832,1587.96138047052,2141.95529970536,TRUE,"spatial",10000,5001,10,2000,2,0,1000
2,"eff_range",1.00274070978694,1515.72849675549,2032.09427782987,TRUE,"spatial",10000,5001,10,2000,2,0,1000
2,"lp",1.00658724787033,1391.47917887492,1608.47874552633,TRUE,"spatial",10000,5001,10,2000,2,0,1000
3,"tau_B_sq",1.00211584460487,1840.85925120462,2454.80746391363,TRUE,"spatial",10000,5001,10,2000,2,0,1000
3,"sigma_sq",1.00417371885808,1913.5822139709,2925.33317765035,TRUE,"spatial",10000,5001,10,2000,2,0,1000
3,"eff_range",1.00190869830327,1744.10684448177,2298.23290152821,TRUE,"spatial",10000,5001,10,2000,2,0,1000
3,"lp",1.0030805498732,1490.02253536423,1421.54714047825,TRUE,"spatial",10000,5001,10,2000,2,0,1000
4,"tau_B_sq",1.00329366764398,1700.93372679557,2280.84355623597,TRUE,"spatial",10000,5001,10,2000,2,0,1000
4,"sigma_sq",1.00217271421097,1803.2286505414,2227.95524590253,TRUE,"spatial",10000,5001,10,2000,2,0,1000
4,"eff_range",1.00171488001454,1775.29352686009,2055.48281619374,TRUE,"spatial",10000,5001,10,2000,2,0,1000
4,"lp",1.00228021052585,1335.45729617618,1378.88872967977,TRUE,"spatial",10000,5001,10,2000,2,0,1000
5,"tau_B_sq",1.00202590145573,1804.1668139797,2586.62417748933,TRUE,"spatial",10000,5001,10,2000,2,0,1000
5,"sigma_sq",1.00147819967493,1818.96096031481,2329.10808013535,TRUE,"spatial",10000,5001,10,2000,2,0,1000
5,"eff_range",1.00498884691429,1507.69757188172,1365.99329767456,TRUE,"spatial",10000,5001,10,2000,2,0,1000
5,"lp",1.00141240484837,1416.47706804891,1373.89814146385,TRUE,"spatial",10000,5001,10,2000,2,0,1000
1,"tau_B_sq",1.00077276802052,4067.06473971403,4272.0627749264,TRUE,"nonspatial",10000,5001,10,2000,2,0,1000
1,"lp",1.00016863507856,3125.88573858985,3135.16779052972,TRUE,"nonspatial",10000,5001,10,2000,2,0,1000
2,"tau_B_sq",1.00151111912198,4052.73243239654,3630.36813991241,TRUE,"nonspatial",10000,5001,10,2000,2,0,1000
2,"lp",1.00078397807783,2719.66359750157,2915.93406330304,TRUE,"nonspatial",10000,5001,10,2000,2,0,1000
3,"tau_B_sq",1.00223032470799,3643.55481423798,3660.10576143972,TRUE,"nonspatial",10000,5001,10,2000,2,0,1000
3,"lp",1.00182812095264,3060.65711421861,3217.95872520953,TRUE,"nonspatial",10000,5001,10,2000,2,0,1000
4,"tau_B_sq",1.00088586118113,4053.07513250485,3925.35725348582,TRUE,"nonspatial",10000,5001,10,2000,2,0,1000
4,"lp",1.00134417276069,3230.85024083962,3337.4380151467,TRUE,"nonspatial",10000,5001,10,2000,2,0,1000
5,"tau_B_sq",1.00232019630914,3982.38821775884,3660.87810556431,TRUE,"nonspatial",10000,5001,10,2000,2,0,1000
5,"lp",1.00209405731408,2922.1506263078,3126.46785434602,TRUE,"nonspatial",10000,5001,10,2000,2,0,1000
1,"tau_B_sq",1.00326853918827,1727.53769320796,2210.36233242576,TRUE,"spatial",10000,5001,10,2000,3,0,1000
1,"sigma_sq",1.00101126646225,1748.44681717887,2170.89552793979,TRUE,"spatial",10000,5001,10,2000,3,0,1000
1,"eff_range",1.00169905434057,1515.53215751799,2084.62970597983,TRUE,"spatial",10000,5001,10,2000,3,0,1000
1,"lp",1.00212034428161,1523.11167864253,1788.20072204518,TRUE,"spatial",10000,5001,10,2000,3,0,1000
2,"tau_B_sq",1.00308393825888,1790.71341047222,2185.49905921162,TRUE,"spatial",10000,5001,10,2000,3,0,1000
2,"sigma_sq",1.00179285835207,1745.79172172592,2388.305889093,TRUE,"spatial",10000,5001,10,2000,3,0,1000
2,"eff_range",1.00518829381975,1393.4669281063,1647.55068605085,TRUE,"spatial",10000,5001,10,2000,3,0,1000
2,"lp",1.00270695828988,1152.51397323545,1568.10925642856,TRUE,"spatial",10000,5001,10,2000,3,0,1000
3,"tau_B_sq",1.00105968536725,1757.15121919801,2432.32504670922,TRUE,"spatial",10000,5001,10,2000,3,0,1000
3,"sigma_sq",1.00360919761329,1620.42907284328,2413.14210150542,TRUE,"spatial",10000,5001,10,2000,3,0,1000
3,"eff_range",1.00457165645099,1571.08834601389,2037.98849979036,TRUE,"spatial",10000,5001,10,2000,3,0,1000
3,"lp",1.00067478954186,1353.39182044144,1340.45988590878,TRUE,"spatial",10000,5001,10,2000,3,0,1000
4,"tau_B_sq",1.00169678794514,1631.91346143896,2236.76407708664,TRUE,"spatial",10000,5001,10,2000,3,0,1000
4,"sigma_sq",1.00046943406205,1757.13863299497,2545.5662445501,TRUE,"spatial",10000,5001,10,2000,3,0,1000
4,"eff_range",1.00230664722926,1697.03248706464,1763.83421002094,TRUE,"spatial",10000,5001,10,2000,3,0,1000
4,"lp",1.00158055276223,1336.19791271279,1507.28919306183,TRUE,"spatial",10000,5001,10,2000,3,0,1000
5,"tau_B_sq",1.00163556289219,1585.31769001421,1692.0150305616,TRUE,"spatial",10000,5001,10,2000,3,0,1000
5,"sigma_sq",1.00113116199037,1667.51618381512,2397.60959760764,TRUE,"spatial",10000,5001,10,2000,3,0,1000
5,"eff_range",1.00128956025004,1698.46166325184,2150.84269012561,TRUE,"spatial",10000,5001,10,2000,3,0,1000
5,"lp",1.00196183368405,1344.3358263127,1386.0172753713,TRUE,"spatial",10000,5001,10,2000,3,0,1000
1,"tau_B_sq",1.00077854254942,3945.27154179681,3919.96510996963,TRUE,"nonspatial",10000,5001,10,2000,3,0,1000
1,"lp",1.00117503663565,3087.78064997223,2884.12336650027,TRUE,"nonspatial",10000,5001,10,2000,3,0,1000
2,"tau_B_sq",1.00106103032218,3700.25992770149,4059.94045667606,TRUE,"nonspatial",10000,5001,10,2000,3,0,1000
2,"lp",1.00098624505276,2876.97068432811,2706.95621692718,TRUE,"nonspatial",10000,5001,10,2000,3,0,1000
3,"tau_B_sq",1.00118632077822,3850.23855655023,4156.84364299736,TRUE,"nonspatial",10000,5001,10,2000,3,0,1000
3,"lp",1.00103150297341,3048.10432591308,2957.50319007982,TRUE,"nonspatial",10000,5001,10,2000,3,0,1000
4,"tau_B_sq",1.00209754208936,3738.86229477931,3912.64258447825,TRUE,"nonspatial",10000,5001,10,2000,3,0,1000
4,"lp",1.001028123158,2802.16723749159,2946.06722924569,TRUE,"nonspatial",10000,5001,10,2000,3,0,1000
5,"tau_B_sq",1.00231208459461,4129.83420641252,4204.51855098374,TRUE,"nonspatial",10000,5001,10,2000,3,0,1000
5,"lp",1.00133302987266,2919.66070068225,3252.15455998332,TRUE,"nonspatial",10000,5001,10,2000,3,0,1000
1,"tau_B_sq",1.00264033797783,1698.09173840049,2253.13622983685,TRUE,"spatial",10000,5001,10,2000,4,0,1000
1,"sigma_sq",1.00169039421203,1934.59820616367,2475.52195571012,TRUE,"spatial",10000,5001,10,2000,4,0,1000
1,"eff_range",1.00095351631036,1647.50117944723,2198.2421764604,TRUE,"spatial",10000,5001,10,2000,4,0,1000
1,"lp",1.0032342324518,1366.29695294571,1702.08246635111,TRUE,"spatial",10000,5001,10,2000,4,0,1000
2,"tau_B_sq",1.00227373996276,1933.02889334251,2238.71339421292,TRUE,"spatial",10000,5001,10,2000,4,0,1000
2,"sigma_sq",1.00275835913953,1737.28567230184,2807.00528625443,TRUE,"spatial",10000,5001,10,2000,4,0,1000
2,"eff_range",1.00153760581666,1668.49721228085,1764.26311906067,TRUE,"spatial",10000,5001,10,2000,4,0,1000
2,"lp",1.00167331084692,1364.00621947893,1393.92820377441,TRUE,"spatial",10000,5001,10,2000,4,0,1000
3,"tau_B_sq",1.00171084502225,1846.20955570415,2023.15599843915,TRUE,"spatial",10000,5001,10,2000,4,0,1000
3,"sigma_sq",1.00374062793884,1719.66000990607,2423.63722152735,TRUE,"spatial",10000,5001,10,2000,4,0,1000
3,"eff_range",1.00262559514569,1436.87076854394,1767.86292967209,TRUE,"spatial",10000,5001,10,2000,4,0,1000
3,"lp",1.00300113255813,1306.20591630852,1556.28985349899,TRUE,"spatial",10000,5001,10,2000,4,0,1000
4,"tau_B_sq",1.00150748355864,1583.0059624424,2413.14250503015,TRUE,"spatial",10000,5001,10,2000,4,0,1000
4,"sigma_sq",1.00274425823294,1771.98141434723,2314.9741120072,TRUE,"spatial",10000,5001,10,2000,4,0,1000
4,"eff_range",1.00232095797715,1393.03561146921,1495.93895327484,TRUE,"spatial",10000,5001,10,2000,4,0,1000
4,"lp",1.00431607135355,1278.48566511846,1507.97896341639,TRUE,"spatial",10000,5001,10,2000,4,0,1000
5,"tau_B_sq",1.00306556833795,1753.84447289811,2370.65572051122,TRUE,"spatial",10000,5001,10,2000,4,0,1000
5,"sigma_sq",1.00353321223725,1614.80038396661,2427.28392225062,TRUE,"spatial",10000,5001,10,2000,4,0,1000
5,"eff_range",1.00385151857247,1624.17372956922,1878.11902713062,TRUE,"spatial",10000,5001,10,2000,4,0,1000
5,"lp",1.00527105447333,1470.79440112032,1635.92160439571,TRUE,"spatial",10000,5001,10,2000,4,0,1000
1,"tau_B_sq",1.00134344581713,4029.29966568283,4116.35887435965,TRUE,"nonspatial",10000,5001,10,2000,4,0,1000
1,"lp",1.00054175034372,2749.80229606505,3142.9614865072,TRUE,"nonspatial",10000,5001,10,2000,4,0,1000
2,"tau_B_sq",1.00095077844827,4087.18762135647,3915.5746004276,TRUE,"nonspatial",10000,5001,10,2000,4,0,1000
2,"lp",1.00121774071904,2870.96858750358,2546.47981095942,TRUE,"nonspatial",10000,5001,10,2000,4,0,1000
3,"tau_B_sq",1.00261918145943,3830.97047834355,3788.34633150432,TRUE,"nonspatial",10000,5001,10,2000,4,0,1000
3,"lp",1.00172096531928,2503.29086848059,2838.17110773558,TRUE,"nonspatial",10000,5001,10,2000,4,0,1000
4,"tau_B_sq",1.00104753998992,3821.91476131251,4163.8664790199,TRUE,"nonspatial",10000,5001,10,2000,4,0,1000
4,"lp",1.00138353482769,2698.87782262435,2365.56543392588,TRUE,"nonspatial",10000,5001,10,2000,4,0,1000
5,"tau_B_sq",1.0012319021687,3824.66030864276,4337.94014079877,TRUE,"nonspatial",10000,5001,10,2000,4,0,1000
5,"lp",1.00082640518054,2755.57484513256,2703.81250588006,TRUE,"nonspatial",10000,5001,10,2000,4,0,1000
1,"tau_B_sq",1.00277820313529,1867.05290678302,2109.8736820701,TRUE,"spatial",10000,5001,10,2000,5,0,1000
1,"sigma_sq",1.00207197195609,1830.32344608109,1993.09758231733,TRUE,"spatial",10000,5001,10,2000,5,0,1000
1,"eff_range",1.00246790621418,1674.24713178814,2003.85134986552,TRUE,"spatial",10000,5001,10,2000,5,0,1000
1,"lp",1.0046477691868,1382.5888017273,1736.59350320077,TRUE,"spatial",10000,5001,10,2000,5,0,1000
2,"tau_B_sq",1.00323092167406,1863.68877072688,2358.72977295181,TRUE,"spatial",10000,5001,10,2000,5,0,1000
2,"sigma_sq",1.00169528724254,1746.15277912616,2311.68105124245,TRUE,"spatial",10000,5001,10,2000,5,0,1000
2,"eff_range",1.0031495740476,1655.69933864321,1773.92071360269,TRUE,"spatial",10000,5001,10,2000,5,0,1000
2,"lp",1.00821214199757,1297.68172033154,1671.24453633767,TRUE,"spatial",10000,5001,10,2000,5,0,1000
3,"tau_B_sq",1.0029491792341,1564.56885124346,2419.89424899091,TRUE,"spatial",10000,5001,10,2000,5,0,1000
3,"sigma_sq",1.00144628749489,1781.47057505677,2480.07444232335,TRUE,"spatial",10000,5001,10,2000,5,0,1000
3,"eff_range",1.00072941856496,1733.52710441474,2101.84758190889,TRUE,"spatial",10000,5001,10,2000,5,0,1000
3,"lp",1.00269512110378,1375.48473719698,1510.69548447826,TRUE,"spatial",10000,5001,10,2000,5,0,1000
4,"tau_B_sq",1.00190845863722,1514.8542470358,2088.06129122841,TRUE,"spatial",10000,5001,10,2000,5,0,1000
4,"sigma_sq",1.00235904008334,1922.8049169751,2581.71488770041,TRUE,"spatial",10000,5001,10,2000,5,0,1000
4,"eff_range",1.00365659016922,1521.91853383378,1947.35871823067,TRUE,"spatial",10000,5001,10,2000,5,0,1000
4,"lp",1.00165656307985,1122.93214142963,1639.35349743522,TRUE,"spatial",10000,5001,10,2000,5,0,1000
5,"tau_B_sq",1.00339642848348,1610.76554713492,1874.96841560236,TRUE,"spatial",10000,5001,10,2000,5,0,1000
5,"sigma_sq",1.00342072067761,1857.09018054071,2471.78793185479,TRUE,"spatial",10000,5001,10,2000,5,0,1000
5,"eff_range",1.00404361624842,1740.25887386514,2171.61217675349,TRUE,"spatial",10000,5001,10,2000,5,0,1000
5,"lp",1.00449017511321,1161.51938556884,1309.82589365296,TRUE,"spatial",10000,5001,10,2000,5,0,1000
1,"tau_B_sq",1.00109686439672,4008.39120004878,3962.17447941065,TRUE,"nonspatial",10000,5001,10,2000,5,0,1000
1,"lp",1.0011528092646,2815.79566722469,2910.41696108825,TRUE,"nonspatial",10000,5001,10,2000,5,0,1000
2,"tau_B_sq",1.00115230340001,3548.99244568706,3467.8140220095,TRUE,"nonspatial",10000,5001,10,2000,5,0,1000
2,"lp",1.0015830099049,2773.97463084765,2636.48393961359,TRUE,"nonspatial",10000,5001,10,2000,5,0,1000
3,"tau_B_sq",1.00117933449228,3913.40052696247,3953.98706948257,TRUE,"nonspatial",10000,5001,10,2000,5,0,1000
3,"lp",1.00143393728488,2859.78332786131,2704.08819169482,TRUE,"nonspatial",10000,5001,10,2000,5,0,1000
4,"tau_B_sq",1.00233833592398,3650.44370775637,4111.23491731638,TRUE,"nonspatial",10000,5001,10,2000,5,0,1000
4,"lp",1.00171926689859,2905.7584766418,2541.38173564991,TRUE,"nonspatial",10000,5001,10,2000,5,0,1000
5,"tau_B_sq",1.00132441763315,3938.56001338815,4242.63264318437,TRUE,"nonspatial",10000,5001,10,2000,5,0,1000
5,"lp",1.0011469545993,2722.03654072588,2702.009849124,TRUE,"nonspatial",10000,5001,10,2000,5,0,1000
1,"tau_B_sq",1.00171549332618,1877.0815144824,2465.10982921764,TRUE,"spatial",10000,5001,10,2000,6,0,1000
1,"sigma_sq",1.00169690623144,1823.03373593926,2479.12651230395,TRUE,"spatial",10000,5001,10,2000,6,0,1000
1,"eff_range",1.0021114703496,1767.71178659366,2011.55657421242,TRUE,"spatial",10000,5001,10,2000,6,0,1000
1,"lp",1.00163695843484,1511.85777331391,2090.52258901867,TRUE,"spatial",10000,5001,10,2000,6,0,1000
2,"tau_B_sq",1.00307932427729,1596.53205392139,2364.61322180404,TRUE,"spatial",10000,5001,10,2000,6,0,1000
2,"sigma_sq",1.0019573188775,1878.97184209429,2786.52313851494,TRUE,"spatial",10000,5001,10,2000,6,0,1000
2,"eff_range",1.00181349661179,1825.6262577587,2077.17818531062,TRUE,"spatial",10000,5001,10,2000,6,0,1000
2,"lp",1.0015035983389,1645.57528600169,1650.07466257776,TRUE,"spatial",10000,5001,10,2000,6,0,1000
3,"tau_B_sq",1.00177657871929,1711.57627741473,2300.25410133927,TRUE,"spatial",10000,5001,10,2000,6,0,1000
3,"sigma_sq",1.00271608668008,1887.29036325887,2774.80882229683,TRUE,"spatial",10000,5001,10,2000,6,0,1000
3,"eff_range",1.00369381344838,1795.4278381017,2507.49721753775,TRUE,"spatial",10000,5001,10,2000,6,0,1000
3,"lp",1.00271961139724,1525.99263945851,1500.44633347973,TRUE,"spatial",10000,5001,10,2000,6,0,1000
4,"tau_B_sq",1.00158894993003,1791.45193740547,2683.56627420059,TRUE,"spatial",10000,5001,10,2000,6,0,1000
4,"sigma_sq",1.00188950713079,1786.1256522412,2692.14600274743,TRUE,"spatial",10000,5001,10,2000,6,0,1000
4,"eff_range",1.00139641779608,1467.65368746813,1830.75736535064,TRUE,"spatial",10000,5001,10,2000,6,0,1000
4,"lp",1.0024407089186,1435.93551404613,1732.35624176776,TRUE,"spatial",10000,5001,10,2000,6,0,1000
5,"tau_B_sq",1.00141424361785,1681.91607360725,2568.45796852352,TRUE,"spatial",10000,5001,10,2000,6,0,1000
5,"sigma_sq",1.00150490411232,1586.22880572731,2571.5270521496,TRUE,"spatial",10000,5001,10,2000,6,0,1000
5,"eff_range",1.00232360426922,1565.00223254893,1892.14529300609,TRUE,"spatial",10000,5001,10,2000,6,0,1000
5,"lp",1.00101327646406,1393.76793615987,1749.76987618675,TRUE,"spatial",10000,5001,10,2000,6,0,1000
1,"tau_B_sq",1.00073627953429,3671.96365237548,3688.83497583415,TRUE,"nonspatial",10000,5001,10,2000,6,0,1000
1,"lp",1.00117762040923,2978.12491002913,2930.94667130034,TRUE,"nonspatial",10000,5001,10,2000,6,0,1000
2,"tau_B_sq",1.00153457438768,3732.39335811298,4050.21588638252,TRUE,"nonspatial",10000,5001,10,2000,6,0,1000
2,"lp",1.00120966552692,2800.37889471774,2457.99303581379,TRUE,"nonspatial",10000,5001,10,2000,6,0,1000
3,"tau_B_sq",1.00122926147503,3969.88204595254,3668.27459138596,TRUE,"nonspatial",10000,5001,10,2000,6,0,1000
3,"lp",1.00268055241963,2715.14154441656,2733.28202051822,TRUE,"nonspatial",10000,5001,10,2000,6,0,1000
4,"tau_B_sq",1.00117004849228,3649.44816759782,3607.57347698617,TRUE,"nonspatial",10000,5001,10,2000,6,0,1000
4,"lp",1.00198445156319,2968.37926175133,3261.9937683473,TRUE,"nonspatial",10000,5001,10,2000,6,0,1000
5,"tau_B_sq",1.00165564238625,3969.76585971554,3928.56314458743,TRUE,"nonspatial",10000,5001,10,2000,6,0,1000
5,"lp",1.00191089998955,2761.57239858061,2948.03082969325,TRUE,"nonspatial",10000,5001,10,2000,6,0,1000
1,"tau_B_sq",1.00139236913156,1684.01239853016,2202.4447445832,TRUE,"spatial",10000,5001,10,2000,7,0,1000
1,"sigma_sq",1.00198800285725,1682.57645956424,1856.40893265711,TRUE,"spatial",10000,5001,10,2000,7,0,1000
1,"eff_range",1.00160250583285,1754.42681704087,2236.10435785053,TRUE,"spatial",10000,5001,10,2000,7,0,1000
1,"lp",1.00161414835555,1416.10813388279,1554.14053803382,TRUE,"spatial",10000,5001,10,2000,7,0,1000
2,"tau_B_sq",1.0013290285654,1429.69932823608,2378.730924063,TRUE,"spatial",10000,5001,10,2000,7,0,1000
2,"sigma_sq",1.00081144660347,1973.07872451446,2627.08483924604,TRUE,"spatial",10000,5001,10,2000,7,0,1000
2,"eff_range",1.00092023854193,1747.75127455546,2386.28043204271,TRUE,"spatial",10000,5001,10,2000,7,0,1000
2,"lp",1.00278206515529,1508.7563367131,1476.35520452424,TRUE,"spatial",10000,5001,10,2000,7,0,1000
3,"tau_B_sq",1.00236961303523,1562.17279470126,2402.46266790663,TRUE,"spatial",10000,5001,10,2000,7,0,1000
3,"sigma_sq",1.00230068077582,1624.57644946919,2250.41023666021,TRUE,"spatial",10000,5001,10,2000,7,0,1000
3,"eff_range",1.00122922184846,1603.25376462536,1651.66943008265,TRUE,"spatial",10000,5001,10,2000,7,0,1000
3,"lp",1.00282204841783,1274.10981503567,1528.22221310405,TRUE,"spatial",10000,5001,10,2000,7,0,1000
4,"tau_B_sq",1.00303824736323,1635.14057898386,2283.54330008393,TRUE,"spatial",10000,5001,10,2000,7,0,1000
4,"sigma_sq",1.00424825370532,1689.00759259083,2442.8205830077,TRUE,"spatial",10000,5001,10,2000,7,0,1000
4,"eff_range",1.00331762654583,1501.98022154152,1941.88847017724,TRUE,"spatial",10000,5001,10,2000,7,0,1000
4,"lp",1.004421471873,1421.76184785731,1516.37387817784,TRUE,"spatial",10000,5001,10,2000,7,0,1000
5,"tau_B_sq",1.00185077381508,1565.43829747991,2221.74003407183,TRUE,"spatial",10000,5001,10,2000,7,0,1000
5,"sigma_sq",1.00160619402332,1644.12552161918,2228.83194948083,TRUE,"spatial",10000,5001,10,2000,7,0,1000
5,"eff_range",1.00514719849287,1603.31330811175,1943.48319729851,TRUE,"spatial",10000,5001,10,2000,7,0,1000
5,"lp",1.00240160581992,1409.16585613288,1697.66768699581,TRUE,"spatial",10000,5001,10,2000,7,0,1000
1,"tau_B_sq",1.00101964340388,3894.01934072365,4354.83732524944,TRUE,"nonspatial",10000,5001,10,2000,7,0,1000
1,"lp",1.00109504855089,3004.88666311313,2575.4675856396,TRUE,"nonspatial",10000,5001,10,2000,7,0,1000
2,"tau_B_sq",1.0008097937114,4015.04742332444,3931.27521279043,TRUE,"nonspatial",10000,5001,10,2000,7,0,1000
2,"lp",1.00047321893124,3018.85455676357,2905.38475626443,TRUE,"nonspatial",10000,5001,10,2000,7,0,1000
3,"tau_B_sq",1.00130550831527,3623.19342629634,3794.83964169373,TRUE,"nonspatial",10000,5001,10,2000,7,0,1000
3,"lp",1.00159569143197,2953.30337904458,3280.46905356232,TRUE,"nonspatial",10000,5001,10,2000,7,0,1000
4,"tau_B_sq",1.0009060499735,3695.0691631469,4256.19878565553,TRUE,"nonspatial",10000,5001,10,2000,7,0,1000
4,"lp",1.00129130838006,3176.6007601843,3365.30787222234,TRUE,"nonspatial",10000,5001,10,2000,7,0,1000
5,"tau_B_sq",1.00180003417034,3888.98635287489,4652.14841140535,TRUE,"nonspatial",10000,5001,10,2000,7,0,1000
5,"lp",1.00183769319339,3238.43196685425,2866.94725900295,TRUE,"nonspatial",10000,5001,10,2000,7,0,1000
1,"tau_B_sq",1.00090913737902,1933.17403697042,2516.45465488413,TRUE,"spatial",10000,5001,10,2000,8,0,1000
1,"sigma_sq",1.00089907545869,1796.70410888135,2516.51469154666,TRUE,"spatial",10000,5001,10,2000,8,0,1000
1,"eff_range",1.00325572505505,1427.82344620429,1555.31289608842,TRUE,"spatial",10000,5001,10,2000,8,0,1000
1,"lp",1.00166512694281,1260.2257935282,1516.3946396448,TRUE,"spatial",10000,5001,10,2000,8,0,1000
2,"tau_B_sq",1.00138434153525,1945.04662639316,2555.04692512441,TRUE,"spatial",10000,5001,10,2000,8,0,1000
2,"sigma_sq",1.00103641529362,1795.10124376194,2602.92119553346,TRUE,"spatial",10000,5001,10,2000,8,0,1000
2,"eff_range",1.00173222041175,1612.10675219087,1717.82901805677,TRUE,"spatial",10000,5001,10,2000,8,0,1000
2,"lp",1.00308628077042,1242.16401480208,1248.96860201991,TRUE,"spatial",10000,5001,10,2000,8,0,1000
3,"tau_B_sq",1.00341232214242,1658.44239923881,2045.91448520193,TRUE,"spatial",10000,5001,10,2000,8,0,1000
3,"sigma_sq",1.00206639401895,1846.73419070748,1901.82878661611,TRUE,"spatial",10000,5001,10,2000,8,0,1000
3,"eff_range",1.00251734810683,1729.13180888017,1978.72448714289,TRUE,"spatial",10000,5001,10,2000,8,0,1000
3,"lp",1.0052722841839,1289.88985730897,1429.88526962424,TRUE,"spatial",10000,5001,10,2000,8,0,1000
4,"tau_B_sq",1.00236578755069,1514.71372199044,2211.61913813738,TRUE,"spatial",10000,5001,10,2000,8,0,1000
4,"sigma_sq",1.0030314972651,1785.9746813317,2462.72679190141,TRUE,"spatial",10000,5001,10,2000,8,0,1000
4,"eff_range",1.00461125066494,1681.36345885557,1913.72873386647,TRUE,"spatial",10000,5001,10,2000,8,0,1000
4,"lp",1.00415881233152,1264.98047150258,1247.94072184947,TRUE,"spatial",10000,5001,10,2000,8,0,1000
5,"tau_B_sq",1.00124327322621,1664.71221901992,2509.83650415919,TRUE,"spatial",10000,5001,10,2000,8,0,1000
5,"sigma_sq",1.00226536867933,1885.76886314361,2190.94461262762,TRUE,"spatial",10000,5001,10,2000,8,0,1000
5,"eff_range",1.00197406068667,1228.56082185139,1870.38697413403,TRUE,"spatial",10000,5001,10,2000,8,0,1000
5,"lp",1.00124756983066,1260.1780570335,1356.30047226531,TRUE,"spatial",10000,5001,10,2000,8,0,1000
1,"tau_B_sq",1.00282457002069,3967.74462744981,3773.22854118,TRUE,"nonspatial",10000,5001,10,2000,8,0,1000
1,"lp",1.00278592971799,2863.66033026473,2813.16903581518,TRUE,"nonspatial",10000,5001,10,2000,8,0,1000
2,"tau_B_sq",1.00199408277333,3350.59926367896,4103.93829473367,TRUE,"nonspatial",10000,5001,10,2000,8,0,1000
2,"lp",1.00206850445876,2962.30200763806,2671.50626282278,TRUE,"nonspatial",10000,5001,10,2000,8,0,1000
3,"tau_B_sq",1.00031943248759,4162.33386239669,3942.48329339668,TRUE,"nonspatial",10000,5001,10,2000,8,0,1000
3,"lp",1.00057134958078,2794.90121019729,2730.00007628165,TRUE,"nonspatial",10000,5001,10,2000,8,0,1000
4,"tau_B_sq",1.00187817894624,3926.73669654278,4165.0625117193,TRUE,"nonspatial",10000,5001,10,2000,8,0,1000
4,"lp",1.0016639571565,3021.46138422595,3296.1587615109,TRUE,"nonspatial",10000,5001,10,2000,8,0,1000
5,"tau_B_sq",1.00092426811577,3842.80695961855,3704.73853300837,TRUE,"nonspatial",10000,5001,10,2000,8,0,1000
5,"lp",1.00089099084402,2641.18795669966,2999.53979911429,TRUE,"nonspatial",10000,5001,10,2000,8,0,1000
1,"tau_B_sq",1.00107645348466,1730.70518379875,2222.42969066615,TRUE,"spatial",10000,5001,10,2000,9,0,1000
1,"sigma_sq",1.00271484667299,1734.56978149297,2476.34640454029,TRUE,"spatial",10000,5001,10,2000,9,0,1000
1,"eff_range",1.00469810677304,1459.32048195565,1495.75310502034,TRUE,"spatial",10000,5001,10,2000,9,0,1000
1,"lp",1.00137354589517,1296.46713546906,1718.52763866194,TRUE,"spatial",10000,5001,10,2000,9,0,1000
2,"tau_B_sq",1.00138085527126,1898.8263090335,2570.07985180684,TRUE,"spatial",10000,5001,10,2000,9,0,1000
2,"sigma_sq",1.00130185304743,1840.34772033362,2618.37570594877,TRUE,"spatial",10000,5001,10,2000,9,0,1000
2,"eff_range",1.00487941620167,1603.18432916798,2267.3845612656,TRUE,"spatial",10000,5001,10,2000,9,0,1000
2,"lp",1.00188486661788,1278.66294751159,1325.68121511192,TRUE,"spatial",10000,5001,10,2000,9,0,1000
3,"tau_B_sq",1.0033637682721,1735.92127831832,2121.37356274795,TRUE,"spatial",10000,5001,10,2000,9,0,1000
3,"sigma_sq",1.00159939933332,1773.25214873625,2414.28779251666,TRUE,"spatial",10000,5001,10,2000,9,0,1000
3,"eff_range",1.00279917812089,1538.18722432729,1953.28870030308,TRUE,"spatial",10000,5001,10,2000,9,0,1000
3,"lp",1.00358631949749,1254.4171163342,1482.95977102631,TRUE,"spatial",10000,5001,10,2000,9,0,1000
4,"tau_B_sq",1.00212714081603,1668.08004870349,2150.767481191,TRUE,"spatial",10000,5001,10,2000,9,0,1000
4,"sigma_sq",1.00258004760291,1654.94247727793,2581.26557541118,TRUE,"spatial",10000,5001,10,2000,9,0,1000
4,"eff_range",1.00175865385016,1737.87666665576,2237.21744322198,TRUE,"spatial",10000,5001,10,2000,9,0,1000
4,"lp",1.00101251823495,1298.89076963353,1343.1293209154,TRUE,"spatial",10000,5001,10,2000,9,0,1000
5,"tau_B_sq",1.00041054477809,2005.75626662581,2616.56280245202,TRUE,"spatial",10000,5001,10,2000,9,0,1000
5,"sigma_sq",1.00322811161793,1712.0409124716,2215.65297153642,TRUE,"spatial",10000,5001,10,2000,9,0,1000
5,"eff_range",1.00341291152896,1725.93521468714,2468.83106681338,TRUE,"spatial",10000,5001,10,2000,9,0,1000
5,"lp",1.0035660203583,1380.87524079061,1501.61778099671,TRUE,"spatial",10000,5001,10,2000,9,0,1000
1,"tau_B_sq",1.0006912936145,3882.81827385715,4205.61097815745,TRUE,"nonspatial",10000,5001,10,2000,9,0,1000
1,"lp",1.00109357054833,3085.67817444918,2702.49265815245,TRUE,"nonspatial",10000,5001,10,2000,9,0,1000
2,"tau_B_sq",1.00080695319102,3731.34841848831,3949.92956271779,TRUE,"nonspatial",10000,5001,10,2000,9,0,1000
2,"lp",1.00112206609811,2748.84034749701,2588.25615092571,TRUE,"nonspatial",10000,5001,10,2000,9,0,1000
3,"tau_B_sq",1.00157313944429,3758.61270724004,3413.22853938335,TRUE,"nonspatial",10000,5001,10,2000,9,0,1000
3,"lp",1.00155800796129,2845.43432579297,2841.12477938793,TRUE,"nonspatial",10000,5001,10,2000,9,0,1000
4,"tau_B_sq",1.00017653053747,3918.900855412,4389.39039477546,TRUE,"nonspatial",10000,5001,10,2000,9,0,1000
4,"lp",1.00063422767015,3245.26332502476,2912.94176139366,TRUE,"nonspatial",10000,5001,10,2000,9,0,1000
5,"tau_B_sq",1.00091528850427,3814.02043738608,4248.27416517719,TRUE,"nonspatial",10000,5001,10,2000,9,0,1000
5,"lp",1.00103376839131,2989.24160796039,3086.72790571216,TRUE,"nonspatial",10000,5001,10,2000,9,0,1000
1,"tau_B_sq",1.00164412461827,1654.40028707615,2219.4949670276,TRUE,"spatial",10000,5001,10,2000,10,0,1000
1,"sigma_sq",1.00292095959781,1937.4069371874,2368.29188686589,TRUE,"spatial",10000,5001,10,2000,10,0,1000
1,"eff_range",1.00457419776628,1589.3470062764,1949.52011733274,TRUE,"spatial",10000,5001,10,2000,10,0,1000
1,"lp",1.00375864851514,1206.71055673826,1488.45018213261,TRUE,"spatial",10000,5001,10,2000,10,0,1000
2,"tau_B_sq",1.00268108245874,1744.31918862397,1815.61017436663,TRUE,"spatial",10000,5001,10,2000,10,0,1000
2,"sigma_sq",1.00315489429792,1530.8648396835,2501.60825726841,TRUE,"spatial",10000,5001,10,2000,10,0,1000
2,"eff_range",1.00095570420618,1887.9831177828,1897.78304178722,TRUE,"spatial",10000,5001,10,2000,10,0,1000
2,"lp",1.00098979459647,1379.98012043792,1592.4971087029,TRUE,"spatial",10000,5001,10,2000,10,0,1000
3,"tau_B_sq",1.00429170138367,1631.38010703441,1969.34954108248,TRUE,"spatial",10000,5001,10,2000,10,0,1000
3,"sigma_sq",1.00271377726598,1780.54321498959,2428.96643132364,TRUE,"spatial",10000,5001,10,2000,10,0,1000
3,"eff_range",1.00063950221417,1774.04232921728,1540.623265997,TRUE,"spatial",10000,5001,10,2000,10,0,1000
3,"lp",1.00100156780151,1331.3505041288,1543.96499256455,TRUE,"spatial",10000,5001,10,2000,10,0,1000
4,"tau_B_sq",1.00106445681292,1607.19181263285,2427.75242820173,TRUE,"spatial",10000,5001,10,2000,10,0,1000
4,"sigma_sq",1.00246027556234,1829.76796918882,2505.72398467841,TRUE,"spatial",10000,5001,10,2000,10,0,1000
4,"eff_range",1.00271970041616,1909.91615660583,2105.40282074802,TRUE,"spatial",10000,5001,10,2000,10,0,1000
4,"lp",1.00343202752899,1324.65604460596,1518.46628567658,TRUE,"spatial",10000,5001,10,2000,10,0,1000
5,"tau_B_sq",1.00128557964509,1765.4737600536,2361.75306316504,TRUE,"spatial",10000,5001,10,2000,10,0,1000
5,"sigma_sq",1.00251084226785,1982.80917857436,2509.27227713548,TRUE,"spatial",10000,5001,10,2000,10,0,1000
5,"eff_range",1.00148310120058,1780.6331943247,2292.0855293186,TRUE,"spatial",10000,5001,10,2000,10,0,1000
5,"lp",1.00180855281328,1439.41921246161,1748.15599835812,TRUE,"spatial",10000,5001,10,2000,10,0,1000
1,"tau_B_sq",1.00214521007627,4005.49894002208,4442.65389107311,TRUE,"nonspatial",10000,5001,10,2000,10,0,1000
1,"lp",1.00175495251012,3070.40071936866,2950.8949677071,TRUE,"nonspatial",10000,5001,10,2000,10,0,1000
2,"tau_B_sq",1.00153214663307,3754.98252994063,3786.49618392736,TRUE,"nonspatial",10000,5001,10,2000,10,0,1000
2,"lp",1.00107859945602,3078.42264565861,3550.38528464879,TRUE,"nonspatial",10000,5001,10,2000,10,0,1000
3,"tau_B_sq",1.00037559468492,3990.50819040951,3846.679829623,TRUE,"nonspatial",10000,5001,10,2000,10,0,1000
3,"lp",1.0012880782054,2638.00114803821,2706.95016306072,TRUE,"nonspatial",10000,5001,10,2000,10,0,1000
4,"tau_B_sq",1.00090686907291,3808.64745284712,3604.52893070835,TRUE,"nonspatial",10000,5001,10,2000,10,0,1000
4,"lp",1.00127636777117,3072.18130512406,3254.95990706791,TRUE,"nonspatial",10000,5001,10,2000,10,0,1000
5,"tau_B_sq",1.00213406571462,3753.72081414771,3781.4425474225,TRUE,"nonspatial",10000,5001,10,2000,10,0,1000
5,"lp",1.00293125926566,2933.8940685761,3246.87373369344,TRUE,"nonspatial",10000,5001,10,2000,10,0,1000
1,"tau_B_sq",1.0020070255717,1597.3033505614,2045.54123696781,TRUE,"spatial",10000,5001,10,2000,1,50,1000
1,"sigma_sq",1.00183006366919,1750.20204459027,2449.84194090565,TRUE,"spatial",10000,5001,10,2000,1,50,1000
1,"eff_range",1.00216328689715,1679.93194744011,1968.46732046351,TRUE,"spatial",10000,5001,10,2000,1,50,1000
1,"lp",1.00103539134248,1281.98156715892,1546.76276852346,TRUE,"spatial",10000,5001,10,2000,1,50,1000
2,"tau_B_sq",1.00209025932049,1629.33232005341,1862.15271509889,TRUE,"spatial",10000,5001,10,2000,1,50,1000
2,"sigma_sq",1.00431766322297,1341.58464819264,2446.51184352218,TRUE,"spatial",10000,5001,10,2000,1,50,1000
2,"eff_range",1.00261249116967,1473.78619626069,1808.87542814984,TRUE,"spatial",10000,5001,10,2000,1,50,1000
2,"lp",1.00339252386906,1197.37150061577,1421.42591068476,TRUE,"spatial",10000,5001,10,2000,1,50,1000
3,"tau_B_sq",1.00506208654261,1655.87079931293,1936.19288454889,TRUE,"spatial",10000,5001,10,2000,1,50,1000
3,"sigma_sq",1.00342400163133,1674.93304672958,2266.1258715281,TRUE,"spatial",10000,5001,10,2000,1,50,1000
3,"eff_range",1.00115078334995,1723.96825017156,1926.04059983448,TRUE,"spatial",10000,5001,10,2000,1,50,1000
3,"lp",1.00341155368137,1355.79403702298,1624.77584873486,TRUE,"spatial",10000,5001,10,2000,1,50,1000
4,"tau_B_sq",1.00205947547662,1714.99386973052,2017.19433848385,TRUE,"spatial",10000,5001,10,2000,1,50,1000
4,"sigma_sq",1.00376109252719,1664.65308619028,2486.10157901806,TRUE,"spatial",10000,5001,10,2000,1,50,1000
4,"eff_range",1.00428649013113,1580.27690711257,2162.05693569281,TRUE,"spatial",10000,5001,10,2000,1,50,1000
4,"lp",1.00302073702603,1204.38611707701,1617.937389898,TRUE,"spatial",10000,5001,10,2000,1,50,1000
5,"tau_B_sq",1.00208781687831,1720.68608678281,1775.27082078144,TRUE,"spatial",10000,5001,10,2000,1,50,1000
5,"sigma_sq",1.00153390740185,1711.83589930905,2263.81670538605,TRUE,"spatial",10000,5001,10,2000,1,50,1000
5,"eff_range",1.00261227507374,1753.11526218073,2415.76313615687,TRUE,"spatial",10000,5001,10,2000,1,50,1000
5,"lp",1.00228304084626,1254.14838863626,1375.40675243204,TRUE,"spatial",10000,5001,10,2000,1,50,1000
1,"tau_B_sq",1.0008178230154,4128.81137396826,4119.48618032807,TRUE,"nonspatial",10000,5001,10,2000,1,50,1000
1,"lp",1.00112910748282,2924.65430679332,2501.02964778313,TRUE,"nonspatial",10000,5001,10,2000,1,50,1000
2,"tau_B_sq",1.00216247694008,3964.04747674176,3613.17677137036,TRUE,"nonspatial",10000,5001,10,2000,1,50,1000
2,"lp",1.00185564512478,2943.40596035581,3011.17202622903,TRUE,"nonspatial",10000,5001,10,2000,1,50,1000
3,"tau_B_sq",1.00223646769051,3611.89062998941,3966.57031684453,TRUE,"nonspatial",10000,5001,10,2000,1,50,1000
3,"lp",1.0009626199617,2906.40510881895,2456.08961694584,TRUE,"nonspatial",10000,5001,10,2000,1,50,1000
4,"tau_B_sq",1.00087771066691,3726.09614216725,4030.4250637565,TRUE,"nonspatial",10000,5001,10,2000,1,50,1000
4,"lp",1.00122370054543,3182.04343877573,3097.75490699628,TRUE,"nonspatial",10000,5001,10,2000,1,50,1000
5,"tau_B_sq",1.00160987178541,3858.5647537787,3920.86534790052,TRUE,"nonspatial",10000,5001,10,2000,1,50,1000
5,"lp",1.00234047286403,3109.31565506902,3308.07502608404,TRUE,"nonspatial",10000,5001,10,2000,1,50,1000
1,"tau_B_sq",1.00652673020232,1523.21787030876,1943.64191531803,TRUE,"spatial",10000,5001,10,2000,2,50,1000
1,"sigma_sq",1.00162514447011,1554.94547868527,2542.55326877134,TRUE,"spatial",10000,5001,10,2000,2,50,1000
1,"eff_range",1.0021096432874,1683.44597231183,1869.45868839962,TRUE,"spatial",10000,5001,10,2000,2,50,1000
1,"lp",1.00208120461437,1346.78782883009,1774.67387381302,TRUE,"spatial",10000,5001,10,2000,2,50,1000
2,"tau_B_sq",1.00227417046579,1768.28576877949,1958.71186854528,TRUE,"spatial",10000,5001,10,2000,2,50,1000
2,"sigma_sq",1.00441243630707,1510.83214979764,2247.01444783024,TRUE,"spatial",10000,5001,10,2000,2,50,1000
2,"eff_range",1.00212699404954,1634.66825535372,1612.26898067721,TRUE,"spatial",10000,5001,10,2000,2,50,1000
2,"lp",1.0049466805923,1239.8239158452,1409.47923804086,TRUE,"spatial",10000,5001,10,2000,2,50,1000
3,"tau_B_sq",1.00432837283638,1634.55864351272,1750.40123698399,TRUE,"spatial",10000,5001,10,2000,2,50,1000
3,"sigma_sq",1.00326155598291,1450.30038896704,1903.00170762253,TRUE,"spatial",10000,5001,10,2000,2,50,1000
3,"eff_range",1.007466857777,1408.99378642716,2068.68156826091,TRUE,"spatial",10000,5001,10,2000,2,50,1000
3,"lp",1.00341948201678,1243.51325647686,1398.1480913532,TRUE,"spatial",10000,5001,10,2000,2,50,1000
4,"tau_B_sq",1.00129369376601,1482.3704330232,2093.29259398585,TRUE,"spatial",10000,5001,10,2000,2,50,1000
4,"sigma_sq",1.00158491096931,1566.76215307435,2151.61404592675,TRUE,"spatial",10000,5001,10,2000,2,50,1000
4,"eff_range",1.00201318726634,1609.99316453509,2168.47502945417,TRUE,"spatial",10000,5001,10,2000,2,50,1000
4,"lp",1.00332243044141,1220.8624232301,1673.44690869051,TRUE,"spatial",10000,5001,10,2000,2,50,1000
5,"tau_B_sq",1.00379214115534,1974.17151100254,2675.31291062922,TRUE,"spatial",10000,5001,10,2000,2,50,1000
5,"sigma_sq",1.00437763558084,1546.60790061408,2612.8927027311,TRUE,"spatial",10000,5001,10,2000,2,50,1000
5,"eff_range",1.004664285149,1563.1520763659,1728.61669287575,TRUE,"spatial",10000,5001,10,2000,2,50,1000
5,"lp",1.00436240933138,1461.52009906898,1426.20072602357,TRUE,"spatial",10000,5001,10,2000,2,50,1000
1,"tau_B_sq",1.00086344946804,3744.97325758734,3951.26569521845,TRUE,"nonspatial",10000,5001,10,2000,2,50,1000
1,"lp",1.00091111468782,3022.10664458074,3215.36513948108,TRUE,"nonspatial",10000,5001,10,2000,2,50,1000
2,"tau_B_sq",1.00119912234297,3917.52573234928,3726.17005810672,TRUE,"nonspatial",10000,5001,10,2000,2,50,1000
2,"lp",1.00129496138097,2904.75068322387,2342.84416979984,TRUE,"nonspatial",10000,5001,10,2000,2,50,1000
3,"tau_B_sq",1.00129901475637,3692.15413441743,3772.47138010672,TRUE,"nonspatial",10000,5001,10,2000,2,50,1000
3,"lp",1.00146441746618,2897.18655644871,2514.60721730418,TRUE,"nonspatial",10000,5001,10,2000,2,50,1000
4,"tau_B_sq",1.0005426261722,3731.1644805235,4210.6630161785,TRUE,"nonspatial",10000,5001,10,2000,2,50,1000
4,"lp",1.00037091436496,2751.4852709554,3049.02507049672,TRUE,"nonspatial",10000,5001,10,2000,2,50,1000
5,"tau_B_sq",1.00107576757414,3969.36717316045,4133.68148672522,TRUE,"nonspatial",10000,5001,10,2000,2,50,1000
5,"lp",1.00074602844424,2854.11301808867,2786.75390269753,TRUE,"nonspatial",10000,5001,10,2000,2,50,1000
1,"tau_B_sq",1.0051705332761,1559.13771011711,1823.54864142022,TRUE,"spatial",10000,5001,10,2000,3,50,1000
1,"sigma_sq",1.00300916509925,1475.11706503705,2292.63364032792,TRUE,"spatial",10000,5001,10,2000,3,50,1000
1,"eff_range",1.00109650582294,1504.48465446689,1596.89964174066,TRUE,"spatial",10000,5001,10,2000,3,50,1000
1,"lp",1.0029782930568,1012.48891220225,1340.61289391795,TRUE,"spatial",10000,5001,10,2000,3,50,1000
2,"tau_B_sq",1.00294003732311,1391.44337138278,1615.52056820697,TRUE,"spatial",10000,5001,10,2000,3,50,1000
2,"sigma_sq",1.00077245632073,1774.96662521952,2304.05341545545,TRUE,"spatial",10000,5001,10,2000,3,50,1000
2,"eff_range",1.0022986738412,1703.62248123988,2339.82892543241,TRUE,"spatial",10000,5001,10,2000,3,50,1000
2,"lp",1.0018260066969,1639.87190980363,1609.18975223419,TRUE,"spatial",10000,5001,10,2000,3,50,1000
3,"tau_B_sq",1.00238268523796,1493.5318107145,1736.77045170114,TRUE,"spatial",10000,5001,10,2000,3,50,1000
3,"sigma_sq",1.0028175743642,1588.31602307668,2063.64265989036,TRUE,"spatial",10000,5001,10,2000,3,50,1000
3,"eff_range",1.00208914178347,1459.80229431269,1911.96145542593,TRUE,"spatial",10000,5001,10,2000,3,50,1000
3,"lp",1.00613100015052,1276.15938429851,1568.50333096322,TRUE,"spatial",10000,5001,10,2000,3,50,1000
4,"tau_B_sq",1.00297105904894,1583.62649369319,1682.62767035009,TRUE,"spatial",10000,5001,10,2000,3,50,1000
4,"sigma_sq",1.00379507116248,1557.86563888668,2608.4620253206,TRUE,"spatial",10000,5001,10,2000,3,50,1000
4,"eff_range",1.00323584846943,1418.00204975104,1987.96332534853,TRUE,"spatial",10000,5001,10,2000,3,50,1000
4,"lp",1.00549296011096,1329.9975739517,1312.36614553394,TRUE,"spatial",10000,5001,10,2000,3,50,1000
5,"tau_B_sq",1.00174330892848,1723.12959945552,1997.88693691354,TRUE,"spatial",10000,5001,10,2000,3,50,1000
5,"sigma_sq",1.00301599362816,1696.77619032532,1917.73962363967,TRUE,"spatial",10000,5001,10,2000,3,50,1000
5,"eff_range",1.00124936182333,1561.13869000369,1860.28072440099,TRUE,"spatial",10000,5001,10,2000,3,50,1000
5,"lp",1.00220404892608,1149.80006460018,1568.18438634998,TRUE,"spatial",10000,5001,10,2000,3,50,1000
1,"tau_B_sq",1.00148853392955,3870.65749264567,3948.14221333038,TRUE,"nonspatial",10000,5001,10,2000,3,50,1000
1,"lp",1.00160288018149,3104.72581696006,3505.16849195487,TRUE,"nonspatial",10000,5001,10,2000,3,50,1000
2,"tau_B_sq",1.00060593554294,3910.44981668926,3924.61038641502,TRUE,"nonspatial",10000,5001,10,2000,3,50,1000
2,"lp",1.00053461891428,2664.64373077392,2819.704673725,TRUE,"nonspatial",10000,5001,10,2000,3,50,1000
3,"tau_B_sq",1.00332303659893,3776.05801896616,3839.16406279539,TRUE,"nonspatial",10000,5001,10,2000,3,50,1000
3,"lp",1.00307145379599,2811.01021826971,2891.94945842336,TRUE,"nonspatial",10000,5001,10,2000,3,50,1000
4,"tau_B_sq",1.00097521023517,3793.59116978938,3835.91187209964,TRUE,"nonspatial",10000,5001,10,2000,3,50,1000
4,"lp",1.00089728414932,2654.40855952002,2961.06920772544,TRUE,"nonspatial",10000,5001,10,2000,3,50,1000
5,"tau_B_sq",1.00060519897054,3261.82391231752,4207.33196170629,TRUE,"nonspatial",10000,5001,10,2000,3,50,1000
5,"lp",1.00079182039611,2859.84962645361,2866.44755671269,TRUE,"nonspatial",10000,5001,10,2000,3,50,1000
1,"tau_B_sq",1.00205809891294,1445.76681677751,1905.82108877266,TRUE,"spatial",10000,5001,10,2000,4,50,1000
1,"sigma_sq",1.00417189844888,1842.32717671747,2681.3537005668,TRUE,"spatial",10000,5001,10,2000,4,50,1000
1,"eff_range",1.00280377366587,1370.1558854505,1956.02490052403,TRUE,"spatial",10000,5001,10,2000,4,50,1000
1,"lp",1.00082377818314,1310.63326352725,1500.74233176639,TRUE,"spatial",10000,5001,10,2000,4,50,1000
2,"tau_B_sq",1.00221618170478,1607.45913461396,1932.79421853694,TRUE,"spatial",10000,5001,10,2000,4,50,1000
2,"sigma_sq",1.00044244848152,1740.62124828053,2212.90359039404,TRUE,"spatial",10000,5001,10,2000,4,50,1000
2,"eff_range",1.00226200686757,1519.83108636272,1707.18828126696,TRUE,"spatial",10000,5001,10,2000,4,50,1000
2,"lp",1.00216818700408,1095.27171055871,1329.309748371,TRUE,"spatial",10000,5001,10,2000,4,50,1000
3,"tau_B_sq",1.00132839700805,1604.8240475804,2098.77557823317,TRUE,"spatial",10000,5001,10,2000,4,50,1000
3,"sigma_sq",1.00254040391022,1780.95301060135,2338.05653445877,TRUE,"spatial",10000,5001,10,2000,4,50,1000
3,"eff_range",1.00333187205894,1420.31719185942,2099.26158220055,TRUE,"spatial",10000,5001,10,2000,4,50,1000
3,"lp",1.00368038164851,1352.11810356574,1605.10862901792,TRUE,"spatial",10000,5001,10,2000,4,50,1000
4,"tau_B_sq",1.00235717024156,1512.54190095614,1834.65191611801,TRUE,"spatial",10000,5001,10,2000,4,50,1000
4,"sigma_sq",1.00224256387726,1762.89322018191,2381.31215376488,TRUE,"spatial",10000,5001,10,2000,4,50,1000
4,"eff_range",1.00289525636473,1651.58710357023,2081.84996170566,TRUE,"spatial",10000,5001,10,2000,4,50,1000
4,"lp",1.00284719778287,1299.17537949231,1277.37308909538,TRUE,"spatial",10000,5001,10,2000,4,50,1000
5,"tau_B_sq",1.00244924631163,1559.03305596679,1940.01632834317,TRUE,"spatial",10000,5001,10,2000,4,50,1000
5,"sigma_sq",1.00220061798884,1916.93737452507,2331.35208314504,TRUE,"spatial",10000,5001,10,2000,4,50,1000
5,"eff_range",1.00234668831598,1488.20951138611,2183.22356980824,TRUE,"spatial",10000,5001,10,2000,4,50,1000
5,"lp",1.00251694291013,1494.27572190877,1489.1596937063,TRUE,"spatial",10000,5001,10,2000,4,50,1000
1,"tau_B_sq",1.00186207968374,3850.10655917283,4060.95754079539,TRUE,"nonspatial",10000,5001,10,2000,4,50,1000
1,"lp",1.00335403509125,2981.30792268372,3130.39963889136,TRUE,"nonspatial",10000,5001,10,2000,4,50,1000
2,"tau_B_sq",1.00091450780898,4005.03358745139,4380.81488337379,TRUE,"nonspatial",10000,5001,10,2000,4,50,1000
2,"lp",1.00104371027605,3040.0240461364,2710.81976039472,TRUE,"nonspatial",10000,5001,10,2000,4,50,1000
3,"tau_B_sq",1.00109572923196,3956.28404210052,4311.89306474908,TRUE,"nonspatial",10000,5001,10,2000,4,50,1000
3,"lp",1.00089430754896,3050.90707572247,2769.99969387322,TRUE,"nonspatial",10000,5001,10,2000,4,50,1000
4,"tau_B_sq",1.00124720157815,3680.88922893648,3883.1906442309,TRUE,"nonspatial",10000,5001,10,2000,4,50,1000
4,"lp",1.00188184413556,3064.31001310159,3061.53325757255,TRUE,"nonspatial",10000,5001,10,2000,4,50,1000
5,"tau_B_sq",1.00204768529353,3960.14963305527,4046.73281632989,TRUE,"nonspatial",10000,5001,10,2000,4,50,1000
5,"lp",1.00190156964514,3083.21523718813,2901.53757289359,TRUE,"nonspatial",10000,5001,10,2000,4,50,1000
1,"tau_B_sq",1.00207640601988,1740.99448787744,2389.67706567976,TRUE,"spatial",10000,5001,10,2000,5,50,1000
1,"sigma_sq",1.00286205978767,1698.94290124337,2528.7829665951,TRUE,"spatial",10000,5001,10,2000,5,50,1000
1,"eff_range",1.00140105623238,1804.21385649491,1860.56717587398,TRUE,"spatial",10000,5001,10,2000,5,50,1000
1,"lp",1.00275158730773,1429.36071476486,2037.70021547982,TRUE,"spatial",10000,5001,10,2000,5,50,1000
2,"tau_B_sq",1.00197471517881,1471.02987352096,1782.08846463366,TRUE,"spatial",10000,5001,10,2000,5,50,1000
2,"sigma_sq",1.00124314619179,1597.430725993,1853.55053511175,TRUE,"spatial",10000,5001,10,2000,5,50,1000
2,"eff_range",1.00429189632982,1595.21680555553,1735.56721719003,TRUE,"spatial",10000,5001,10,2000,5,50,1000
2,"lp",1.00352612260093,1045.15404368985,1428.47635107335,TRUE,"spatial",10000,5001,10,2000,5,50,1000
3,"tau_B_sq",1.00346203296715,1681.42038298025,2380.51737307763,TRUE,"spatial",10000,5001,10,2000,5,50,1000
3,"sigma_sq",1.00228413117948,1592.64133805094,2187.82545337195,TRUE,"spatial",10000,5001,10,2000,5,50,1000
3,"eff_range",1.00201151261592,1627.90495963536,1993.74649096954,TRUE,"spatial",10000,5001,10,2000,5,50,1000
3,"lp",1.0060652019418,1337.94097898913,1708.46788709084,TRUE,"spatial",10000,5001,10,2000,5,50,1000
4,"tau_B_sq",1.00412111206254,1708.78684157765,2339.2290818477,TRUE,"spatial",10000,5001,10,2000,5,50,1000
4,"sigma_sq",1.00272685024664,1644.78462732477,2062.00147786563,TRUE,"spatial",10000,5001,10,2000,5,50,1000
4,"eff_range",1.00194367514448,1330.46705967399,1970.54018811118,TRUE,"spatial",10000,5001,10,2000,5,50,1000
4,"lp",1.00307724059494,1394.9615698666,1802.0605419268,TRUE,"spatial",10000,5001,10,2000,5,50,1000
5,"tau_B_sq",1.00128197279809,1752.28512327292,2136.50120303413,TRUE,"spatial",10000,5001,10,2000,5,50,1000
5,"sigma_sq",1.00123348162769,1540.38984884568,2310.6081546516,TRUE,"spatial",10000,5001,10,2000,5,50,1000
5,"eff_range",1.00324072919851,1547.93683237206,1974.78200855414,TRUE,"spatial",10000,5001,10,2000,5,50,1000
5,"lp",1.00328647230298,1406.38992253102,1541.90198138237,TRUE,"spatial",10000,5001,10,2000,5,50,1000
1,"tau_B_sq",1.00193825618057,3833.51292725278,3684.76551847207,TRUE,"nonspatial",10000,5001,10,2000,5,50,1000
1,"lp",1.00182594387161,2973.3303902821,3050.7925349037,TRUE,"nonspatial",10000,5001,10,2000,5,50,1000
2,"tau_B_sq",1.00183413002658,3904.44683717968,3718.91065893381,TRUE,"nonspatial",10000,5001,10,2000,5,50,1000
2,"lp",1.00202928108881,2750.75325010353,2724.44850472372,TRUE,"nonspatial",10000,5001,10,2000,5,50,1000
3,"tau_B_sq",1.00177809493932,3952.18539886861,4015.47718193666,TRUE,"nonspatial",10000,5001,10,2000,5,50,1000
3,"lp",1.00061008126657,3073.21694678451,2789.32127334757,TRUE,"nonspatial",10000,5001,10,2000,5,50,1000
4,"tau_B_sq",1.00111162549437,3713.33232460996,3905.68688301127,TRUE,"nonspatial",10000,5001,10,2000,5,50,1000
4,"lp",1.0009745447692,2798.97724809618,2818.33409553459,TRUE,"nonspatial",10000,5001,10,2000,5,50,1000
5,"tau_B_sq",1.00080377182824,4090.15501974286,4461.24454273348,TRUE,"nonspatial",10000,5001,10,2000,5,50,1000
5,"lp",1.00082772533257,2864.70112409048,2692.20333151258,TRUE,"nonspatial",10000,5001,10,2000,5,50,1000
1,"tau_B_sq",1.00256401347832,1625.23969881447,2056.02132159706,TRUE,"spatial",10000,5001,10,2000,6,50,1000
1,"sigma_sq",1.00529877648663,1585.00563567697,2379.61931430566,TRUE,"spatial",10000,5001,10,2000,6,50,1000
1,"eff_range",1.00112384902502,1490.79269810548,2069.82832408957,TRUE,"spatial",10000,5001,10,2000,6,50,1000
1,"lp",1.00443182544987,1392.99286107969,2027.47147448517,TRUE,"spatial",10000,5001,10,2000,6,50,1000
2,"tau_B_sq",1.00272324981273,1597.26181270541,1984.2319058151,TRUE,"spatial",10000,5001,10,2000,6,50,1000
2,"sigma_sq",1.00244327072338,1873.84008730187,2132.40852821772,TRUE,"spatial",10000,5001,10,2000,6,50,1000
2,"eff_range",1.00303946305088,1631.02182955978,1781.93267759927,TRUE,"spatial",10000,5001,10,2000,6,50,1000
2,"lp",1.00321417742317,1338.92608170237,2123.10291260763,TRUE,"spatial",10000,5001,10,2000,6,50,1000
3,"tau_B_sq",1.0010577049939,1629.74693958326,1793.92304069539,TRUE,"spatial",10000,5001,10,2000,6,50,1000
3,"sigma_sq",1.00283532444591,1799.01774742592,2252.45383322647,TRUE,"spatial",10000,5001,10,2000,6,50,1000
3,"eff_range",1.00233660958854,1811.45658016491,2129.54470836623,TRUE,"spatial",10000,5001,10,2000,6,50,1000
3,"lp",1.00135129364628,1199.64213198477,1408.51034451845,TRUE,"spatial",10000,5001,10,2000,6,50,1000
4,"tau_B_sq",1.00171771809741,1803.32056417531,2237.79860957939,TRUE,"spatial",10000,5001,10,2000,6,50,1000
4,"sigma_sq",1.00278075652641,1890.62557895245,2347.32427617524,TRUE,"spatial",10000,5001,10,2000,6,50,1000
4,"eff_range",1.00353960858023,1917.51765327478,2323.66300587858,TRUE,"spatial",10000,5001,10,2000,6,50,1000
4,"lp",1.00239813518924,1441.20948270342,1641.75579921924,TRUE,"spatial",10000,5001,10,2000,6,50,1000
5,"tau_B_sq",1.00166987437803,1638.29881264275,2262.80196412209,TRUE,"spatial",10000,5001,10,2000,6,50,1000
5,"sigma_sq",1.00132585179229,1601.05935705824,2130.93248659352,TRUE,"spatial",10000,5001,10,2000,6,50,1000
5,"eff_range",1.00175895848319,1629.00849778899,1950.13955478707,TRUE,"spatial",10000,5001,10,2000,6,50,1000
5,"lp",1.00277992203634,1369.51296129658,1750.30714106556,TRUE,"spatial",10000,5001,10,2000,6,50,1000
1,"tau_B_sq",1.00150867262396,4012.5104510531,3920.8577321361,TRUE,"nonspatial",10000,5001,10,2000,6,50,1000
1,"lp",1.00140643852546,2653.03788554756,2258.39677059995,TRUE,"nonspatial",10000,5001,10,2000,6,50,1000
2,"tau_B_sq",1.00214379955718,4101.33720090819,3975.68481178008,TRUE,"nonspatial",10000,5001,10,2000,6,50,1000
2,"lp",1.00212118616207,2887.31608074185,3189.00088695246,TRUE,"nonspatial",10000,5001,10,2000,6,50,1000
3,"tau_B_sq",1.00103590214179,3633.00477945726,3605.59208063467,TRUE,"nonspatial",10000,5001,10,2000,6,50,1000
3,"lp",1.00103689667504,2719.78224460335,2693.77054891504,TRUE,"nonspatial",10000,5001,10,2000,6,50,1000
4,"tau_B_sq",1.00043421773742,4223.50854955373,3235.15559523098,TRUE,"nonspatial",10000,5001,10,2000,6,50,1000
4,"lp",1.00099860927382,2783.01621685181,2960.00364556942,TRUE,"nonspatial",10000,5001,10,2000,6,50,1000
5,"tau_B_sq",1.00181261580824,3635.02953282445,3924.41992050038,TRUE,"nonspatial",10000,5001,10,2000,6,50,1000
5,"lp",1.00260746872782,2811.01470296002,2730.70923134959,TRUE,"nonspatial",10000,5001,10,2000,6,50,1000
1,"tau_B_sq",1.00372996853288,1658.24491469597,1751.36650226864,TRUE,"spatial",10000,5001,10,2000,7,50,1000
1,"sigma_sq",1.00534453425841,1635.51073931804,2073.42519004254,TRUE,"spatial",10000,5001,10,2000,7,50,1000
1,"eff_range",1.00208333121984,1550.81850039139,2063.63906870751,TRUE,"spatial",10000,5001,10,2000,7,50,1000
1,"lp",1.00264558368398,1294.66027828177,1718.68207028294,TRUE,"spatial",10000,5001,10,2000,7,50,1000
2,"tau_B_sq",1.00151435633533,1467.31146256137,1321.5038142791,TRUE,"spatial",10000,5001,10,2000,7,50,1000
2,"sigma_sq",1.00286640265807,1629.28435895725,2020.09786739363,TRUE,"spatial",10000,5001,10,2000,7,50,1000
2,"eff_range",1.00479451704451,1751.69485259346,1987.05329671288,TRUE,"spatial",10000,5001,10,2000,7,50,1000
2,"lp",1.0051733384447,1225.23979010868,1730.74728865359,TRUE,"spatial",10000,5001,10,2000,7,50,1000
3,"tau_B_sq",1.0028818532467,1828.81782644702,2554.87817625449,TRUE,"spatial",10000,5001,10,2000,7,50,1000
3,"sigma_sq",1.00089336252729,1708.88783786368,1860.90398741583,TRUE,"spatial",10000,5001,10,2000,7,50,1000
3,"eff_range",1.00116385769013,1555.41425076773,1847.91920836641,TRUE,"spatial",10000,5001,10,2000,7,50,1000
3,"lp",1.00257329720001,1269.38032325837,1543.19363647778,TRUE,"spatial",10000,5001,10,2000,7,50,1000
4,"tau_B_sq",1.00217232409894,1663.43132286231,1779.38786781204,TRUE,"spatial",10000,5001,10,2000,7,50,1000
4,"sigma_sq",1.00319149654655,1744.65643440927,2390.60200865623,TRUE,"spatial",10000,5001,10,2000,7,50,1000
4,"eff_range",1.00387800411686,1345.51264181352,1556.48742597412,TRUE,"spatial",10000,5001,10,2000,7,50,1000
4,"lp",1.00363960987687,1163.99632151002,1711.38637573975,TRUE,"spatial",10000,5001,10,2000,7,50,1000
5,"tau_B_sq",1.00464943835017,1690.68326349573,1981.27708331052,TRUE,"spatial",10000,5001,10,2000,7,50,1000
5,"sigma_sq",1.00248627175231,1706.72431857521,2256.4748226244,TRUE,"spatial",10000,5001,10,2000,7,50,1000
5,"eff_range",1.00227402225205,1563.10015883699,1867.05101508952,TRUE,"spatial",10000,5001,10,2000,7,50,1000
5,"lp",1.00261190269379,1448.19002776477,1723.68959257984,TRUE,"spatial",10000,5001,10,2000,7,50,1000
1,"tau_B_sq",1.00170328805364,4104.97709170479,3986.06580535868,TRUE,"nonspatial",10000,5001,10,2000,7,50,1000
1,"lp",1.00173532673342,2576.00639637305,2783.17865212391,TRUE,"nonspatial",10000,5001,10,2000,7,50,1000
2,"tau_B_sq",1.00218555923184,3941.38897679231,4314.74111826683,TRUE,"nonspatial",10000,5001,10,2000,7,50,1000
2,"lp",1.00248148513345,3009.4764480179,3437.72915940233,TRUE,"nonspatial",10000,5001,10,2000,7,50,1000
3,"tau_B_sq",1.00089062994651,4144.9063307683,3428.50293256517,TRUE,"nonspatial",10000,5001,10,2000,7,50,1000
3,"lp",1.00162299757519,2960.33082316508,3197.87335670384,TRUE,"nonspatial",10000,5001,10,2000,7,50,1000
4,"tau_B_sq",1.0011275330823,3597.46155932551,4205.62346618924,TRUE,"nonspatial",10000,5001,10,2000,7,50,1000
4,"lp",1.00064909953909,3158.14367419894,3102.06883676889,TRUE,"nonspatial",10000,5001,10,2000,7,50,1000
5,"tau_B_sq",1.00140566375656,3483.50299764347,3796.85978192423,TRUE,"nonspatial",10000,5001,10,2000,7,50,1000
5,"lp",1.00067374055557,2967.42082616203,3279.86471169474,TRUE,"nonspatial",10000,5001,10,2000,7,50,1000
1,"tau_B_sq",1.00377009107565,1825.47897006769,2282.67395693577,TRUE,"spatial",10000,5001,10,2000,8,50,1000
1,"sigma_sq",1.00070407357064,1699.0067488835,2103.83722083709,TRUE,"spatial",10000,5001,10,2000,8,50,1000
1,"eff_range",1.00212084813838,1563.65130719393,2051.03849269082,TRUE,"spatial",10000,5001,10,2000,8,50,1000
1,"lp",1.00220286659137,1319.35702956111,1875.08840267176,TRUE,"spatial",10000,5001,10,2000,8,50,1000
2,"tau_B_sq",1.00460059921855,1704.47700457446,2360.62459774763,TRUE,"spatial",10000,5001,10,2000,8,50,1000
2,"sigma_sq",1.00243181462465,1709.2523462402,2458.92055554274,TRUE,"spatial",10000,5001,10,2000,8,50,1000
2,"eff_range",1.00257971542268,1501.7315649801,1673.91620902823,TRUE,"spatial",10000,5001,10,2000,8,50,1000
2,"lp",1.0026749507834,1324.28933903438,1703.68480447771,TRUE,"spatial",10000,5001,10,2000,8,50,1000
3,"tau_B_sq",1.00243304302256,1542.82444367335,2100.86452738914,TRUE,"spatial",10000,5001,10,2000,8,50,1000
3,"sigma_sq",1.00757066674501,1628.99192068417,2161.41171135543,TRUE,"spatial",10000,5001,10,2000,8,50,1000
3,"eff_range",1.00353832703715,1649.10974036123,1516.55651421579,TRUE,"spatial",10000,5001,10,2000,8,50,1000
3,"lp",1.00498087808964,1154.57069979776,1618.47049808441,TRUE,"spatial",10000,5001,10,2000,8,50,1000
4,"tau_B_sq",1.00141063811502,1798.64976732161,2343.38477551138,TRUE,"spatial",10000,5001,10,2000,8,50,1000
4,"sigma_sq",1.0022621148239,1924.55786752894,2728.49713451459,TRUE,"spatial",10000,5001,10,2000,8,50,1000
4,"eff_range",1.00275024627752,1497.52258856328,1908.25404150196,TRUE,"spatial",10000,5001,10,2000,8,50,1000
4,"lp",1.00382094298221,1230.90935843396,1479.88275188671,TRUE,"spatial",10000,5001,10,2000,8,50,1000
5,"tau_B_sq",1.00266165150257,1601.00300795621,1477.62955481414,TRUE,"spatial",10000,5001,10,2000,8,50,1000
5,"sigma_sq",1.0030618344743,1638.91463026344,2713.20669492335,TRUE,"spatial",10000,5001,10,2000,8,50,1000
5,"eff_range",1.00271391631641,1623.16239509147,1762.07398239596,TRUE,"spatial",10000,5001,10,2000,8,50,1000
5,"lp",1.00116158056732,1263.73938518663,1457.45169924441,TRUE,"spatial",10000,5001,10,2000,8,50,1000
1,"tau_B_sq",1.0007994259006,3658.3352268066,3506.64747619797,TRUE,"nonspatial",10000,5001,10,2000,8,50,1000
1,"lp",1.00123971964252,2952.13876081971,2966.76489543274,TRUE,"nonspatial",10000,5001,10,2000,8,50,1000
2,"tau_B_sq",1.00223071532986,3874.12284655385,3890.29392983646,TRUE,"nonspatial",10000,5001,10,2000,8,50,1000
2,"lp",1.00219225084458,3034.9573905279,2668.72757586738,TRUE,"nonspatial",10000,5001,10,2000,8,50,1000
3,"tau_B_sq",1.00131370986421,3837.64427381333,4193.32964454465,TRUE,"nonspatial",10000,5001,10,2000,8,50,1000
3,"lp",1.00133843694198,2995.41664194568,2771.45999026704,TRUE,"nonspatial",10000,5001,10,2000,8,50,1000
4,"tau_B_sq",1.00048192421762,4111.80748288445,4161.4579891091,TRUE,"nonspatial",10000,5001,10,2000,8,50,1000
4,"lp",1.00059250658714,3010.61583257206,3302.72295994703,TRUE,"nonspatial",10000,5001,10,2000,8,50,1000
5,"tau_B_sq",1.00194133923254,3739.37973123635,3898.33805018762,TRUE,"nonspatial",10000,5001,10,2000,8,50,1000
5,"lp",1.00210125519078,3149.6156167332,2819.41483227215,TRUE,"nonspatial",10000,5001,10,2000,8,50,1000
1,"tau_B_sq",1.00122691886545,1708.08510861907,1963.14360848497,TRUE,"spatial",10000,5001,10,2000,9,50,1000
1,"sigma_sq",1.00406600162543,1532.32933034982,2365.43759620069,TRUE,"spatial",10000,5001,10,2000,9,50,1000
1,"eff_range",1.00395533271681,1692.42881705182,2054.56498296197,TRUE,"spatial",10000,5001,10,2000,9,50,1000
1,"lp",1.00182310421521,1512.5738324877,1658.3951725082,TRUE,"spatial",10000,5001,10,2000,9,50,1000
2,"tau_B_sq",1.00084268609443,1610.44170013929,2116.72951942371,TRUE,"spatial",10000,5001,10,2000,9,50,1000
2,"sigma_sq",1.00373920623261,1872.09314756637,2152.37712966299,TRUE,"spatial",10000,5001,10,2000,9,50,1000
2,"eff_range",1.00163116763872,1594.09416388309,2052.9400426656,TRUE,"spatial",10000,5001,10,2000,9,50,1000
2,"lp",1.00360111300332,1428.97397837296,1554.1165373986,TRUE,"spatial",10000,5001,10,2000,9,50,1000
3,"tau_B_sq",1.00315999115689,1732.89641639663,2042.0648701444,TRUE,"spatial",10000,5001,10,2000,9,50,1000
3,"sigma_sq",1.00276371531169,1727.59320081485,2397.02987274723,TRUE,"spatial",10000,5001,10,2000,9,50,1000
3,"eff_range",1.0021611049513,1518.48926561111,1106.37047033036,TRUE,"spatial",10000,5001,10,2000,9,50,1000
3,"lp",1.00236203825171,1208.92363430522,1718.74057999185,TRUE,"spatial",10000,5001,10,2000,9,50,1000
4,"tau_B_sq",1.00606875835854,1570.43473603932,1885.55475679143,TRUE,"spatial",10000,5001,10,2000,9,50,1000
4,"sigma_sq",1.00286509308517,1903.51027236094,2216.91998181093,TRUE,"spatial",10000,5001,10,2000,9,50,1000
4,"eff_range",1.00310646529913,1510.38682491145,1908.64270257971,TRUE,"spatial",10000,5001,10,2000,9,50,1000
4,"lp",1.00274661265942,1327.62234953516,1779.29789606248,TRUE,"spatial",10000,5001,10,2000,9,50,1000
5,"tau_B_sq",1.0022834373615,1741.46907626147,2273.04083162675,TRUE,"spatial",10000,5001,10,2000,9,50,1000
5,"sigma_sq",1.00567436992355,1464.48181283138,2333.9488207244,TRUE,"spatial",10000,5001,10,2000,9,50,1000
5,"eff_range",1.00129562019401,1729.66328694946,2082.11484946437,TRUE,"spatial",10000,5001,10,2000,9,50,1000
5,"lp",1.00276440460584,1311.90678419176,1649.6532431461,TRUE,"spatial",10000,5001,10,2000,9,50,1000
1,"tau_B_sq",1.00094875642072,3485.51897199639,4209.83367371932,TRUE,"nonspatial",10000,5001,10,2000,9,50,1000
1,"lp",1.00071066204685,2748.23824340175,3017.29199029466,TRUE,"nonspatial",10000,5001,10,2000,9,50,1000
2,"tau_B_sq",1.00184790738906,4021.56596541771,3909.42760602774,TRUE,"nonspatial",10000,5001,10,2000,9,50,1000
2,"lp",1.00103260314314,2535.06513825733,2593.33966756045,TRUE,"nonspatial",10000,5001,10,2000,9,50,1000
3,"tau_B_sq",1.00210478115879,4028.50969246566,4366.06876501275,TRUE,"nonspatial",10000,5001,10,2000,9,50,1000
3,"lp",1.00210447154081,2727.94459595377,2581.43603520043,TRUE,"nonspatial",10000,5001,10,2000,9,50,1000
4,"tau_B_sq",1.00109656967118,4022.88887682628,4005.02572371629,TRUE,"nonspatial",10000,5001,10,2000,9,50,1000
4,"lp",1.0006680337479,2935.10129307272,2844.92625041017,TRUE,"nonspatial",10000,5001,10,2000,9,50,1000
5,"tau_B_sq",1.00164905626061,3347.41017448468,3486.64972241168,TRUE,"nonspatial",10000,5001,10,2000,9,50,1000
5,"lp",1.00366218988439,3024.12045685302,2775.850000018,TRUE,"nonspatial",10000,5001,10,2000,9,50,1000
1,"tau_B_sq",1.00264515466443,1751.34595977546,1800.22673578612,TRUE,"spatial",10000,5001,10,2000,10,50,1000
1,"sigma_sq",1.00221822882558,1673.14771089969,2297.8545973174,TRUE,"spatial",10000,5001,10,2000,10,50,1000
1,"eff_range",1.00458996542774,1614.66168509661,2278.87881395979,TRUE,"spatial",10000,5001,10,2000,10,50,1000
1,"lp",1.0017736641052,1427.84707924334,1668.14983705003,TRUE,"spatial",10000,5001,10,2000,10,50,1000
2,"tau_B_sq",1.00179898513017,1918.17213087797,2427.41519313526,TRUE,"spatial",10000,5001,10,2000,10,50,1000
2,"sigma_sq",1.00280504580579,1975.91786881589,2679.85575516663,TRUE,"spatial",10000,5001,10,2000,10,50,1000
2,"eff_range",1.00452862859635,1298.17328223534,1820.15196348624,TRUE,"spatial",10000,5001,10,2000,10,50,1000
2,"lp",1.00452748250646,1562.46953204165,1805.3183610288,TRUE,"spatial",10000,5001,10,2000,10,50,1000
3,"tau_B_sq",1.00148982561029,1788.33197778063,2165.00294162066,TRUE,"spatial",10000,5001,10,2000,10,50,1000
3,"sigma_sq",1.00323955926684,1689.16024638719,2411.47243643924,TRUE,"spatial",10000,5001,10,2000,10,50,1000
3,"eff_range",1.00160510197049,1588.97379510128,1533.08300466532,TRUE,"spatial",10000,5001,10,2000,10,50,1000
3,"lp",1.00275415716472,1392.04011878793,1760.87875856715,TRUE,"spatial",10000,5001,10,2000,10,50,1000
4,"tau_B_sq",1.00374873269736,1439.71895258605,1626.38498746319,TRUE,"spatial",10000,5001,10,2000,10,50,1000
4,"sigma_sq",1.00245570726003,1558.55952992024,1943.02663049807,TRUE,"spatial",10000,5001,10,2000,10,50,1000
4,"eff_range",1.00498756914425,1277.70084248198,1742.25818678192,TRUE,"spatial",10000,5001,10,2000,10,50,1000
4,"lp",1.00240875915289,1459.74519834968,1529.42452262013,TRUE,"spatial",10000,5001,10,2000,10,50,1000
5,"tau_B_sq",1.00198437801153,1640.1547882728,1867.21910238236,TRUE,"spatial",10000,5001,10,2000,10,50,1000
5,"sigma_sq",1.003198550589,1735.87420140039,2482.13028090208,TRUE,"spatial",10000,5001,10,2000,10,50,1000
5,"eff_range",1.00211151763274,1800.51739021358,2251.61375599747,TRUE,"spatial",10000,5001,10,2000,10,50,1000
5,"lp",1.00416016772555,1113.75760663018,1482.47346973563,TRUE,"spatial",10000,5001,10,2000,10,50,1000
1,"tau_B_sq",1.00159705892741,3692.15244417916,3926.28684210952,TRUE,"nonspatial",10000,5001,10,2000,10,50,1000
1,"lp",1.00134482247954,2694.57972432387,2659.18024163753,TRUE,"nonspatial",10000,5001,10,2000,10,50,1000
2,"tau_B_sq",1.0022876466588,3882.61106190114,3405.52158531604,TRUE,"nonspatial",10000,5001,10,2000,10,50,1000
2,"lp",1.00196634244081,2566.02211210132,2961.47671310887,TRUE,"nonspatial",10000,5001,10,2000,10,50,1000
3,"tau_B_sq",1.00095739932692,3717.28241597971,3813.63502818567,TRUE,"nonspatial",10000,5001,10,2000,10,50,1000
3,"lp",1.00138961297959,2883.44150545725,2789.64295696365,TRUE,"nonspatial",10000,5001,10,2000,10,50,1000
4,"tau_B_sq",1.00333842886258,3949.95613166101,4393.78154467957,TRUE,"nonspatial",10000,5001,10,2000,10,50,1000
4,"lp",1.00091535460325,2760.07764199571,2685.3259932604,TRUE,"nonspatial",10000,5001,10,2000,10,50,1000
5,"tau_B_sq",1.00105718912117,4022.76344800685,3794.29394872272,TRUE,"nonspatial",10000,5001,10,2000,10,50,1000
5,"lp",1.0005428730006,3073.77577047607,2921.85068597651,TRUE,"nonspatial",10000,5001,10,2000,10,50,1000
1,"tau_B_sq",1.0019508669506,1464.95519623704,1603.59354261495,TRUE,"spatial",10000,5001,10,2000,1,150,1000
1,"sigma_sq",1.00458092019205,1337.25557356475,2156.99890767463,TRUE,"spatial",10000,5001,10,2000,1,150,1000
1,"eff_range",1.00271453715615,1622.9091614,1659.44914485733,TRUE,"spatial",10000,5001,10,2000,1,150,1000
1,"lp",1.00486167645841,1007.5044939185,1333.02432454022,TRUE,"spatial",10000,5001,10,2000,1,150,1000
2,"tau_B_sq",1.00239280456461,1461.40849098204,1606.56615743162,TRUE,"spatial",10000,5001,10,2000,1,150,1000
2,"sigma_sq",1.00373346733628,1562.10329349961,2437.69993007725,TRUE,"spatial",10000,5001,10,2000,1,150,1000
2,"eff_range",1.0016364917117,1642.39582655281,1793.13145843091,TRUE,"spatial",10000,5001,10,2000,1,150,1000
2,"lp",1.00139299275774,1404.3435502457,1626.60996562658,TRUE,"spatial",10000,5001,10,2000,1,150,1000
3,"tau_B_sq",1.00313529686026,1600.26751806913,1857.18172204436,TRUE,"spatial",10000,5001,10,2000,1,150,1000
3,"sigma_sq",1.00208391086075,1707.80444689263,2287.93751490022,TRUE,"spatial",10000,5001,10,2000,1,150,1000
3,"eff_range",1.00101516961276,1627.21622168113,1999.13123337555,TRUE,"spatial",10000,5001,10,2000,1,150,1000
3,"lp",1.00204915789532,1180.58584046903,1347.59284165833,TRUE,"spatial",10000,5001,10,2000,1,150,1000
4,"tau_B_sq",1.00261742829514,1534.90360262182,2097.50801230199,TRUE,"spatial",10000,5001,10,2000,1,150,1000
4,"sigma_sq",1.00465104356438,1633.22496723602,2047.19788798975,TRUE,"spatial",10000,5001,10,2000,1,150,1000
4,"eff_range",1.00371703139838,1493.58587285633,1988.61931098787,TRUE,"spatial",10000,5001,10,2000,1,150,1000
4,"lp",1.00580119817627,1250.9827995272,1980.73419709293,TRUE,"spatial",10000,5001,10,2000,1,150,1000
5,"tau_B_sq",1.00139543300203,2034.18806925032,2461.49027272064,TRUE,"spatial",10000,5001,10,2000,1,150,1000
5,"sigma_sq",1.0015286074795,1737.57487950499,2325.00637474505,TRUE,"spatial",10000,5001,10,2000,1,150,1000
5,"eff_range",1.00109748176092,1638.40215025779,2080.72575620778,TRUE,"spatial",10000,5001,10,2000,1,150,1000
5,"lp",1.00216951342634,1302.04512886019,1523.40307352239,TRUE,"spatial",10000,5001,10,2000,1,150,1000
1,"tau_B_sq",1.00154411833547,4094.74629410324,4154.86678385242,TRUE,"nonspatial",10000,5001,10,2000,1,150,1000
1,"lp",1.00124428328473,2930.90746553355,2915.8353966325,TRUE,"nonspatial",10000,5001,10,2000,1,150,1000
2,"tau_B_sq",1.00149531879091,3696.65635158552,4066.84983566187,TRUE,"nonspatial",10000,5001,10,2000,1,150,1000
2,"lp",1.00151437122562,2684.6305031609,2199.89858164015,TRUE,"nonspatial",10000,5001,10,2000,1,150,1000
3,"tau_B_sq",1.00085761406843,3774.33437664517,4259.16254449522,TRUE,"nonspatial",10000,5001,10,2000,1,150,1000
3,"lp",1.00104693852697,3095.90540659586,3090.11347989147,TRUE,"nonspatial",10000,5001,10,2000,1,150,1000
4,"tau_B_sq",1.00078424758166,3690.09258392321,3968.82896109786,TRUE,"nonspatial",10000,5001,10,2000,1,150,1000
4,"lp",1.00094170662969,3022.19535949939,3109.12480652386,TRUE,"nonspatial",10000,5001,10,2000,1,150,1000
5,"tau_B_sq",1.0011375646958,3797.95439647488,3663.79797042161,TRUE,"nonspatial",10000,5001,10,2000,1,150,1000
5,"lp",1.00255107591919,2945.22979300633,2840.10454913477,TRUE,"nonspatial",10000,5001,10,2000,1,150,1000
1,"tau_B_sq",1.0017878644008,1761.69318225939,2027.71107038197,TRUE,"spatial",10000,5001,10,2000,2,150,1000
1,"sigma_sq",1.0056704494123,1693.32479536382,2540.34572132932,TRUE,"spatial",10000,5001,10,2000,2,150,1000
1,"eff_range",1.0019490682848,1187.85134004165,1289.01226111789,TRUE,"spatial",10000,5001,10,2000,2,150,1000
1,"lp",1.00572380647242,1081.08713687832,1292.24845343572,TRUE,"spatial",10000,5001,10,2000,2,150,1000
2,"tau_B_sq",1.00410048390263,1319.36014503622,1444.80060659746,TRUE,"spatial",10000,5001,10,2000,2,150,1000
2,"sigma_sq",1.00231617511935,1471.41942487864,2221.74736861632,TRUE,"spatial",10000,5001,10,2000,2,150,1000
2,"eff_range",1.00515841798227,1434.81389579934,2222.34696351386,TRUE,"spatial",10000,5001,10,2000,2,150,1000
2,"lp",1.00114122042905,1281.33019754776,1377.68261560137,TRUE,"spatial",10000,5001,10,2000,2,150,1000
3,"tau_B_sq",1.00101825526878,1558.01013421339,1620.68626552955,TRUE,"spatial",10000,5001,10,2000,2,150,1000
3,"sigma_sq",1.00359332530452,1476.72614304026,2266.45634701463,TRUE,"spatial",10000,5001,10,2000,2,150,1000
3,"eff_range",1.00275498232669,1534.31178378795,2158.65470625842,TRUE,"spatial",10000,5001,10,2000,2,150,1000
3,"lp",1.00372191032558,1395.74787006888,2059.02109260835,TRUE,"spatial",10000,5001,10,2000,2,150,1000
4,"tau_B_sq",1.00162206721083,1946.67389014227,2111.79244867605,TRUE,"spatial",10000,5001,10,2000,2,150,1000
4,"sigma_sq",1.00188253659239,1635.15523445745,2498.23310980888,TRUE,"spatial",10000,5001,10,2000,2,150,1000
4,"eff_range",1.00297895621532,1776.37718832153,2358.13210022533,TRUE,"spatial",10000,5001,10,2000,2,150,1000
4,"lp",1.00355990859579,1319.03701275519,1422.6070415984,TRUE,"spatial",10000,5001,10,2000,2,150,1000
5,"tau_B_sq",1.00114159112879,1842.27785226376,2392.35375383689,TRUE,"spatial",10000,5001,10,2000,2,150,1000
5,"sigma_sq",1.00094499651246,1817.6697770154,2424.03761402048,TRUE,"spatial",10000,5001,10,2000,2,150,1000
5,"eff_range",1.00248227430398,1717.85974751052,1820.26222017086,TRUE,"spatial",10000,5001,10,2000,2,150,1000
5,"lp",1.00354212054765,1322.9289427339,1222.19310323495,TRUE,"spatial",10000,5001,10,2000,2,150,1000
1,"tau_B_sq",1.00285643512078,3771.60908843529,3974.8947770264,TRUE,"nonspatial",10000,5001,10,2000,2,150,1000
1,"lp",1.00343118134592,2952.85282143243,2378.8485753208,TRUE,"nonspatial",10000,5001,10,2000,2,150,1000
2,"tau_B_sq",1.00166199994146,3884.61197378202,3751.79523994205,TRUE,"nonspatial",10000,5001,10,2000,2,150,1000
2,"lp",1.00153866447634,2942.9948738659,2859.14957346218,TRUE,"nonspatial",10000,5001,10,2000,2,150,1000
3,"tau_B_sq",1.00082454197136,4176.58577732696,4552.52528861242,TRUE,"nonspatial",10000,5001,10,2000,2,150,1000
3,"lp",1.00076772457963,2894.16498913138,2576.96609976228,TRUE,"nonspatial",10000,5001,10,2000,2,150,1000
4,"tau_B_sq",1.00181931559128,3920.93634812903,4345.4926424248,TRUE,"nonspatial",10000,5001,10,2000,2,150,1000
4,"lp",1.00124047519209,2967.96054862791,2751.16776886251,TRUE,"nonspatial",10000,5001,10,2000,2,150,1000
5,"tau_B_sq",1.00084094329625,3918.58948530595,3910.25206715032,TRUE,"nonspatial",10000,5001,10,2000,2,150,1000
5,"lp",1.00112896865838,2998.52854131011,3099.92893305866,TRUE,"nonspatial",10000,5001,10,2000,2,150,1000
1,"tau_B_sq",1.00144494974307,1446.01589907794,1528.88464758797,TRUE,"spatial",10000,5001,10,2000,3,150,1000
1,"sigma_sq",1.00127961755101,1664.29971550446,2580.29517148965,TRUE,"spatial",10000,5001,10,2000,3,150,1000
1,"eff_range",1.00136625667554,1658.7171486747,2010.96225886834,TRUE,"spatial",10000,5001,10,2000,3,150,1000
1,"lp",1.00182336580071,1420.0775740621,1906.83102452788,TRUE,"spatial",10000,5001,10,2000,3,150,1000
2,"tau_B_sq",1.00179042155177,1527.97631677982,1718.55640164318,TRUE,"spatial",10000,5001,10,2000,3,150,1000
2,"sigma_sq",1.00103439107862,1584.72480667853,2135.66475762867,TRUE,"spatial",10000,5001,10,2000,3,150,1000
2,"eff_range",1.003369570762,1641.96197666541,1991.51328677859,TRUE,"spatial",10000,5001,10,2000,3,150,1000
2,"lp",1.00289543525722,1530.36954158079,2008.64253590387,TRUE,"spatial",10000,5001,10,2000,3,150,1000
3,"tau_B_sq",1.00280037628598,1547.38244765797,1364.89751770174,TRUE,"spatial",10000,5001,10,2000,3,150,1000
3,"sigma_sq",1.00272347591139,1513.01171523781,1883.79679849071,TRUE,"spatial",10000,5001,10,2000,3,150,1000
3,"eff_range",1.00204370375212,1156.1348739563,1525.24258194265,TRUE,"spatial",10000,5001,10,2000,3,150,1000
3,"lp",1.00690750055502,1293.70234966483,1317.5773132208,TRUE,"spatial",10000,5001,10,2000,3,150,1000
4,"tau_B_sq",1.00175631670516,1467.33231807091,1622.12371331757,TRUE,"spatial",10000,5001,10,2000,3,150,1000
4,"sigma_sq",1.00333638753817,1470.02431674287,1911.09621543177,TRUE,"spatial",10000,5001,10,2000,3,150,1000
4,"eff_range",1.00202406566126,1714.02368005633,2385.62347084896,TRUE,"spatial",10000,5001,10,2000,3,150,1000
4,"lp",1.00201031265843,1331.94660838438,1429.89730150782,TRUE,"spatial",10000,5001,10,2000,3,150,1000
5,"tau_B_sq",1.00292712364065,1597.07685578231,1507.22795651534,TRUE,"spatial",10000,5001,10,2000,3,150,1000
5,"sigma_sq",1.00120889046041,1692.7016285899,1976.62980401795,TRUE,"spatial",10000,5001,10,2000,3,150,1000
5,"eff_range",1.00141690626134,1450.47707516898,2008.80265228783,TRUE,"spatial",10000,5001,10,2000,3,150,1000
5,"lp",1.00116850948596,1405.13691809707,1702.67569852039,TRUE,"spatial",10000,5001,10,2000,3,150,1000
1,"tau_B_sq",1.0003777231324,4047.88569070701,4001.83957199178,TRUE,"nonspatial",10000,5001,10,2000,3,150,1000
1,"lp",1.0006475644869,2695.4047545448,2446.75747056495,TRUE,"nonspatial",10000,5001,10,2000,3,150,1000
2,"tau_B_sq",1.00256754339428,3778.49699247022,3906.7673603693,TRUE,"nonspatial",10000,5001,10,2000,3,150,1000
2,"lp",1.00229299408415,2850.85553592454,3364.59791618771,TRUE,"nonspatial",10000,5001,10,2000,3,150,1000
3,"tau_B_sq",1.00153408133164,3946.81126225639,3986.3933643308,TRUE,"nonspatial",10000,5001,10,2000,3,150,1000
3,"lp",1.00038513246764,2887.67920734578,2908.97110271976,TRUE,"nonspatial",10000,5001,10,2000,3,150,1000
4,"tau_B_sq",1.00061313735082,3176.75064725905,3962.13976483769,TRUE,"nonspatial",10000,5001,10,2000,3,150,1000
4,"lp",1.00109938834896,2879.18029963626,2647.33645487448,TRUE,"nonspatial",10000,5001,10,2000,3,150,1000
5,"tau_B_sq",1.0012020399852,3835.96222407096,4001.52830454606,TRUE,"nonspatial",10000,5001,10,2000,3,150,1000
5,"lp",1.00160365091448,2897.56717538276,2928.94116554287,TRUE,"nonspatial",10000,5001,10,2000,3,150,1000
1,"tau_B_sq",1.00361810867678,1553.8579681506,2086.37339509384,TRUE,"spatial",10000,5001,10,2000,4,150,1000
1,"sigma_sq",1.0020610439958,1503.7893197654,2130.22986383618,TRUE,"spatial",10000,5001,10,2000,4,150,1000
1,"eff_range",1.00434864321077,1554.54053157615,1943.40408193025,TRUE,"spatial",10000,5001,10,2000,4,150,1000
1,"lp",1.00058246125383,1419.21081955387,1652.39793196645,TRUE,"spatial",10000,5001,10,2000,4,150,1000
2,"tau_B_sq",1.00245053964012,1801.99595732622,1563.02086047598,TRUE,"spatial",10000,5001,10,2000,4,150,1000
2,"sigma_sq",1.00356035326552,1552.41162692275,1972.31597202361,TRUE,"spatial",10000,5001,10,2000,4,150,1000
2,"eff_range",1.0024660669267,1580.55548542934,2005.22153551374,TRUE,"spatial",10000,5001,10,2000,4,150,1000
2,"lp",1.00445510979952,1258.47674321708,1587.81630310658,TRUE,"spatial",10000,5001,10,2000,4,150,1000
3,"tau_B_sq",1.00205107847687,1301.39818897535,1291.64653988757,TRUE,"spatial",10000,5001,10,2000,4,150,1000
3,"sigma_sq",1.00223954416265,1611.44705387114,2196.53095706598,TRUE,"spatial",10000,5001,10,2000,4,150,1000
3,"eff_range",1.00154944209757,1367.86679537117,1721.53792028183,TRUE,"spatial",10000,5001,10,2000,4,150,1000
3,"lp",1.00186133391779,1343.27391672034,1460.0044391312,TRUE,"spatial",10000,5001,10,2000,4,150,1000
4,"tau_B_sq",1.00244503025109,1585.56696430183,1773.99257105258,TRUE,"spatial",10000,5001,10,2000,4,150,1000
4,"sigma_sq",1.00284773857653,1501.04780347461,1793.42094214788,TRUE,"spatial",10000,5001,10,2000,4,150,1000
4,"eff_range",1.00638036646775,1522.12376428928,1819.33940686747,TRUE,"spatial",10000,5001,10,2000,4,150,1000
4,"lp",1.00142557791855,1324.7805486321,1890.5836604907,TRUE,"spatial",10000,5001,10,2000,4,150,1000
5,"tau_B_sq",1.00156558096004,1412.49067526086,1606.94444349269,TRUE,"spatial",10000,5001,10,2000,4,150,1000
5,"sigma_sq",1.00089933139548,1625.33008993905,2286.29681085088,TRUE,"spatial",10000,5001,10,2000,4,150,1000
5,"eff_range",1.00074207737599,1586.86335857157,2281.40321467925,TRUE,"spatial",10000,5001,10,2000,4,150,1000
5,"lp",1.00420820865018,1332.45418002877,1210.07546874317,TRUE,"spatial",10000,5001,10,2000,4,150,1000
1,"tau_B_sq",1.00048383072232,4122.26894753214,4128.96674666022,TRUE,"nonspatial",10000,5001,10,2000,4,150,1000
1,"lp",1.00090465197994,3091.71835526255,3079.70557745627,TRUE,"nonspatial",10000,5001,10,2000,4,150,1000
2,"tau_B_sq",1.00139808002627,3914.43391402565,4087.05632097526,TRUE,"nonspatial",10000,5001,10,2000,4,150,1000
2,"lp",1.00100901217795,2968.07283178932,2712.81363537423,TRUE,"nonspatial",10000,5001,10,2000,4,150,1000
3,"tau_B_sq",1.00099450807037,3625.60054384715,3753.8920678182,TRUE,"nonspatial",10000,5001,10,2000,4,150,1000
3,"lp",1.00127598427676,2862.22094892705,2721.62708759281,TRUE,"nonspatial",10000,5001,10,2000,4,150,1000
4,"tau_B_sq",1.00155573418002,3999.16223624862,4096.85704897813,TRUE,"nonspatial",10000,5001,10,2000,4,150,1000
4,"lp",1.00217399849248,2948.4529467226,2461.4242150079,TRUE,"nonspatial",10000,5001,10,2000,4,150,1000
5,"tau_B_sq",1.00069273480005,3698.65739006464,3868.20028427138,TRUE,"nonspatial",10000,5001,10,2000,4,150,1000
5,"lp",1.00099900634341,3085.63517367564,3031.78435806144,TRUE,"nonspatial",10000,5001,10,2000,4,150,1000
1,"tau_B_sq",1.00218862346904,1556.86732438563,1440.35675571511,TRUE,"spatial",10000,5001,10,2000,5,150,1000
1,"sigma_sq",1.00225506337652,1572.19579587626,2032.66402343731,TRUE,"spatial",10000,5001,10,2000,5,150,1000
1,"eff_range",1.00238494879915,1349.46592865164,1706.97969780721,TRUE,"spatial",10000,5001,10,2000,5,150,1000
1,"lp",1.00416724565702,1374.42428942006,1489.37565382391,TRUE,"spatial",10000,5001,10,2000,5,150,1000
2,"tau_B_sq",1.00286378739817,1635.66597926922,1889.715700702,TRUE,"spatial",10000,5001,10,2000,5,150,1000
2,"sigma_sq",1.00438453373325,1633.11221945573,1952.59210784134,TRUE,"spatial",10000,5001,10,2000,5,150,1000
2,"eff_range",1.00377978675235,1287.84180813806,1495.69569458388,TRUE,"spatial",10000,5001,10,2000,5,150,1000
2,"lp",1.0035127205212,1356.27751383119,1574.08614467786,TRUE,"spatial",10000,5001,10,2000,5,150,1000
3,"tau_B_sq",1.00320524902975,1620.52113061659,1827.56569420079,TRUE,"spatial",10000,5001,10,2000,5,150,1000
3,"sigma_sq",1.00111741016634,1419.04043527637,1884.32672771314,TRUE,"spatial",10000,5001,10,2000,5,150,1000
3,"eff_range",1.00244055350053,1304.28923241801,1443.81267511292,TRUE,"spatial",10000,5001,10,2000,5,150,1000
3,"lp",1.00370086708572,1178.20037244148,1589.77612665124,TRUE,"spatial",10000,5001,10,2000,5,150,1000
4,"tau_B_sq",1.00227972025504,1553.81370187408,1627.30491298529,TRUE,"spatial",10000,5001,10,2000,5,150,1000
4,"sigma_sq",1.00420872192713,1540.52995147789,2053.12201523549,TRUE,"spatial",10000,5001,10,2000,5,150,1000
4,"eff_range",1.00276549100319,1452.24831040607,1700.68816549026,TRUE,"spatial",10000,5001,10,2000,5,150,1000
4,"lp",1.00316259033995,1402.22839098636,1948.55674323855,TRUE,"spatial",10000,5001,10,2000,5,150,1000
5,"tau_B_sq",1.00318875888336,1490.6357004895,1894.21064165102,TRUE,"spatial",10000,5001,10,2000,5,150,1000
5,"sigma_sq",1.00452176231055,1538.90872394683,2028.64061204785,TRUE,"spatial",10000,5001,10,2000,5,150,1000
5,"eff_range",1.0034699616777,1376.21323211633,1806.76209228108,TRUE,"spatial",10000,5001,10,2000,5,150,1000
5,"lp",1.00313428700485,1177.09600255505,1540.53846284582,TRUE,"spatial",10000,5001,10,2000,5,150,1000
1,"tau_B_sq",1.0018669269478,3867.44560270668,3926.97731987997,TRUE,"nonspatial",10000,5001,10,2000,5,150,1000
1,"lp",1.00209983334575,2517.5321975528,2865.23895261526,TRUE,"nonspatial",10000,5001,10,2000,5,150,1000
2,"tau_B_sq",1.0003613591151,3806.7984149518,4150.65736858551,TRUE,"nonspatial",10000,5001,10,2000,5,150,1000
2,"lp",1.00105224469939,3029.80031169641,2572.49844342554,TRUE,"nonspatial",10000,5001,10,2000,5,150,1000
3,"tau_B_sq",1.00175792055922,3638.98228054145,3672.98856278022,TRUE,"nonspatial",10000,5001,10,2000,5,150,1000
3,"lp",1.00100664529335,2671.93453565095,2922.26999381388,TRUE,"nonspatial",10000,5001,10,2000,5,150,1000
4,"tau_B_sq",1.00091538580516,4051.22035800002,4303.94289413307,TRUE,"nonspatial",10000,5001,10,2000,5,150,1000
4,"lp",1.0006286348218,2920.27140000513,3114.63835555207,TRUE,"nonspatial",10000,5001,10,2000,5,150,1000
5,"tau_B_sq",1.00108861204005,4507.63883690383,4695.80656254922,TRUE,"nonspatial",10000,5001,10,2000,5,150,1000
5,"lp",1.00156059702798,2934.4097390288,2930.10187752229,TRUE,"nonspatial",10000,5001,10,2000,5,150,1000
1,"tau_B_sq",1.00406567781319,1583.98345050999,1646.12810244049,TRUE,"spatial",10000,5001,10,2000,6,150,1000
1,"sigma_sq",1.0017741396645,1736.68196912332,1981.7846836497,TRUE,"spatial",10000,5001,10,2000,6,150,1000
1,"eff_range",1.00188036102396,1475.92261888401,1561.94095779419,TRUE,"spatial",10000,5001,10,2000,6,150,1000
1,"lp",1.00322303385111,1368.90553676724,1651.1108037014,TRUE,"spatial",10000,5001,10,2000,6,150,1000
2,"tau_B_sq",1.00129705518896,1805.02843899045,1932.36681605995,TRUE,"spatial",10000,5001,10,2000,6,150,1000
2,"sigma_sq",1.00250748813421,1880.51981279255,2392.07360829079,TRUE,"spatial",10000,5001,10,2000,6,150,1000
2,"eff_range",1.00301000643664,1576.23599668929,1969.17652100176,TRUE,"spatial",10000,5001,10,2000,6,150,1000
2,"lp",1.00265600241324,1337.94094816163,1947.16687519175,TRUE,"spatial",10000,5001,10,2000,6,150,1000
3,"tau_B_sq",1.00219447703677,1394.78533032246,1563.75366875821,TRUE,"spatial",10000,5001,10,2000,6,150,1000
3,"sigma_sq",1.00341451930921,1540.88515056365,2063.15036643691,TRUE,"spatial",10000,5001,10,2000,6,150,1000
3,"eff_range",1.00142197826482,1547.57685557103,1977.24226589728,TRUE,"spatial",10000,5001,10,2000,6,150,1000
3,"lp",1.00649989232661,1358.69358391493,1496.63828544355,TRUE,"spatial",10000,5001,10,2000,6,150,1000
4,"tau_B_sq",1.00800009865107,1141.90174523491,1196.16328715625,TRUE,"spatial",10000,5001,10,2000,6,150,1000
4,"sigma_sq",1.00317707345626,1739.84228264496,2163.73900045598,TRUE,"spatial",10000,5001,10,2000,6,150,1000
4,"eff_range",1.00331590342746,1282.37017454589,1686.60279276217,TRUE,"spatial",10000,5001,10,2000,6,150,1000
4,"lp",1.0031520646612,1300.88284280597,1656.68210681996,TRUE,"spatial",10000,5001,10,2000,6,150,1000
5,"tau_B_sq",1.006791749341,1595.64954142237,1645.16238047283,TRUE,"spatial",10000,5001,10,2000,6,150,1000
5,"sigma_sq",1.00234371519886,1754.50134415412,2095.14966273963,TRUE,"spatial",10000,5001,10,2000,6,150,1000
5,"eff_range",1.00504542253121,1659.89656988352,1834.27227022421,TRUE,"spatial",10000,5001,10,2000,6,150,1000
5,"lp",1.00394789840094,1334.9389707802,1985.84780485859,TRUE,"spatial",10000,5001,10,2000,6,150,1000
1,"tau_B_sq",1.00203119117556,4016.40183914331,3966.512721491,TRUE,"nonspatial",10000,5001,10,2000,6,150,1000
1,"lp",1.0024991464078,2719.39285076811,2181.72828137427,TRUE,"nonspatial",10000,5001,10,2000,6,150,1000
2,"tau_B_sq",1.00139372375608,3663.58231426266,3833.76933403961,TRUE,"nonspatial",10000,5001,10,2000,6,150,1000
2,"lp",1.00062407446899,2966.8355541094,2732.79913974426,TRUE,"nonspatial",10000,5001,10,2000,6,150,1000
3,"tau_B_sq",1.00100562674603,4085.18497192603,4086.33450062658,TRUE,"nonspatial",10000,5001,10,2000,6,150,1000
3,"lp",1.00148375454671,2938.12949937117,2813.40924094811,TRUE,"nonspatial",10000,5001,10,2000,6,150,1000
4,"tau_B_sq",1.00189890722849,3619.41537503243,3742.23542352972,TRUE,"nonspatial",10000,5001,10,2000,6,150,1000
4,"lp",1.00235339436198,2707.54065219739,2740.85920092076,TRUE,"nonspatial",10000,5001,10,2000,6,150,1000
5,"tau_B_sq",1.00104612488432,3791.36467998453,4303.94272282441,TRUE,"nonspatial",10000,5001,10,2000,6,150,1000
5,"lp",1.00083169619877,3127.318196041,2961.51096539309,TRUE,"nonspatial",10000,5001,10,2000,6,150,1000
1,"tau_B_sq",1.0007473748862,1490.63428674871,1533.53325822653,TRUE,"spatial",10000,5001,10,2000,7,150,1000
1,"sigma_sq",1.00053632461787,1509.27084496211,2135.18702334244,TRUE,"spatial",10000,5001,10,2000,7,150,1000
1,"eff_range",1.00497119146481,1418.24430847082,1687.06930994137,TRUE,"spatial",10000,5001,10,2000,7,150,1000
1,"lp",1.00108866457014,1267.23969622009,1286.19955911682,TRUE,"spatial",10000,5001,10,2000,7,150,1000
2,"tau_B_sq",1.00258472390638,1667.40082381531,1757.98508849741,TRUE,"spatial",10000,5001,10,2000,7,150,1000
2,"sigma_sq",1.00134573375051,1544.38713190614,1783.85387036591,TRUE,"spatial",10000,5001,10,2000,7,150,1000
2,"eff_range",1.00138208882167,1570.84638182066,1617.20862259589,TRUE,"spatial",10000,5001,10,2000,7,150,1000
2,"lp",1.00387449188313,995.351990213704,1047.35546532115,TRUE,"spatial",10000,5001,10,2000,7,150,1000
3,"tau_B_sq",1.0041073812797,1591.14984069379,1852.99105397481,TRUE,"spatial",10000,5001,10,2000,7,150,1000
3,"sigma_sq",1.00297302624863,1606.63537923785,2285.87538101311,TRUE,"spatial",10000,5001,10,2000,7,150,1000
3,"eff_range",1.00214071153646,1470.12666407833,1616.364142303,TRUE,"spatial",10000,5001,10,2000,7,150,1000
3,"lp",1.00213487711191,1161.13898663585,1643.71667732052,TRUE,"spatial",10000,5001,10,2000,7,150,1000
4,"tau_B_sq",1.00412904233768,1653.4364923043,1721.06472227961,TRUE,"spatial",10000,5001,10,2000,7,150,1000
4,"sigma_sq",1.00164321640931,1695.62864453245,2097.83906538823,TRUE,"spatial",10000,5001,10,2000,7,150,1000
4,"eff_range",1.00328279497285,1593.9307170456,2013.19184827654,TRUE,"spatial",10000,5001,10,2000,7,150,1000
4,"lp",1.00175771709911,1387.13573301422,1789.37901251882,TRUE,"spatial",10000,5001,10,2000,7,150,1000
5,"tau_B_sq",1.00213451798758,1622.5745081219,1667.97076212101,TRUE,"spatial",10000,5001,10,2000,7,150,1000
5,"sigma_sq",1.00113565386826,1696.38323854758,2535.05992201854,TRUE,"spatial",10000,5001,10,2000,7,150,1000
5,"eff_range",1.00318474206867,1643.68551612974,1899.55088753638,TRUE,"spatial",10000,5001,10,2000,7,150,1000
5,"lp",1.00255421792893,1348.56240225938,1496.74180126907,TRUE,"spatial",10000,5001,10,2000,7,150,1000
1,"tau_B_sq",1.00216355393432,3876.23155142281,4038.13077213592,TRUE,"nonspatial",10000,5001,10,2000,7,150,1000
1,"lp",1.00282226685733,2988.80357481578,2686.36097896025,TRUE,"nonspatial",10000,5001,10,2000,7,150,1000
2,"tau_B_sq",1.00184841231664,3923.74470484973,3594.03285783339,TRUE,"nonspatial",10000,5001,10,2000,7,150,1000
2,"lp",1.00256027692514,2780.51914237491,2852.92219617167,TRUE,"nonspatial",10000,5001,10,2000,7,150,1000
3,"tau_B_sq",1.00136287927118,3876.82799152239,4347.39094258807,TRUE,"nonspatial",10000,5001,10,2000,7,150,1000
3,"lp",1.00143611800236,3068.97564557027,2978.4308138947,TRUE,"nonspatial",10000,5001,10,2000,7,150,1000
4,"tau_B_sq",1.00143801286968,3716.8527154344,3939.05501572212,TRUE,"nonspatial",10000,5001,10,2000,7,150,1000
4,"lp",1.00075237560223,2966.35257944164,2662.05350998763,TRUE,"nonspatial",10000,5001,10,2000,7,150,1000
5,"tau_B_sq",1.00153668587779,3949.4736271931,3992.88545073309,TRUE,"nonspatial",10000,5001,10,2000,7,150,1000
5,"lp",1.00186126797371,2876.46683833226,2717.60849927219,TRUE,"nonspatial",10000,5001,10,2000,7,150,1000
1,"tau_B_sq",1.00228172831718,1628.94174760679,1729.71688311049,TRUE,"spatial",10000,5001,10,2000,8,150,1000
1,"sigma_sq",1.00102817516382,1532.71680043198,1468.70746080991,TRUE,"spatial",10000,5001,10,2000,8,150,1000
1,"eff_range",1.00362541032164,1631.25250338628,1966.60536651868,TRUE,"spatial",10000,5001,10,2000,8,150,1000
1,"lp",1.00218257649177,1363.41533787987,1396.24932317068,TRUE,"spatial",10000,5001,10,2000,8,150,1000
2,"tau_B_sq",1.00101666565945,1706.48073020532,1954.64651207944,TRUE,"spatial",10000,5001,10,2000,8,150,1000
2,"sigma_sq",1.00487464317395,1830.6995996751,2570.75819985386,TRUE,"spatial",10000,5001,10,2000,8,150,1000
2,"eff_range",1.00248098987984,1589.88655014987,1699.14301412746,TRUE,"spatial",10000,5001,10,2000,8,150,1000
2,"lp",1.0038970860087,1095.39089941,1663.92633170653,TRUE,"spatial",10000,5001,10,2000,8,150,1000
3,"tau_B_sq",1.00116547748249,1948.08041873722,2086.95783466715,TRUE,"spatial",10000,5001,10,2000,8,150,1000
3,"sigma_sq",1.00149278600936,1793.36809538464,2481.19592780124,TRUE,"spatial",10000,5001,10,2000,8,150,1000
3,"eff_range",1.00263552123642,1511.97893013974,2004.74871983818,TRUE,"spatial",10000,5001,10,2000,8,150,1000
3,"lp",1.00194452743488,1235.80407338858,1548.35427424334,TRUE,"spatial",10000,5001,10,2000,8,150,1000
4,"tau_B_sq",1.00310066830479,1661.63726133032,1984.54265785386,TRUE,"spatial",10000,5001,10,2000,8,150,1000
4,"sigma_sq",1.00365111515145,1719.88118036218,2086.71244997002,TRUE,"spatial",10000,5001,10,2000,8,150,1000
4,"eff_range",1.00143231599276,1576.77973575655,2133.86433287545,TRUE,"spatial",10000,5001,10,2000,8,150,1000
4,"lp",1.00316619068205,1309.77011518405,1686.5841973168,TRUE,"spatial",10000,5001,10,2000,8,150,1000
5,"tau_B_sq",1.00208777756216,1741.88179391119,1965.46729602503,TRUE,"spatial",10000,5001,10,2000,8,150,1000
5,"sigma_sq",1.0010816840134,1604.71050539377,2176.15381728026,TRUE,"spatial",10000,5001,10,2000,8,150,1000
5,"eff_range",1.00164336561672,1623.19323533183,1940.32388272332,TRUE,"spatial",10000,5001,10,2000,8,150,1000
5,"lp",1.00222980796677,1472.06637343033,1617.85182927399,TRUE,"spatial",10000,5001,10,2000,8,150,1000
1,"tau_B_sq",1.0029003353516,3803.73843150961,3881.96629975956,TRUE,"nonspatial",10000,5001,10,2000,8,150,1000
1,"lp",1.00294379422341,2958.74990662815,2536.1593111134,TRUE,"nonspatial",10000,5001,10,2000,8,150,1000
2,"tau_B_sq",1.00150087281638,3781.04910726418,4268.76976482742,TRUE,"nonspatial",10000,5001,10,2000,8,150,1000
2,"lp",1.00110239932729,2947.29299571236,3078.59047176859,TRUE,"nonspatial",10000,5001,10,2000,8,150,1000
3,"tau_B_sq",1.00057212406755,3800.1839735639,4099.08501842714,TRUE,"nonspatial",10000,5001,10,2000,8,150,1000
3,"lp",1.00055190672485,2904.83726414907,2922.08116429072,TRUE,"nonspatial",10000,5001,10,2000,8,150,1000
4,"tau_B_sq",1.00141723886131,3709.82020443651,4111.62483674464,TRUE,"nonspatial",10000,5001,10,2000,8,150,1000
4,"lp",1.00123603681685,2913.56187086541,2828.16373996922,TRUE,"nonspatial",10000,5001,10,2000,8,150,1000
5,"tau_B_sq",1.00206078444898,3789.78567867232,3830.19704281581,TRUE,"nonspatial",10000,5001,10,2000,8,150,1000
5,"lp",1.00169970835532,2870.06106264916,2712.63127485733,TRUE,"nonspatial",10000,5001,10,2000,8,150,1000
1,"tau_B_sq",1.0030093858673,1547.8806636964,1735.18082396351,TRUE,"spatial",10000,5001,10,2000,9,150,1000
1,"sigma_sq",1.00117228489912,1701.85154092439,2620.79408811341,TRUE,"spatial",10000,5001,10,2000,9,150,1000
1,"eff_range",1.00447099340393,1500.37236779876,1485.15045828229,TRUE,"spatial",10000,5001,10,2000,9,150,1000
1,"lp",1.00232660690064,1166.19031971462,1561.0952245175,TRUE,"spatial",10000,5001,10,2000,9,150,1000
2,"tau_B_sq",1.00186586866466,1631.3338160913,1961.39689431667,TRUE,"spatial",10000,5001,10,2000,9,150,1000
2,"sigma_sq",1.00246290008581,1643.44572569991,1972.06288749013,TRUE,"spatial",10000,5001,10,2000,9,150,1000
2,"eff_range",1.00164161076085,1546.56815103477,1921.60949831157,TRUE,"spatial",10000,5001,10,2000,9,150,1000
2,"lp",1.00366936661078,1528.38555479077,1789.77571670365,TRUE,"spatial",10000,5001,10,2000,9,150,1000
3,"tau_B_sq",1.00674876438227,1623.53142716605,1800.25895600528,TRUE,"spatial",10000,5001,10,2000,9,150,1000
3,"sigma_sq",1.00431445014562,1705.18901909798,2023.94438380416,TRUE,"spatial",10000,5001,10,2000,9,150,1000
3,"eff_range",1.00310972687518,1570.35739441392,2010.76856846194,TRUE,"spatial",10000,5001,10,2000,9,150,1000
3,"lp",1.00192012175073,1418.88274671681,1632.68340173422,TRUE,"spatial",10000,5001,10,2000,9,150,1000
4,"tau_B_sq",1.00315110863401,1668.02117465671,2051.88410438648,TRUE,"spatial",10000,5001,10,2000,9,150,1000
4,"sigma_sq",1.00687256862067,1323.50950714555,2007.42404371451,TRUE,"spatial",10000,5001,10,2000,9,150,1000
4,"eff_range",1.00133403828748,1766.21685884795,2013.63056368233,TRUE,"spatial",10000,5001,10,2000,9,150,1000
4,"lp",1.00177244603353,1228.34946036593,1332.1591242167,TRUE,"spatial",10000,5001,10,2000,9,150,1000
5,"tau_B_sq",1.0015293339658,1558.95699676745,1803.71414294337,TRUE,"spatial",10000,5001,10,2000,9,150,1000
5,"sigma_sq",1.00339823189716,1442.91255906248,2151.34394022495,TRUE,"spatial",10000,5001,10,2000,9,150,1000
5,"eff_range",1.00366981395116,1631.3214810469,1771.40013889442,TRUE,"spatial",10000,5001,10,2000,9,150,1000
5,"lp",1.002403568345,1393.30905717507,1852.81832692131,TRUE,"spatial",10000,5001,10,2000,9,150,1000
1,"tau_B_sq",1.00104778358049,3953.20767660829,4357.40335248521,TRUE,"nonspatial",10000,5001,10,2000,9,150,1000
1,"lp",1.00037095204329,2880.29756567178,2963.72264729235,TRUE,"nonspatial",10000,5001,10,2000,9,150,1000
2,"tau_B_sq",1.00201429941556,3701.83701892668,4160.23550085548,TRUE,"nonspatial",10000,5001,10,2000,9,150,1000
2,"lp",1.00213082653273,2729.88143869296,3189.37014560005,TRUE,"nonspatial",10000,5001,10,2000,9,150,1000
3,"tau_B_sq",1.00096625893785,3977.44742619583,4039.3549180947,TRUE,"nonspatial",10000,5001,10,2000,9,150,1000
3,"lp",1.00136448780351,2795.81615503763,3078.22641711452,TRUE,"nonspatial",10000,5001,10,2000,9,150,1000
4,"tau_B_sq",1.00132637266655,3634.98663672014,3938.73849409313,TRUE,"nonspatial",10000,5001,10,2000,9,150,1000
4,"lp",1.00120447056587,3053.55816052023,2636.56015156531,TRUE,"nonspatial",10000,5001,10,2000,9,150,1000
5,"tau_B_sq",1.00008295756573,3896.54602892174,4023.63596086632,TRUE,"nonspatial",10000,5001,10,2000,9,150,1000
5,"lp",1.00248081345829,3045.74284537739,2993.5092558281,TRUE,"nonspatial",10000,5001,10,2000,9,150,1000
1,"tau_B_sq",1.00100742354928,1808.15429066146,1734.14529334754,TRUE,"spatial",10000,5001,10,2000,10,150,1000
1,"sigma_sq",1.00176928178105,1834.05339490896,2021.29636421247,TRUE,"spatial",10000,5001,10,2000,10,150,1000
1,"eff_range",1.00394545213679,1479.85426739351,1798.93639295291,TRUE,"spatial",10000,5001,10,2000,10,150,1000
1,"lp",1.0055286199637,1337.52896825874,1426.87788386977,TRUE,"spatial",10000,5001,10,2000,10,150,1000
2,"tau_B_sq",1.0026321531849,1556.10898167782,2139.90300144559,TRUE,"spatial",10000,5001,10,2000,10,150,1000
2,"sigma_sq",1.00202979400386,1513.77133380227,2087.85456350335,TRUE,"spatial",10000,5001,10,2000,10,150,1000
2,"eff_range",1.00262562181893,1365.75227865274,1849.36609425476,TRUE,"spatial",10000,5001,10,2000,10,150,1000
2,"lp",1.00237735502626,1370.3600790861,1841.15468429495,TRUE,"spatial",10000,5001,10,2000,10,150,1000
3,"tau_B_sq",1.00245929279329,1640.79021772182,1762.81534547191,TRUE,"spatial",10000,5001,10,2000,10,150,1000
3,"sigma_sq",1.0052258317392,1680.63229066865,2470.93098588827,TRUE,"spatial",10000,5001,10,2000,10,150,1000
3,"eff_range",1.00750342138216,1241.7224012495,1313.61886172313,TRUE,"spatial",10000,5001,10,2000,10,150,1000
3,"lp",1.00109254686184,1255.36904341431,1297.39439958738,TRUE,"spatial",10000,5001,10,2000,10,150,1000
4,"tau_B_sq",1.0028338265305,1293.69119379748,1412.64948755307,TRUE,"spatial",10000,5001,10,2000,10,150,1000
4,"sigma_sq",1.00337440366611,1237.97554062543,1621.71629581959,TRUE,"spatial",10000,5001,10,2000,10,150,1000
4,"eff_range",1.00739256492272,1209.47335739148,1966.78587371514,TRUE,"spatial",10000,5001,10,2000,10,150,1000
4,"lp",1.00225981596753,1090.74384528021,1125.43205989198,TRUE,"spatial",10000,5001,10,2000,10,150,1000
5,"tau_B_sq",1.00296516686295,1663.49120987477,2259.28320775986,TRUE,"spatial",10000,5001,10,2000,10,150,1000
5,"sigma_sq",1.00329182903373,1696.82918199604,2094.72583342535,TRUE,"spatial",10000,5001,10,2000,10,150,1000
5,"eff_range",1.00288961314248,1822.92739675001,1935.89662137139,TRUE,"spatial",10000,5001,10,2000,10,150,1000
5,"lp",1.00253353691174,1336.13868025805,1483.83951209851,TRUE,"spatial",10000,5001,10,2000,10,150,1000
1,"tau_B_sq",1.00323245431283,3749.59159993813,3698.80215426863,TRUE,"nonspatial",10000,5001,10,2000,10,150,1000
1,"lp",1.00258757395512,2722.96554547229,3011.49520442537,TRUE,"nonspatial",10000,5001,10,2000,10,150,1000
2,"tau_B_sq",1.00046358813958,3828.82779231708,3858.48733397723,TRUE,"nonspatial",10000,5001,10,2000,10,150,1000
2,"lp",1.00083564727385,3109.69822900203,2966.76685966397,TRUE,"nonspatial",10000,5001,10,2000,10,150,1000
3,"tau_B_sq",1.00198142375619,4073.28897262479,4523.96764009176,TRUE,"nonspatial",10000,5001,10,2000,10,150,1000
3,"lp",1.0009684126774,3027.97145796967,2551.6920097683,TRUE,"nonspatial",10000,5001,10,2000,10,150,1000
4,"tau_B_sq",1.00070638446957,4008.04455799913,3885.24013638336,TRUE,"nonspatial",10000,5001,10,2000,10,150,1000
4,"lp",1.00064151048972,3019.61391767111,2865.99462902748,TRUE,"nonspatial",10000,5001,10,2000,10,150,1000
5,"tau_B_sq",1.00154941841498,3612.92696561005,3692.60113755545,TRUE,"nonspatial",10000,5001,10,2000,10,150,1000
5,"lp",1.00117029006558,2770.04844654559,2456.55156623773,TRUE,"nonspatial",10000,5001,10,2000,10,150,1000
1,"tau_B_sq",1.00114279238682,1768.11783178231,2234.16192945605,TRUE,"spatial",10000,5001,10,2000,1,350,1000
1,"sigma_sq",1.00594774982025,1591.12381483931,2233.35256163875,TRUE,"spatial",10000,5001,10,2000,1,350,1000
1,"eff_range",1.00421510187355,1646.58294507534,2124.10529500274,TRUE,"spatial",10000,5001,10,2000,1,350,1000
1,"lp",1.00387031684224,1339.27187849521,1589.56805848149,TRUE,"spatial",10000,5001,10,2000,1,350,1000
2,"tau_B_sq",1.00324462046276,1463.24607512705,1887.02174476819,TRUE,"spatial",10000,5001,10,2000,1,350,1000
2,"sigma_sq",1.00207225711169,1548.42549859607,2269.94726883093,TRUE,"spatial",10000,5001,10,2000,1,350,1000
2,"eff_range",1.00225863861949,1648.62430128834,2134.48867174838,TRUE,"spatial",10000,5001,10,2000,1,350,1000
2,"lp",1.00334684689697,1286.50526916075,1470.80480104839,TRUE,"spatial",10000,5001,10,2000,1,350,1000
3,"tau_B_sq",1.00178284350091,1859.47751649908,2086.89307805915,TRUE,"spatial",10000,5001,10,2000,1,350,1000
3,"sigma_sq",1.00187900927922,1828.86389519061,2363.35116740398,TRUE,"spatial",10000,5001,10,2000,1,350,1000
3,"eff_range",1.00264553268425,1647.65113284687,1638.25195975844,TRUE,"spatial",10000,5001,10,2000,1,350,1000
3,"lp",1.00272185703698,1330.59401716173,1465.88879893595,TRUE,"spatial",10000,5001,10,2000,1,350,1000
4,"tau_B_sq",1.00276603664485,1815.03773590835,2115.73350687856,TRUE,"spatial",10000,5001,10,2000,1,350,1000
4,"sigma_sq",1.00255499660369,1759.91757658329,2356.967799154,TRUE,"spatial",10000,5001,10,2000,1,350,1000
4,"eff_range",1.00430312161717,1461.15827383531,1745.96449836913,TRUE,"spatial",10000,5001,10,2000,1,350,1000
4,"lp",1.00519388573997,1295.06277785265,1814.04576529141,TRUE,"spatial",10000,5001,10,2000,1,350,1000
5,"tau_B_sq",1.00194479971788,1570.19767460883,1905.51741025182,TRUE,"spatial",10000,5001,10,2000,1,350,1000
5,"sigma_sq",1.00251777101524,1875.32108246837,2145.32844721653,TRUE,"spatial",10000,5001,10,2000,1,350,1000
5,"eff_range",1.00171631267679,1638.42957501485,2040.85512436215,TRUE,"spatial",10000,5001,10,2000,1,350,1000
5,"lp",1.00100347246082,1295.46195522109,1520.43185100788,TRUE,"spatial",10000,5001,10,2000,1,350,1000
1,"tau_B_sq",1.00057297228528,3713.88803085264,4131.66744847633,TRUE,"nonspatial",10000,5001,10,2000,1,350,1000
1,"lp",1.0022122422629,2880.59750355833,2657.62286868509,TRUE,"nonspatial",10000,5001,10,2000,1,350,1000
2,"tau_B_sq",1.00148844643333,3940.27328892382,4249.76536715302,TRUE,"nonspatial",10000,5001,10,2000,1,350,1000
2,"lp",1.00118882329277,3151.28907816117,3146.85698957626,TRUE,"nonspatial",10000,5001,10,2000,1,350,1000
3,"tau_B_sq",1.00320380547626,3931.26460842936,3987.84006654634,TRUE,"nonspatial",10000,5001,10,2000,1,350,1000
3,"lp",1.00285027601623,3022.54097920646,3239.90538617408,TRUE,"nonspatial",10000,5001,10,2000,1,350,1000
4,"tau_B_sq",1.00084389104334,3709.69214600825,3854.79313503306,TRUE,"nonspatial",10000,5001,10,2000,1,350,1000
4,"lp",1.00070932104636,2727.64448982888,2341.71849285384,TRUE,"nonspatial",10000,5001,10,2000,1,350,1000
5,"tau_B_sq",1.00082099943731,4122.03258604665,4254.948882211,TRUE,"nonspatial",10000,5001,10,2000,1,350,1000
5,"lp",1.00079383036561,3070.09723336714,3280.17980373699,TRUE,"nonspatial",10000,5001,10,2000,1,350,1000
1,"tau_B_sq",1.00317736774498,1583.28064843657,2166.82632468979,TRUE,"spatial",10000,5001,10,2000,2,350,1000
1,"sigma_sq",1.00367685896178,1634.12670667661,2241.46991393575,TRUE,"spatial",10000,5001,10,2000,2,350,1000
1,"eff_range",1.00364558264891,1628.28342155521,2381.2199258479,TRUE,"spatial",10000,5001,10,2000,2,350,1000
1,"lp",1.00369725245104,1363.27593905813,1615.19422754655,TRUE,"spatial",10000,5001,10,2000,2,350,1000
2,"tau_B_sq",1.00323966282356,1537.62082708409,1519.76362793473,TRUE,"spatial",10000,5001,10,2000,2,350,1000
2,"sigma_sq",1.00322368517466,1646.78586770876,2227.69138361139,TRUE,"spatial",10000,5001,10,2000,2,350,1000
2,"eff_range",1.00291891832686,1690.33036525305,1746.72067584945,TRUE,"spatial",10000,5001,10,2000,2,350,1000
2,"lp",1.00265917174185,1197.1253451507,1200.15036247168,TRUE,"spatial",10000,5001,10,2000,2,350,1000
3,"tau_B_sq",1.00225662462422,1795.53540885129,2078.82539508236,TRUE,"spatial",10000,5001,10,2000,2,350,1000
3,"sigma_sq",1.00127909282937,1832.30109665795,2333.83012026306,TRUE,"spatial",10000,5001,10,2000,2,350,1000
3,"eff_range",1.00239306853922,1637.71356353247,1823.75163103946,TRUE,"spatial",10000,5001,10,2000,2,350,1000
3,"lp",1.00146341361482,1203.54596894719,1405.61407369539,TRUE,"spatial",10000,5001,10,2000,2,350,1000
4,"tau_B_sq",1.00235081983732,1733.44420826405,2023.8191010777,TRUE,"spatial",10000,5001,10,2000,2,350,1000
4,"sigma_sq",1.0026784612336,1829.36592931669,2449.14091479857,TRUE,"spatial",10000,5001,10,2000,2,350,1000
4,"eff_range",1.00725995072322,1558.50888960406,1919.88845483114,TRUE,"spatial",10000,5001,10,2000,2,350,1000
4,"lp",1.00300359310966,1271.61923513561,1500.04623023413,TRUE,"spatial",10000,5001,10,2000,2,350,1000
5,"tau_B_sq",1.00146701093666,1720.69610965444,1931.40441345915,TRUE,"spatial",10000,5001,10,2000,2,350,1000
5,"sigma_sq",1.00194316622108,1534.0577439547,2367.80022981606,TRUE,"spatial",10000,5001,10,2000,2,350,1000
5,"eff_range",1.00283900525295,1622.93294186948,1795.53827899512,TRUE,"spatial",10000,5001,10,2000,2,350,1000
5,"lp",1.00498900432414,1252.78949819047,1415.01918176963,TRUE,"spatial",10000,5001,10,2000,2,350,1000
1,"tau_B_sq",1.0008174721398,3934.41334845083,4318.57035728877,TRUE,"nonspatial",10000,5001,10,2000,2,350,1000
1,"lp",1.00172249551008,2805.70161766937,2709.85596758451,TRUE,"nonspatial",10000,5001,10,2000,2,350,1000
2,"tau_B_sq",1.0013869762199,4064.01525260269,4124.52507823083,TRUE,"nonspatial",10000,5001,10,2000,2,350,1000
2,"lp",1.00143054231291,2908.44306353784,3111.89728449208,TRUE,"nonspatial",10000,5001,10,2000,2,350,1000
3,"tau_B_sq",1.00186366536213,4264.63111880502,3996.5090635148,TRUE,"nonspatial",10000,5001,10,2000,2,350,1000
3,"lp",1.00178845943819,3151.78308939586,2691.15087205751,TRUE,"nonspatial",10000,5001,10,2000,2,350,1000
4,"tau_B_sq",1.00151119930711,3998.681741941,4158.51416159269,TRUE,"nonspatial",10000,5001,10,2000,2,350,1000
4,"lp",1.00143237316112,3191.59363766194,3131.38580919405,TRUE,"nonspatial",10000,5001,10,2000,2,350,1000
5,"tau_B_sq",1.00104883159737,3703.24075350393,4039.98065408849,TRUE,"nonspatial",10000,5001,10,2000,2,350,1000
5,"lp",1.00096255831951,2784.9839393148,2607.60526992894,TRUE,"nonspatial",10000,5001,10,2000,2,350,1000
1,"tau_B_sq",1.00254799492765,1483.16128113643,1696.57653738025,TRUE,"spatial",10000,5001,10,2000,3,350,1000
1,"sigma_sq",1.00358464186807,1406.89617395743,1730.55574379551,TRUE,"spatial",10000,5001,10,2000,3,350,1000
1,"eff_range",1.00188062048013,1491.46349288457,1829.07974181004,TRUE,"spatial",10000,5001,10,2000,3,350,1000
1,"lp",1.00329594993224,1335.66885543878,1647.00312493188,TRUE,"spatial",10000,5001,10,2000,3,350,1000
2,"tau_B_sq",1.00404793391903,1552.75829268164,2169.92755176783,TRUE,"spatial",10000,5001,10,2000,3,350,1000
2,"sigma_sq",1.00256992990385,1645.31382953479,1892.18190039431,TRUE,"spatial",10000,5001,10,2000,3,350,1000
2,"eff_range",1.00138736801421,1632.4072617376,2124.56927885833,TRUE,"spatial",10000,5001,10,2000,3,350,1000
2,"lp",1.00538274869034,1245.08471488275,1598.48117717711,TRUE,"spatial",10000,5001,10,2000,3,350,1000
3,"tau_B_sq",1.00240726972023,1423.24519136845,1432.35237454032,TRUE,"spatial",10000,5001,10,2000,3,350,1000
3,"sigma_sq",1.00116660268733,1279.7255976128,2013.18625578454,TRUE,"spatial",10000,5001,10,2000,3,350,1000
3,"eff_range",1.00402307266585,1357.6962351451,2048.59144827978,TRUE,"spatial",10000,5001,10,2000,3,350,1000
3,"lp",1.00305044019903,1270.424727819,1368.82714274943,TRUE,"spatial",10000,5001,10,2000,3,350,1000
4,"tau_B_sq",1.00136756993117,1420.06206150745,1017.30841529201,TRUE,"spatial",10000,5001,10,2000,3,350,1000
4,"sigma_sq",1.0022466488696,1517.39820154562,2155.2615360748,TRUE,"spatial",10000,5001,10,2000,3,350,1000
4,"eff_range",1.00119553348897,1530.99809668873,2043.07767066763,TRUE,"spatial",10000,5001,10,2000,3,350,1000
4,"lp",1.00415163085416,1290.19833491655,1400.44530638617,TRUE,"spatial",10000,5001,10,2000,3,350,1000
5,"tau_B_sq",1.00494648828405,1401.3092123153,1380.5269208152,TRUE,"spatial",10000,5001,10,2000,3,350,1000
5,"sigma_sq",1.00342836014178,1522.46783069133,1970.77158384648,TRUE,"spatial",10000,5001,10,2000,3,350,1000
5,"eff_range",1.00085597792283,1246.44381094246,1933.75041305353,TRUE,"spatial",10000,5001,10,2000,3,350,1000
5,"lp",1.00175009392509,1240.59399903873,1277.17393328695,TRUE,"spatial",10000,5001,10,2000,3,350,1000
1,"tau_B_sq",1.00087368925846,3949.65167341008,4072.61010876528,TRUE,"nonspatial",10000,5001,10,2000,3,350,1000
1,"lp",1.00108402223171,2775.67657041826,2774.1535333696,TRUE,"nonspatial",10000,5001,10,2000,3,350,1000
2,"tau_B_sq",1.00106667585816,3363.35192919188,3904.73646566423,TRUE,"nonspatial",10000,5001,10,2000,3,350,1000
2,"lp",1.00104844663342,2747.58118169207,2512.46731406483,TRUE,"nonspatial",10000,5001,10,2000,3,350,1000
3,"tau_B_sq",1.00073016370552,3898.4063887597,3967.16528478906,TRUE,"nonspatial",10000,5001,10,2000,3,350,1000
3,"lp",1.00210291566346,2961.81214773342,2719.24273905253,TRUE,"nonspatial",10000,5001,10,2000,3,350,1000
4,"tau_B_sq",1.00089351934955,3501.84169168043,3866.51758205364,TRUE,"nonspatial",10000,5001,10,2000,3,350,1000
4,"lp",1.00124206390046,2829.98274938299,3175.36403562348,TRUE,"nonspatial",10000,5001,10,2000,3,350,1000
5,"tau_B_sq",1.00047354588248,3943.23627104713,3816.78852794311,TRUE,"nonspatial",10000,5001,10,2000,3,350,1000
5,"lp",1.00117943616046,2815.70126328179,2703.57639408155,TRUE,"nonspatial",10000,5001,10,2000,3,350,1000
1,"tau_B_sq",1.00297210972289,907.090416588857,1333.95994806212,TRUE,"spatial",10000,5001,10,2000,4,350,1000
1,"sigma_sq",1.00349222648748,1379.17062237967,1285.24098678018,TRUE,"spatial",10000,5001,10,2000,4,350,1000
1,"eff_range",1.00312750594274,943.385168802832,1200.2421042106,TRUE,"spatial",10000,5001,10,2000,4,350,1000
1,"lp",1.00319042954616,665.862861585096,893.047259597618,TRUE,"spatial",10000,5001,10,2000,4,350,1000
2,"tau_B_sq",1.00229404937102,1094.16977534802,1645.85640037024,TRUE,"spatial",10000,5001,10,2000,4,350,1000
2,"sigma_sq",1.00252374272032,1628.75290372118,1722.56626266292,TRUE,"spatial",10000,5001,10,2000,4,350,1000
2,"eff_range",1.0024777624032,1045.96902089536,1960.26069498995,TRUE,"spatial",10000,5001,10,2000,4,350,1000
2,"lp",1.00128041130427,959.999494982485,729.353390123523,TRUE,"spatial",10000,5001,10,2000,4,350,1000
3,"tau_B_sq",1.00289972549452,1276.25703823272,1381.07096055454,TRUE,"spatial",10000,5001,10,2000,4,350,1000
3,"sigma_sq",1.00173561182155,1396.51563715016,1439.32525142735,TRUE,"spatial",10000,5001,10,2000,4,350,1000
3,"eff_range",1.00382168444973,1288.63556560587,2116.40001393747,TRUE,"spatial",10000,5001,10,2000,4,350,1000
3,"lp",1.00229327989788,1131.20307788688,1047.62673160755,TRUE,"spatial",10000,5001,10,2000,4,350,1000
4,"tau_B_sq",1.00390005458701,955.487153685633,1198.20937793458,TRUE,"spatial",10000,5001,10,2000,4,350,1000
4,"sigma_sq",1.00584571173636,1154.48472862503,1507.9674603908,TRUE,"spatial",10000,5001,10,2000,4,350,1000
4,"eff_range",1.0044524613159,694.852217616548,497.028253954331,TRUE,"spatial",10000,5001,10,2000,4,350,1000
4,"lp",1.00746829014471,710.758809336568,1048.10968796472,TRUE,"spatial",10000,5001,10,2000,4,350,1000
5,"tau_B_sq",1.00205854088078,1004.34000271119,1370.65683073598,TRUE,"spatial",10000,5001,10,2000,4,350,1000
5,"sigma_sq",1.00114997382205,1676.33367637956,2363.00777655495,TRUE,"spatial",10000,5001,10,2000,4,350,1000
5,"eff_range",1.0032800863001,1084.04299306384,744.601338283762,TRUE,"spatial",10000,5001,10,2000,4,350,1000
5,"lp",1.00343031128206,850.845521510343,1343.34356681062,TRUE,"spatial",10000,5001,10,2000,4,350,1000
1,"tau_B_sq",1.00165706321957,3500.26723818648,4030.3658508753,TRUE,"nonspatial",10000,5001,10,2000,4,350,1000
1,"lp",1.0013346903384,2967.42910461509,2687.87142951421,TRUE,"nonspatial",10000,5001,10,2000,4,350,1000
2,"tau_B_sq",1.00140180692776,3724.66543907118,3969.56194889741,TRUE,"nonspatial",10000,5001,10,2000,4,350,1000
2,"lp",1.00112571552524,3032.14745523398,2895.5946102776,TRUE,"nonspatial",10000,5001,10,2000,4,350,1000
3,"tau_B_sq",1.00110137156715,3639.496151224,3474.78674871251,TRUE,"nonspatial",10000,5001,10,2000,4,350,1000
3,"lp",1.00121738815698,2949.9684063284,2758.10902064135,TRUE,"nonspatial",10000,5001,10,2000,4,350,1000
4,"tau_B_sq",1.00195189072334,3959.29158072176,3916.92589668139,TRUE,"nonspatial",10000,5001,10,2000,4,350,1000
4,"lp",1.00211328975077,3004.9492756743,2693.8715526215,TRUE,"nonspatial",10000,5001,10,2000,4,350,1000
5,"tau_B_sq",1.00251651502256,4177.9889922223,4405.89600724174,TRUE,"nonspatial",10000,5001,10,2000,4,350,1000
5,"lp",1.00247718365389,2972.83701931791,2577.47523750774,TRUE,"nonspatial",10000,5001,10,2000,4,350,1000
1,"tau_B_sq",1.00297310586198,1625.80772735487,2062.00317839214,TRUE,"spatial",10000,5001,10,2000,5,350,1000
1,"sigma_sq",1.00254000631457,1536.41624419482,2324.93357597834,TRUE,"spatial",10000,5001,10,2000,5,350,1000
1,"eff_range",1.00399783742369,1012.27986790042,1724.61033292478,TRUE,"spatial",10000,5001,10,2000,5,350,1000
1,"lp",1.00417521801843,1240.77955116474,1428.29122695342,TRUE,"spatial",10000,5001,10,2000,5,350,1000
2,"tau_B_sq",1.00191892926012,1201.33656882816,1729.62898165346,TRUE,"spatial",10000,5001,10,2000,5,350,1000
2,"sigma_sq",1.00552712046926,1516.08490667617,1937.64007837348,TRUE,"spatial",10000,5001,10,2000,5,350,1000
2,"eff_range",1.00164290400685,1409.07936717292,2012.4587371611,TRUE,"spatial",10000,5001,10,2000,5,350,1000
2,"lp",1.00366658016954,1355.78932589027,1710.42990298247,TRUE,"spatial",10000,5001,10,2000,5,350,1000
3,"tau_B_sq",1.00155120948013,1575.60568836598,2129.8467268883,TRUE,"spatial",10000,5001,10,2000,5,350,1000
3,"sigma_sq",1.00326345930175,1642.41122412605,2294.27449446614,TRUE,"spatial",10000,5001,10,2000,5,350,1000
3,"eff_range",1.0022364485203,1626.98418329466,1626.7668022205,TRUE,"spatial",10000,5001,10,2000,5,350,1000
3,"lp",1.00345086189774,1293.01104439402,1452.08405841023,TRUE,"spatial",10000,5001,10,2000,5,350,1000
4,"tau_B_sq",1.00434558461172,1397.58893038505,1805.52086521502,TRUE,"spatial",10000,5001,10,2000,5,350,1000
4,"sigma_sq",1.00303663778066,1599.78682623719,2271.81336773789,TRUE,"spatial",10000,5001,10,2000,5,350,1000
4,"eff_range",1.00109743133391,1618.98649770384,1563.60529397441,TRUE,"spatial",10000,5001,10,2000,5,350,1000
4,"lp",1.00316370665312,1099.05247375095,1622.05221909939,TRUE,"spatial",10000,5001,10,2000,5,350,1000
5,"tau_B_sq",1.0033375079586,1668.50893929223,2225.07822201254,TRUE,"spatial",10000,5001,10,2000,5,350,1000
5,"sigma_sq",1.00090240293706,1685.74790508657,2293.14471242506,TRUE,"spatial",10000,5001,10,2000,5,350,1000
5,"eff_range",1.00240816322249,1768.45158587648,2212.10567873791,TRUE,"spatial",10000,5001,10,2000,5,350,1000
5,"lp",1.00158961932407,1476.24837711382,1835.32857732645,TRUE,"spatial",10000,5001,10,2000,5,350,1000
1,"tau_B_sq",1.00220231091094,3964.96128473373,4140.85852859161,TRUE,"nonspatial",10000,5001,10,2000,5,350,1000
1,"lp",1.0024789073353,2838.04972497412,2546.07206828973,TRUE,"nonspatial",10000,5001,10,2000,5,350,1000
2,"tau_B_sq",1.00090352407608,3800.36076394084,4040.29522944662,TRUE,"nonspatial",10000,5001,10,2000,5,350,1000
2,"lp",1.00227935643645,2775.20546523025,2812.37115730055,TRUE,"nonspatial",10000,5001,10,2000,5,350,1000
3,"tau_B_sq",1.00078842696642,4507.04980849334,4744.05072466393,TRUE,"nonspatial",10000,5001,10,2000,5,350,1000
3,"lp",1.00198976586353,2852.90638251531,3111.09130508915,TRUE,"nonspatial",10000,5001,10,2000,5,350,1000
4,"tau_B_sq",1.00135451840758,3719.93712877109,4210.19723539151,TRUE,"nonspatial",10000,5001,10,2000,5,350,1000
4,"lp",1.00189139253802,3060.23780668816,3177.49556123262,TRUE,"nonspatial",10000,5001,10,2000,5,350,1000
5,"tau_B_sq",1.00078643833871,3947.28518517899,3868.95759986677,TRUE,"nonspatial",10000,5001,10,2000,5,350,1000
5,"lp",1.00118407092132,3228.87821948647,3047.56122322669,TRUE,"nonspatial",10000,5001,10,2000,5,350,1000
1,"tau_B_sq",1.00376609080761,1620.02149280483,2031.28541556705,TRUE,"spatial",10000,5001,10,2000,6,350,1000
1,"sigma_sq",1.00193004347046,1413.72839976292,2175.84759661628,TRUE,"spatial",10000,5001,10,2000,6,350,1000
1,"eff_range",1.00172628944313,1570.32609447189,2108.83375926989,TRUE,"spatial",10000,5001,10,2000,6,350,1000
1,"lp",1.00484486599331,1167.90283234172,1560.23066518857,TRUE,"spatial",10000,5001,10,2000,6,350,1000
2,"tau_B_sq",1.00426848453985,1576.98995642437,1572.05662580929,TRUE,"spatial",10000,5001,10,2000,6,350,1000
2,"sigma_sq",1.00381237289763,1677.49376876681,2182.28832752001,TRUE,"spatial",10000,5001,10,2000,6,350,1000
2,"eff_range",1.00037679395174,1743.31803395871,2085.29326567708,TRUE,"spatial",10000,5001,10,2000,6,350,1000
2,"lp",1.00276337769385,1378.10297162572,1714.4517938893,TRUE,"spatial",10000,5001,10,2000,6,350,1000
3,"tau_B_sq",1.00322018201403,1378.25123400516,1634.89197967998,TRUE,"spatial",10000,5001,10,2000,6,350,1000
3,"sigma_sq",1.00328691453117,1531.32272557589,2413.05991275819,TRUE,"spatial",10000,5001,10,2000,6,350,1000
3,"eff_range",1.00142651705186,1765.98837136785,1718.14744670521,TRUE,"spatial",10000,5001,10,2000,6,350,1000
3,"lp",1.00178606133818,1235.28163797561,1567.02679647551,TRUE,"spatial",10000,5001,10,2000,6,350,1000
4,"tau_B_sq",1.00192578740291,1715.64854152741,1843.83901110396,TRUE,"spatial",10000,5001,10,2000,6,350,1000
4,"sigma_sq",1.00179282121729,1662.26058568633,2370.79634820259,TRUE,"spatial",10000,5001,10,2000,6,350,1000
4,"eff_range",1.00192625966506,1587.52487050095,1976.62326880903,TRUE,"spatial",10000,5001,10,2000,6,350,1000
4,"lp",1.00443578983426,1359.93732961159,1628.5147262569,TRUE,"spatial",10000,5001,10,2000,6,350,1000
5,"tau_B_sq",1.00263569925699,1532.12272097582,1952.05312329399,TRUE,"spatial",10000,5001,10,2000,6,350,1000
5,"sigma_sq",1.00270397109573,1687.89126773486,2386.72226811701,TRUE,"spatial",10000,5001,10,2000,6,350,1000
5,"eff_range",1.00328495148843,1308.3733837654,1467.87743523861,TRUE,"spatial",10000,5001,10,2000,6,350,1000
5,"lp",1.00533771175759,1126.26524972612,1438.76278749467,TRUE,"spatial",10000,5001,10,2000,6,350,1000
1,"tau_B_sq",1.00076612488741,4093.15577698559,3802.88584732476,TRUE,"nonspatial",10000,5001,10,2000,6,350,1000
1,"lp",1.00066126815489,2939.42014975463,2882.96110909027,TRUE,"nonspatial",10000,5001,10,2000,6,350,1000
2,"tau_B_sq",1.00294273846589,3843.07617262277,3715.19569498297,TRUE,"nonspatial",10000,5001,10,2000,6,350,1000
2,"lp",1.00311260446127,2690.18221645556,2940.51547443951,TRUE,"nonspatial",10000,5001,10,2000,6,350,1000
3,"tau_B_sq",1.00163777498307,3995.44280205227,4009.53071903551,TRUE,"nonspatial",10000,5001,10,2000,6,350,1000
3,"lp",1.00110712806887,3023.6967069282,2839.13635608403,TRUE,"nonspatial",10000,5001,10,2000,6,350,1000
4,"tau_B_sq",1.00109858258842,3872.69980183218,3196.4130752068,TRUE,"nonspatial",10000,5001,10,2000,6,350,1000
4,"lp",1.00050885777537,2792.57386249952,2950.51997423851,TRUE,"nonspatial",10000,5001,10,2000,6,350,1000
5,"tau_B_sq",1.00097493158414,4015.04154480448,4292.68085130533,TRUE,"nonspatial",10000,5001,10,2000,6,350,1000
5,"lp",1.00073939693343,3053.5133257199,2782.52194379778,TRUE,"nonspatial",10000,5001,10,2000,6,350,1000
1,"tau_B_sq",1.00583909729193,1437.73205935804,1744.71776834873,TRUE,"spatial",10000,5001,10,2000,7,350,1000
1,"sigma_sq",1.00190784912558,1462.36095831593,2140.14642664818,TRUE,"spatial",10000,5001,10,2000,7,350,1000
1,"eff_range",1.00216569186062,1401.884507892,1792.48602265956,TRUE,"spatial",10000,5001,10,2000,7,350,1000
1,"lp",1.00195716764615,1370.97699070658,1823.58110204304,TRUE,"spatial",10000,5001,10,2000,7,350,1000
2,"tau_B_sq",1.00094414673611,1532.38893005271,1497.10152277073,TRUE,"spatial",10000,5001,10,2000,7,350,1000
2,"sigma_sq",1.00113678333744,1673.23293770981,2153.05920656704,TRUE,"spatial",10000,5001,10,2000,7,350,1000
2,"eff_range",1.00213578496231,1577.89866844539,2227.27211516739,TRUE,"spatial",10000,5001,10,2000,7,350,1000
2,"lp",1.00336174900376,1492.61552557922,1776.31900774755,TRUE,"spatial",10000,5001,10,2000,7,350,1000
3,"tau_B_sq",1.00289787939138,1909.1745521464,2438.84661936684,TRUE,"spatial",10000,5001,10,2000,7,350,1000
3,"sigma_sq",1.0015177903612,1974.9694298761,2635.24886766479,TRUE,"spatial",10000,5001,10,2000,7,350,1000
3,"eff_range",1.00260773233345,1696.05982990741,1973.07366448376,TRUE,"spatial",10000,5001,10,2000,7,350,1000
3,"lp",1.00354714102293,1286.82692857423,1813.46618565994,TRUE,"spatial",10000,5001,10,2000,7,350,1000
4,"tau_B_sq",1.00226455977981,1355.69895413053,1421.49236089034,TRUE,"spatial",10000,5001,10,2000,7,350,1000
4,"sigma_sq",1.00446200134596,1691.23157397408,2257.97195323598,TRUE,"spatial",10000,5001,10,2000,7,350,1000
4,"eff_range",1.00256533839855,1532.73610152591,1916.84399608714,TRUE,"spatial",10000,5001,10,2000,7,350,1000
4,"lp",1.00550342864326,1320.54527814071,1728.73157315155,TRUE,"spatial",10000,5001,10,2000,7,350,1000
5,"tau_B_sq",1.00154625226365,1477.5058895889,1520.18449251744,TRUE,"spatial",10000,5001,10,2000,7,350,1000
5,"sigma_sq",1.00193565893707,1530.8743683891,2097.93211415655,TRUE,"spatial",10000,5001,10,2000,7,350,1000
5,"eff_range",1.00225695947352,1523.08201107387,1932.98681397518,TRUE,"spatial",10000,5001,10,2000,7,350,1000
5,"lp",1.00374221961401,1235.3569061307,1351.61439574564,TRUE,"spatial",10000,5001,10,2000,7,350,1000
1,"tau_B_sq",1.00117275061502,3817.62016735069,4339.04905431856,TRUE,"nonspatial",10000,5001,10,2000,7,350,1000
1,"lp",1.0010160938587,3026.87874969479,3061.09861441103,TRUE,"nonspatial",10000,5001,10,2000,7,350,1000
2,"tau_B_sq",1.00150004081207,3538.36900380277,3783.02748456036,TRUE,"nonspatial",10000,5001,10,2000,7,350,1000
2,"lp",1.00011837637324,2785.36393991382,2738.06544255726,TRUE,"nonspatial",10000,5001,10,2000,7,350,1000
3,"tau_B_sq",1.00082722499803,3937.40463165954,4147.55436738166,TRUE,"nonspatial",10000,5001,10,2000,7,350,1000
3,"lp",1.00137662550879,3050.10458467073,3067.40974804387,TRUE,"nonspatial",10000,5001,10,2000,7,350,1000
4,"tau_B_sq",1.00487642420346,3599.91792510196,4042.04195883788,TRUE,"nonspatial",10000,5001,10,2000,7,350,1000
4,"lp",1.00402361849523,3081.10696711003,2691.69740560006,TRUE,"nonspatial",10000,5001,10,2000,7,350,1000
5,"tau_B_sq",1.00138729619878,3859.62490428851,4187.12139557157,TRUE,"nonspatial",10000,5001,10,2000,7,350,1000
5,"lp",1.00132930519883,2600.81590596258,2783.1279502948,TRUE,"nonspatial",10000,5001,10,2000,7,350,1000
1,"tau_B_sq",1.00091246279175,1649.81417674698,1486.79192919911,TRUE,"spatial",10000,5001,10,2000,8,350,1000
1,"sigma_sq",1.00151538786771,1737.13300732328,2053.04796130652,TRUE,"spatial",10000,5001,10,2000,8,350,1000
1,"eff_range",1.00299102925237,1577.974424328,1949.91600356789,TRUE,"spatial",10000,5001,10,2000,8,350,1000
1,"lp",1.0022141070943,1451.10971957547,1525.13341087526,TRUE,"spatial",10000,5001,10,2000,8,350,1000
2,"tau_B_sq",1.00084059954787,1792.06468903377,1815.77736715508,TRUE,"spatial",10000,5001,10,2000,8,350,1000
2,"sigma_sq",1.00106320457646,1432.99962845418,1818.92738676573,TRUE,"spatial",10000,5001,10,2000,8,350,1000
2,"eff_range",1.00129221849244,1492.34170389596,1963.80298992903,TRUE,"spatial",10000,5001,10,2000,8,350,1000
2,"lp",1.00261307059758,1154.6876802019,1454.60717220353,TRUE,"spatial",10000,5001,10,2000,8,350,1000
3,"tau_B_sq",1.00138588350357,1664.50409549993,2402.89928333894,TRUE,"spatial",10000,5001,10,2000,8,350,1000
3,"sigma_sq",1.00407371581374,1753.61628279668,2360.45099719194,TRUE,"spatial",10000,5001,10,2000,8,350,1000
3,"eff_range",1.00226400688366,1555.16375274328,2146.9573916788,TRUE,"spatial",10000,5001,10,2000,8,350,1000
3,"lp",1.0027002681949,1452.42395903687,1471.95728822683,TRUE,"spatial",10000,5001,10,2000,8,350,1000
4,"tau_B_sq",1.0014416588237,1577.58455820742,1921.74018435028,TRUE,"spatial",10000,5001,10,2000,8,350,1000
4,"sigma_sq",1.00303035460248,1611.43920565476,2181.11830447837,TRUE,"spatial",10000,5001,10,2000,8,350,1000
4,"eff_range",1.00221624213608,1573.32438216528,1737.48512410544,TRUE,"spatial",10000,5001,10,2000,8,350,1000
4,"lp",1.00294249566243,1422.72398264045,1679.74584306089,TRUE,"spatial",10000,5001,10,2000,8,350,1000
5,"tau_B_sq",1.00169351523178,1605.2000861715,2267.92884645428,TRUE,"spatial",10000,5001,10,2000,8,350,1000
5,"sigma_sq",1.00198403402557,1663.72838429788,2579.53785236382,TRUE,"spatial",10000,5001,10,2000,8,350,1000
5,"eff_range",1.0035016851001,1459.0055055571,2039.89711235986,TRUE,"spatial",10000,5001,10,2000,8,350,1000
5,"lp",1.0043531347857,1436.44718975393,1495.9583201261,TRUE,"spatial",10000,5001,10,2000,8,350,1000
1,"tau_B_sq",1.00079959805682,3737.95179154906,3870.10309258975,TRUE,"nonspatial",10000,5001,10,2000,8,350,1000
1,"lp",1.00036766501157,2970.6610993269,3220.59756779658,TRUE,"nonspatial",10000,5001,10,2000,8,350,1000
2,"tau_B_sq",1.00173341963082,3903.48789126208,4106.73305117301,TRUE,"nonspatial",10000,5001,10,2000,8,350,1000
2,"lp",1.00151112663529,3154.63227027986,2951.13411998552,TRUE,"nonspatial",10000,5001,10,2000,8,350,1000
3,"tau_B_sq",1.00187894926907,3582.00033593714,3729.5295251145,TRUE,"nonspatial",10000,5001,10,2000,8,350,1000
3,"lp",1.00171574171156,2998.95289094807,2863.19379124801,TRUE,"nonspatial",10000,5001,10,2000,8,350,1000
4,"tau_B_sq",1.00201794260052,3574.96587943512,3470.02936142063,TRUE,"nonspatial",10000,5001,10,2000,8,350,1000
4,"lp",1.00169204843613,2853.70819440652,2741.06756600195,TRUE,"nonspatial",10000,5001,10,2000,8,350,1000
5,"tau_B_sq",1.00228745838067,3822.89513356568,3893.47225425641,TRUE,"nonspatial",10000,5001,10,2000,8,350,1000
5,"lp",1.0018594814307,2788.79571108386,2678.45931424575,TRUE,"nonspatial",10000,5001,10,2000,8,350,1000
1,"tau_B_sq",1.00573815990519,1466.73354508388,1353.6629583202,TRUE,"spatial",10000,5001,10,2000,9,350,1000
1,"sigma_sq",1.00238438358307,1437.15149984723,1401.19614284486,TRUE,"spatial",10000,5001,10,2000,9,350,1000
1,"eff_range",1.00191671427082,1483.7173704313,1713.44541633419,TRUE,"spatial",10000,5001,10,2000,9,350,1000
1,"lp",1.00180679303339,1308.43542062365,1468.49855969414,TRUE,"spatial",10000,5001,10,2000,9,350,1000
2,"tau_B_sq",1.00362753521442,1204.03520809786,1523.70131772568,TRUE,"spatial",10000,5001,10,2000,9,350,1000
2,"sigma_sq",1.00375475684516,1312.09739910005,1674.37325208158,TRUE,"spatial",10000,5001,10,2000,9,350,1000
2,"eff_range",1.00172481340072,1223.659953817,2069.64084236276,TRUE,"spatial",10000,5001,10,2000,9,350,1000
2,"lp",1.00311417158635,939.115573531366,992.015536681514,TRUE,"spatial",10000,5001,10,2000,9,350,1000
3,"tau_B_sq",1.00172101539327,1161.06677168321,930.48016274393,TRUE,"spatial",10000,5001,10,2000,9,350,1000
3,"sigma_sq",1.00231837890829,1331.44394194677,1787.68688615263,TRUE,"spatial",10000,5001,10,2000,9,350,1000
3,"eff_range",1.00405678681477,1148.44233284631,1882.58323939468,TRUE,"spatial",10000,5001,10,2000,9,350,1000
3,"lp",1.00269944717318,1127.45237703622,968.901305159292,TRUE,"spatial",10000,5001,10,2000,9,350,1000
4,"tau_B_sq",1.00201510860177,1311.99638849811,1295.20797263682,TRUE,"spatial",10000,5001,10,2000,9,350,1000
4,"sigma_sq",1.00351586032725,1332.07056658386,1963.87174673415,TRUE,"spatial",10000,5001,10,2000,9,350,1000
4,"eff_range",1.00041670245504,1375.58342210064,2138.97716260305,TRUE,"spatial",10000,5001,10,2000,9,350,1000
4,"lp",1.00404790576776,1254.44694470633,1266.70120654466,TRUE,"spatial",10000,5001,10,2000,9,350,1000
5,"tau_B_sq",1.00227912388975,1421.52665816363,1208.98390858282,TRUE,"spatial",10000,5001,10,2000,9,350,1000
5,"sigma_sq",1.00160622035974,1594.1980116129,2173.98876018135,TRUE,"spatial",10000,5001,10,2000,9,350,1000
5,"eff_range",1.00379930161086,1273.15347658726,2142.53005201791,TRUE,"spatial",10000,5001,10,2000,9,350,1000
5,"lp",1.0041883338061,1350.07582846912,1524.22276380485,TRUE,"spatial",10000,5001,10,2000,9,350,1000
1,"tau_B_sq",1.0011864630593,3913.73300961817,3976.46318085889,TRUE,"nonspatial",10000,5001,10,2000,9,350,1000
1,"lp",1.00134121674819,3050.79257254353,3061.17735069693,TRUE,"nonspatial",10000,5001,10,2000,9,350,1000
2,"tau_B_sq",1.0013694818455,3599.97130209881,4132.64608126451,TRUE,"nonspatial",10000,5001,10,2000,9,350,1000
2,"lp",1.00147029185134,2987.22005467118,2756.51828279441,TRUE,"nonspatial",10000,5001,10,2000,9,350,1000
3,"tau_B_sq",1.00073469406236,3913.52108050929,3888.06008067127,TRUE,"nonspatial",10000,5001,10,2000,9,350,1000
3,"lp",1.00133971611932,3003.58942705753,2875.376744143,TRUE,"nonspatial",10000,5001,10,2000,9,350,1000
4,"tau_B_sq",1.00042457439052,3593.08182842525,3797.9420755362,TRUE,"nonspatial",10000,5001,10,2000,9,350,1000
4,"lp",1.00043816991575,3042.43534766483,2886.50746398358,TRUE,"nonspatial",10000,5001,10,2000,9,350,1000
5,"tau_B_sq",1.00079577148892,3744.31120848553,3905.47170318209,TRUE,"nonspatial",10000,5001,10,2000,9,350,1000
5,"lp",1.00114794306426,2934.50617731448,3205.01132680268,TRUE,"nonspatial",10000,5001,10,2000,9,350,1000
1,"tau_B_sq",1.0023729167667,1308.38255214852,1646.60513698646,TRUE,"spatial",10000,5001,10,2000,10,350,1000
1,"sigma_sq",1.004708844738,1561.39390802606,1828.58278104064,TRUE,"spatial",10000,5001,10,2000,10,350,1000
1,"eff_range",1.00520566760831,1366.87974267556,1806.00576348183,TRUE,"spatial",10000,5001,10,2000,10,350,1000
1,"lp",1.00386648701964,1048.56842059076,1135.04307165109,TRUE,"spatial",10000,5001,10,2000,10,350,1000
2,"tau_B_sq",1.0016314248139,1374.90325600275,1433.92540604678,TRUE,"spatial",10000,5001,10,2000,10,350,1000
2,"sigma_sq",1.00249470888423,1493.95946409954,1832.95628790087,TRUE,"spatial",10000,5001,10,2000,10,350,1000
2,"eff_range",1.00237616315299,1491.04677672803,2063.11536933337,TRUE,"spatial",10000,5001,10,2000,10,350,1000
2,"lp",1.00106863111332,1276.4481414329,1355.62751457273,TRUE,"spatial",10000,5001,10,2000,10,350,1000
3,"tau_B_sq",1.00321238235737,1101.00265285432,1859.48747377335,TRUE,"spatial",10000,5001,10,2000,10,350,1000
3,"sigma_sq",1.0044107493516,1315.33677690207,1639.05700037614,TRUE,"spatial",10000,5001,10,2000,10,350,1000
3,"eff_range",1.00190264083018,1418.52450855395,2061.90987674717,TRUE,"spatial",10000,5001,10,2000,10,350,1000
3,"lp",1.00211946375745,1093.8150576727,990.882657413451,TRUE,"spatial",10000,5001,10,2000,10,350,1000
4,"tau_B_sq",1.00330661056713,1671.4151229539,2241.1328810833,TRUE,"spatial",10000,5001,10,2000,10,350,1000
4,"sigma_sq",1.00144885268616,1830.30403360604,2474.34533867255,TRUE,"spatial",10000,5001,10,2000,10,350,1000
4,"eff_range",1.00278834876768,1707.49585273956,2119.33941038324,TRUE,"spatial",10000,5001,10,2000,10,350,1000
4,"lp",1.0045359141365,1350.99148806872,1359.14286320463,TRUE,"spatial",10000,5001,10,2000,10,350,1000
5,"tau_B_sq",1.0034645819115,1121.18381967518,1283.45660645193,TRUE,"spatial",10000,5001,10,2000,10,350,1000
5,"sigma_sq",1.0033668931075,1464.97037556199,1594.34072954732,TRUE,"spatial",10000,5001,10,2000,10,350,1000
5,"eff_range",1.0028605095474,1164.53903684074,1908.92797807511,TRUE,"spatial",10000,5001,10,2000,10,350,1000
5,"lp",1.00455941166742,774.375216367621,793.792947283127,TRUE,"spatial",10000,5001,10,2000,10,350,1000
1,"tau_B_sq",1.00219451102796,3845.37487534203,4157.17978113699,TRUE,"nonspatial",10000,5001,10,2000,10,350,1000
1,"lp",1.00133731412944,2773.73352087906,2425.58683789351,TRUE,"nonspatial",10000,5001,10,2000,10,350,1000
2,"tau_B_sq",1.00075540166281,4060.6725521449,4031.28192474005,TRUE,"nonspatial",10000,5001,10,2000,10,350,1000
2,"lp",1.00070974069848,3144.15700054762,2960.33638071892,TRUE,"nonspatial",10000,5001,10,2000,10,350,1000
3,"tau_B_sq",1.00143217085447,3773.48030158104,3882.55823374122,TRUE,"nonspatial",10000,5001,10,2000,10,350,1000
3,"lp",1.00101459329314,2551.52626728005,2560.99440539043,TRUE,"nonspatial",10000,5001,10,2000,10,350,1000
4,"tau_B_sq",1.00116005976518,3579.03640530624,3850.90246660611,TRUE,"nonspatial",10000,5001,10,2000,10,350,1000
4,"lp",1.00179762601094,2858.17065329705,2802.87421453494,TRUE,"nonspatial",10000,5001,10,2000,10,350,1000
5,"tau_B_sq",1.00185646021805,3903.89169277721,3688.77021276059,TRUE,"nonspatial",10000,5001,10,2000,10,350,1000
5,"lp",1.0022672611992,2907.71848268695,2720.99083817455,TRUE,"nonspatial",10000,5001,10,2000,10,350,1000
1,"tau_B_sq",1.00160151767306,1718.97635576335,1964.91144578616,TRUE,"spatial",10000,5001,10,2000,1,750,1000
1,"sigma_sq",1.00370750028376,1748.38231477638,2193.72845526475,TRUE,"spatial",10000,5001,10,2000,1,750,1000
1,"eff_range",1.00248855339485,1369.7855154617,1897.75213742738,TRUE,"spatial",10000,5001,10,2000,1,750,1000
1,"lp",1.00421540520668,1292.75001802378,1601.776187881,TRUE,"spatial",10000,5001,10,2000,1,750,1000
2,"tau_B_sq",1.00291073670752,1838.68591983943,2166.36242044732,TRUE,"spatial",10000,5001,10,2000,1,750,1000
2,"sigma_sq",1.00279569205531,1507.83556741289,1924.23046035608,TRUE,"spatial",10000,5001,10,2000,1,750,1000
2,"eff_range",1.00377933894652,1554.27330275212,1750.26244122581,TRUE,"spatial",10000,5001,10,2000,1,750,1000
2,"lp",1.00293444921231,1472.72168229619,1460.47635705847,TRUE,"spatial",10000,5001,10,2000,1,750,1000
3,"tau_B_sq",1.00197655961804,1686.4161304096,2566.50280235783,TRUE,"spatial",10000,5001,10,2000,1,750,1000
3,"sigma_sq",1.0019823059706,1832.4637410226,2330.94792779639,TRUE,"spatial",10000,5001,10,2000,1,750,1000
3,"eff_range",1.00263160642022,1632.07232160846,1999.58660438924,TRUE,"spatial",10000,5001,10,2000,1,750,1000
3,"lp",1.00301817820979,1303.87971275587,1154.97500504084,TRUE,"spatial",10000,5001,10,2000,1,750,1000
4,"tau_B_sq",1.00560851688499,1466.57266997519,2029.96051380972,TRUE,"spatial",10000,5001,10,2000,1,750,1000
4,"sigma_sq",1.00285125171907,1686.00194278927,2189.35399499096,TRUE,"spatial",10000,5001,10,2000,1,750,1000
4,"eff_range",1.00260573772904,1458.83885819211,1875.71192026776,TRUE,"spatial",10000,5001,10,2000,1,750,1000
4,"lp",1.00124648300184,1506.84153967072,1460.86709797724,TRUE,"spatial",10000,5001,10,2000,1,750,1000
5,"tau_B_sq",1.00340901582685,1643.63590786771,2196.60596125018,TRUE,"spatial",10000,5001,10,2000,1,750,1000
5,"sigma_sq",1.00490469873303,1623.26464294451,1613.84525790843,TRUE,"spatial",10000,5001,10,2000,1,750,1000
5,"eff_range",1.00206968314607,1573.00211151399,1793.38867448736,TRUE,"spatial",10000,5001,10,2000,1,750,1000
5,"lp",1.00497010424035,1268.04406537448,1332.85683899929,TRUE,"spatial",10000,5001,10,2000,1,750,1000
1,"tau_B_sq",1.00045002521582,4100.76751558326,4156.19859375909,TRUE,"nonspatial",10000,5001,10,2000,1,750,1000
1,"lp",1.00085563471812,3029.67500743018,2855.27422035617,TRUE,"nonspatial",10000,5001,10,2000,1,750,1000
2,"tau_B_sq",1.00318590605675,3872.961620522,4059.42936292823,TRUE,"nonspatial",10000,5001,10,2000,1,750,1000
2,"lp",1.00280289348438,2468.79474219987,2386.60101887768,TRUE,"nonspatial",10000,5001,10,2000,1,750,1000
3,"tau_B_sq",1.00054163976967,3827.78205741064,4215.24515670667,TRUE,"nonspatial",10000,5001,10,2000,1,750,1000
3,"lp",1.00071165268423,2907.6745017157,2211.47501580081,TRUE,"nonspatial",10000,5001,10,2000,1,750,1000
4,"tau_B_sq",1.0010026678438,3891.76500659727,3547.40333916788,TRUE,"nonspatial",10000,5001,10,2000,1,750,1000
4,"lp",1.00102398770319,2844.95172204372,2578.86078320018,TRUE,"nonspatial",10000,5001,10,2000,1,750,1000
5,"tau_B_sq",1.00136351128662,3679.16672143372,4012.46386867622,TRUE,"nonspatial",10000,5001,10,2000,1,750,1000
5,"lp",1.00154470039427,2860.80233107369,2593.09087598733,TRUE,"nonspatial",10000,5001,10,2000,1,750,1000
1,"tau_B_sq",1.0033078453057,1553.39987784898,1923.60898521985,TRUE,"spatial",10000,5001,10,2000,2,750,1000
1,"sigma_sq",1.0016164694495,1723.70229283552,2079.82733979367,TRUE,"spatial",10000,5001,10,2000,2,750,1000
1,"eff_range",1.00270125870539,1384.8671856318,1724.0279056839,TRUE,"spatial",10000,5001,10,2000,2,750,1000
1,"lp",1.0041493913583,1285.02448528991,1605.93891005711,TRUE,"spatial",10000,5001,10,2000,2,750,1000
2,"tau_B_sq",1.00175373581074,1791.35549825528,2026.71255318296,TRUE,"spatial",10000,5001,10,2000,2,750,1000
2,"sigma_sq",1.0035842707174,1725.47434973663,1953.2305829903,TRUE,"spatial",10000,5001,10,2000,2,750,1000
2,"eff_range",1.00413579766103,1671.72912672193,1758.88707666031,TRUE,"spatial",10000,5001,10,2000,2,750,1000
2,"lp",1.00413196096721,1193.09657407011,1463.77355569829,TRUE,"spatial",10000,5001,10,2000,2,750,1000
3,"tau_B_sq",1.00151421412637,1929.29354981435,2025.51375588149,TRUE,"spatial",10000,5001,10,2000,2,750,1000
3,"sigma_sq",1.00211751048968,1860.53343161962,2243.24797027435,TRUE,"spatial",10000,5001,10,2000,2,750,1000
3,"eff_range",1.0046788286447,1487.47293398445,1743.41046493895,TRUE,"spatial",10000,5001,10,2000,2,750,1000
3,"lp",1.00550478558217,1266.10434652955,1588.52872104376,TRUE,"spatial",10000,5001,10,2000,2,750,1000
4,"tau_B_sq",1.00347362584233,1777.22913988888,2186.94109318641,TRUE,"spatial",10000,5001,10,2000,2,750,1000
4,"sigma_sq",1.00309573023926,1544.76597728291,2214.2705563339,TRUE,"spatial",10000,5001,10,2000,2,750,1000
4,"eff_range",1.0039781977954,1402.24491155691,1401.92476305935,TRUE,"spatial",10000,5001,10,2000,2,750,1000
4,"lp",1.00354230538143,1159.09620665698,1735.12505366113,TRUE,"spatial",10000,5001,10,2000,2,750,1000
5,"tau_B_sq",1.00417771040093,1463.93746326375,2053.03572121431,TRUE,"spatial",10000,5001,10,2000,2,750,1000
5,"sigma_sq",1.00321719439503,1779.88320358966,2565.11300911552,TRUE,"spatial",10000,5001,10,2000,2,750,1000
5,"eff_range",1.00234856827752,1675.36102754734,2273.31976867731,TRUE,"spatial",10000,5001,10,2000,2,750,1000
5,"lp",1.0031255934694,1129.65923648748,1233.93594356939,TRUE,"spatial",10000,5001,10,2000,2,750,1000
1,"tau_B_sq",1.00103544463312,3978.80215037986,3680.84752309226,TRUE,"nonspatial",10000,5001,10,2000,2,750,1000
1,"lp",1.00062484295173,2676.1200017322,2556.96621300687,TRUE,"nonspatial",10000,5001,10,2000,2,750,1000
2,"tau_B_sq",1.00148602796046,3457.83045624037,3969.62113274214,TRUE,"nonspatial",10000,5001,10,2000,2,750,1000
2,"lp",1.00123618144009,2749.98593009988,2542.1883844059,TRUE,"nonspatial",10000,5001,10,2000,2,750,1000
3,"tau_B_sq",1.00122554659538,3985.4534019421,4080.10617624136,TRUE,"nonspatial",10000,5001,10,2000,2,750,1000
3,"lp",1.00153725192775,2720.02718444876,2468.12796973129,TRUE,"nonspatial",10000,5001,10,2000,2,750,1000
4,"tau_B_sq",1.00048306218795,3592.59691907081,3790.18368623718,TRUE,"nonspatial",10000,5001,10,2000,2,750,1000
4,"lp",1.0009239013342,2961.73786250971,3031.70098811556,TRUE,"nonspatial",10000,5001,10,2000,2,750,1000
5,"tau_B_sq",1.00075830467236,3936.19798500031,4392.78817411388,TRUE,"nonspatial",10000,5001,10,2000,2,750,1000
5,"lp",1.00087902115998,2893.40025568304,3197.8319301313,TRUE,"nonspatial",10000,5001,10,2000,2,750,1000
1,"tau_B_sq",1.00179376896183,1545.61555117977,1474.67780652757,TRUE,"spatial",10000,5001,10,2000,3,750,1000
1,"sigma_sq",1.00246060237418,1488.21929596345,1777.11281731909,TRUE,"spatial",10000,5001,10,2000,3,750,1000
1,"eff_range",1.00453968440496,1456.14463342767,2000.86562787338,TRUE,"spatial",10000,5001,10,2000,3,750,1000
1,"lp",1.00206382091787,1468.98821751649,1917.50699222654,TRUE,"spatial",10000,5001,10,2000,3,750,1000
2,"tau_B_sq",1.00205321912178,1521.40732180701,1977.03020478953,TRUE,"spatial",10000,5001,10,2000,3,750,1000
2,"sigma_sq",1.00261840076187,1610.93501595791,2384.96192472368,TRUE,"spatial",10000,5001,10,2000,3,750,1000
2,"eff_range",1.00279529602354,1565.1941608959,2078.82395375639,TRUE,"spatial",10000,5001,10,2000,3,750,1000
2,"lp",1.00111934005702,1370.16712443899,1456.47597366704,TRUE,"spatial",10000,5001,10,2000,3,750,1000
3,"tau_B_sq",1.00591764545141,1371.10228843453,1603.00774454957,TRUE,"spatial",10000,5001,10,2000,3,750,1000
3,"sigma_sq",1.00337155989977,1490.65277707475,1718.9853052734,TRUE,"spatial",10000,5001,10,2000,3,750,1000
3,"eff_range",1.00214567185738,1308.43725935427,2194.88633785135,TRUE,"spatial",10000,5001,10,2000,3,750,1000
3,"lp",1.00245019423965,1200.00295136935,1107.58109766838,TRUE,"spatial",10000,5001,10,2000,3,750,1000
4,"tau_B_sq",1.00512916707281,1226.5420969789,1428.93715046249,TRUE,"spatial",10000,5001,10,2000,3,750,1000
4,"sigma_sq",1.00498100696825,1448.27901066839,1603.62077869714,TRUE,"spatial",10000,5001,10,2000,3,750,1000
4,"eff_range",1.00523162526962,1219.37499223356,1916.21306873673,TRUE,"spatial",10000,5001,10,2000,3,750,1000
4,"lp",1.00485319706592,1254.38377739371,1141.95962151722,TRUE,"spatial",10000,5001,10,2000,3,750,1000
5,"tau_B_sq",1.00314856174152,1094.35348417133,1430.56786049249,TRUE,"spatial",10000,5001,10,2000,3,750,1000
5,"sigma_sq",1.00401054879902,1542.35073872976,1842.98245196686,TRUE,"spatial",10000,5001,10,2000,3,750,1000
5,"eff_range",1.00391496008048,1154.74018717971,1597.51167235543,TRUE,"spatial",10000,5001,10,2000,3,750,1000
5,"lp",1.00697428374043,867.642152633486,847.983724380036,TRUE,"spatial",10000,5001,10,2000,3,750,1000
1,"tau_B_sq",1.00105589141789,4095.28274803303,3514.4523757841,TRUE,"nonspatial",10000,5001,10,2000,3,750,1000
1,"lp",1.00235095372767,2820.13935078915,2662.72096504065,TRUE,"nonspatial",10000,5001,10,2000,3,750,1000
2,"tau_B_sq",1.00121230615123,3561.88231175506,3980.55287298368,TRUE,"nonspatial",10000,5001,10,2000,3,750,1000
2,"lp",1.00108341260904,2867.87014964065,2755.58178303757,TRUE,"nonspatial",10000,5001,10,2000,3,750,1000
3,"tau_B_sq",1.00076627478233,3892.01587069994,3624.36216736287,TRUE,"nonspatial",10000,5001,10,2000,3,750,1000
3,"lp",1.0026866941135,2410.71931430456,2992.13705973542,TRUE,"nonspatial",10000,5001,10,2000,3,750,1000
4,"tau_B_sq",1.00214160025985,3730.93079432582,3861.38565665757,TRUE,"nonspatial",10000,5001,10,2000,3,750,1000
4,"lp",1.00237413951607,2898.09982652127,3211.23641601477,TRUE,"nonspatial",10000,5001,10,2000,3,750,1000
5,"tau_B_sq",1.00155898653765,3998.35833798724,4311.35062585261,TRUE,"nonspatial",10000,5001,10,2000,3,750,1000
5,"lp",1.00156939247217,2890.85958609108,3075.68994608015,TRUE,"nonspatial",10000,5001,10,2000,3,750,1000
1,"tau_B_sq",1.00111514150865,3153.50661094552,4029.38105132865,TRUE,"spatial",20000,10001,20,2000,4,750,1000
1,"sigma_sq",1.00117607513713,3057.00641558684,4468.03897985721,TRUE,"spatial",20000,10001,20,2000,4,750,1000
1,"eff_range",1.00158465642747,3163.99324074497,4000.98555782191,TRUE,"spatial",20000,10001,20,2000,4,750,1000
1,"lp",1.00198093721358,2383.49288278025,2609.81716683011,TRUE,"spatial",20000,10001,20,2000,4,750,1000
2,"tau_B_sq",1.00193035075275,2610.46626509609,2781.6349597065,TRUE,"spatial",20000,10001,20,2000,4,750,1000
2,"sigma_sq",1.0008410300549,3321.05780822742,4932.40235890529,TRUE,"spatial",20000,10001,20,2000,4,750,1000
2,"eff_range",1.00234808616253,2132.51869630409,1496.47870214864,TRUE,"spatial",20000,10001,20,2000,4,750,1000
2,"lp",1.00197190541948,1912.69790524355,1531.00952461552,TRUE,"spatial",20000,10001,20,2000,4,750,1000
3,"tau_B_sq",1.001886305717,2812.56991056063,3630.44744204491,TRUE,"spatial",20000,10001,20,2000,4,750,1000
3,"sigma_sq",1.0010491931513,3303.67526216471,4267.60753905276,TRUE,"spatial",20000,10001,20,2000,4,750,1000
3,"eff_range",1.00150154463057,2836.24176691863,2971.24930519078,TRUE,"spatial",20000,10001,20,2000,4,750,1000
3,"lp",1.00270839383038,2219.62688068273,2510.4444969499,TRUE,"spatial",20000,10001,20,2000,4,750,1000
4,"tau_B_sq",1.00139361814434,2653.24550051853,3954.96173479193,TRUE,"spatial",20000,10001,20,2000,4,750,1000
4,"sigma_sq",1.00066491351812,3295.44280158347,4143.9154686445,TRUE,"spatial",20000,10001,20,2000,4,750,1000
4,"eff_range",1.00202111695865,3051.02510407047,3529.1033930218,TRUE,"spatial",20000,10001,20,2000,4,750,1000
4,"lp",1.0013675819898,2159.70290212325,2210.24293297271,TRUE,"spatial",20000,10001,20,2000,4,750,1000
5,"tau_B_sq",1.00079482759805,2975.95214615104,3942.43440951363,TRUE,"spatial",20000,10001,20,2000,4,750,1000
5,"sigma_sq",1.00055614979158,3469.87434959706,4639.31334258895,TRUE,"spatial",20000,10001,20,2000,4,750,1000
5,"eff_range",1.0008647897268,3055.44861143842,3168.69236934678,TRUE,"spatial",20000,10001,20,2000,4,750,1000
5,"lp",1.0004762333587,2194.11046018643,2309.12663405606,TRUE,"spatial",20000,10001,20,2000,4,750,1000
1,"tau_B_sq",1.00272355100354,4063.60140139142,4239.87659786297,TRUE,"nonspatial",10000,5001,10,2000,4,750,1000
1,"lp",1.00262102532196,2728.23986379527,2288.43965600911,TRUE,"nonspatial",10000,5001,10,2000,4,750,1000
2,"tau_B_sq",1.00091348647548,3790.83397480327,4102.93653068593,TRUE,"nonspatial",10000,5001,10,2000,4,750,1000
2,"lp",1.00088502305417,2891.88154227462,3036.61378517138,TRUE,"nonspatial",10000,5001,10,2000,4,750,1000
3,"tau_B_sq",1.00242491775606,4049.45496867848,3728.96776585293,TRUE,"nonspatial",10000,5001,10,2000,4,750,1000
3,"lp",1.0010784898304,2766.75753208085,2650.61668977719,TRUE,"nonspatial",10000,5001,10,2000,4,750,1000
4,"tau_B_sq",1.00109288490528,3572.60140690984,3938.48684812446,TRUE,"nonspatial",10000,5001,10,2000,4,750,1000
4,"lp",1.00105828662766,2867.12510091786,2564.67235320219,TRUE,"nonspatial",10000,5001,10,2000,4,750,1000
5,"tau_B_sq",1.00172504625241,4011.50622228068,3748.26379113816,TRUE,"nonspatial",10000,5001,10,2000,4,750,1000
5,"lp",1.0017886141181,2705.92337236757,2799.85653070222,TRUE,"nonspatial",10000,5001,10,2000,4,750,1000
1,"tau_B_sq",1.00227829837551,1394.26689489634,1422.41837791457,TRUE,"spatial",10000,5001,10,2000,5,750,1000
1,"sigma_sq",1.00166806678909,1470.88409493589,2006.88742882089,TRUE,"spatial",10000,5001,10,2000,5,750,1000
1,"eff_range",1.0045613866307,1292.99822876189,1942.53745179053,TRUE,"spatial",10000,5001,10,2000,5,750,1000
1,"lp",1.00313993948212,1269.81436164417,1728.39786710563,TRUE,"spatial",10000,5001,10,2000,5,750,1000
2,"tau_B_sq",1.00473544112952,1291.09994584984,1933.10222353203,TRUE,"spatial",10000,5001,10,2000,5,750,1000
2,"sigma_sq",1.00301029758359,1375.2352388002,1553.09583186105,TRUE,"spatial",10000,5001,10,2000,5,750,1000
2,"eff_range",1.00446567163352,1110.28610442173,1282.29062548254,TRUE,"spatial",10000,5001,10,2000,5,750,1000
2,"lp",1.00544607326078,964.899216417723,1141.16753255841,TRUE,"spatial",10000,5001,10,2000,5,750,1000
3,"tau_B_sq",1.00251386702302,1667.35317181641,1884.75835378626,TRUE,"spatial",10000,5001,10,2000,5,750,1000
3,"sigma_sq",1.00237401072568,1732.25368709688,2078.44730270812,TRUE,"spatial",10000,5001,10,2000,5,750,1000
3,"eff_range",1.00335963938992,1601.60668465634,2064.12324045178,TRUE,"spatial",10000,5001,10,2000,5,750,1000
3,"lp",1.00408137061658,1266.57592902844,1287.62654595131,TRUE,"spatial",10000,5001,10,2000,5,750,1000
4,"tau_B_sq",1.00234484383571,1773.16192262203,1926.58689001675,TRUE,"spatial",10000,5001,10,2000,5,750,1000
4,"sigma_sq",1.00331056512177,1429.08593557289,2395.04492779591,TRUE,"spatial",10000,5001,10,2000,5,750,1000
4,"eff_range",1.00173683415622,1518.19296845645,1673.45933189219,TRUE,"spatial",10000,5001,10,2000,5,750,1000
4,"lp",1.00208344228428,1482.09575044636,1269.9254778044,TRUE,"spatial",10000,5001,10,2000,5,750,1000
5,"tau_B_sq",1.00138266857152,1627.44482374385,1884.99024710661,TRUE,"spatial",10000,5001,10,2000,5,750,1000
5,"sigma_sq",1.00444014782483,1656.58315033055,2325.53215411213,TRUE,"spatial",10000,5001,10,2000,5,750,1000
5,"eff_range",1.00150227227476,1662.41001613209,1869.67278654176,TRUE,"spatial",10000,5001,10,2000,5,750,1000
5,"lp",1.00429735206814,1240.94643934141,1981.48156591469,TRUE,"spatial",10000,5001,10,2000,5,750,1000
1,"tau_B_sq",1.00015838374392,3974.85515443047,4005.73548906691,TRUE,"nonspatial",10000,5001,10,2000,5,750,1000
1,"lp",1.00089563983143,2982.20008182275,2876.67819476348,TRUE,"nonspatial",10000,5001,10,2000,5,750,1000
2,"tau_B_sq",1.00074309285786,3851.22572254093,3605.3549223796,TRUE,"nonspatial",10000,5001,10,2000,5,750,1000
2,"lp",1.00071044822081,3018.97485449856,2757.21823455811,TRUE,"nonspatial",10000,5001,10,2000,5,750,1000
3,"tau_B_sq",1.00094882224839,3941.17902243901,3916.82733199247,TRUE,"nonspatial",10000,5001,10,2000,5,750,1000
3,"lp",1.00104525785365,2811.75870124733,2937.26614577537,TRUE,"nonspatial",10000,5001,10,2000,5,750,1000
4,"tau_B_sq",1.00214566794409,3855.82273010393,4289.04274618434,TRUE,"nonspatial",10000,5001,10,2000,5,750,1000
4,"lp",1.00097293239563,2651.6614476913,2474.31372798899,TRUE,"nonspatial",10000,5001,10,2000,5,750,1000
5,"tau_B_sq",1.00157827047807,4123.02752116957,3975.78960749081,TRUE,"nonspatial",10000,5001,10,2000,5,750,1000
5,"lp",1.00219901930189,3041.1120331064,2894.86272802482,TRUE,"nonspatial",10000,5001,10,2000,5,750,1000
1,"tau_B_sq",1.00085821810103,1220.71715738873,1434.52795548385,TRUE,"spatial",10000,5001,10,2000,6,750,1000
1,"sigma_sq",1.00300138700022,1815.1188369829,2559.9911465765,TRUE,"spatial",10000,5001,10,2000,6,750,1000
1,"eff_range",1.00382471250196,1314.20676324866,1742.24314190334,TRUE,"spatial",10000,5001,10,2000,6,750,1000
1,"lp",1.00093371509364,1325.55029962756,1466.85891072219,TRUE,"spatial",10000,5001,10,2000,6,750,1000
2,"tau_B_sq",1.00611762799285,1583.43923054855,1780.64539393154,TRUE,"spatial",10000,5001,10,2000,6,750,1000
2,"sigma_sq",1.00209404469257,1892.60824844842,2611.20537559617,TRUE,"spatial",10000,5001,10,2000,6,750,1000
2,"eff_range",1.00207906899001,1499.50097125455,1312.15262276753,TRUE,"spatial",10000,5001,10,2000,6,750,1000
2,"lp",1.00329316735366,1184.23345476935,1386.47521981856,TRUE,"spatial",10000,5001,10,2000,6,750,1000
3,"tau_B_sq",1.00370449790436,1650.47684989149,1711.0008269722,TRUE,"spatial",10000,5001,10,2000,6,750,1000
3,"sigma_sq",1.00292501209609,1524.09852971793,1810.27682747846,TRUE,"spatial",10000,5001,10,2000,6,750,1000
3,"eff_range",1.00645678841366,1526.98192295199,2184.01869065491,TRUE,"spatial",10000,5001,10,2000,6,750,1000
3,"lp",1.00280933283434,1404.90681429959,1450.08232011555,TRUE,"spatial",10000,5001,10,2000,6,750,1000
4,"tau_B_sq",1.0019957733556,1720.4613456943,2038.55996593304,TRUE,"spatial",10000,5001,10,2000,6,750,1000
4,"sigma_sq",1.00376322286973,1597.81338996088,1906.86594666231,TRUE,"spatial",10000,5001,10,2000,6,750,1000
4,"eff_range",1.00249213146544,1609.87694897547,1982.25832897105,TRUE,"spatial",10000,5001,10,2000,6,750,1000
4,"lp",1.00319589820316,1175.95869527568,1272.28338293166,TRUE,"spatial",10000,5001,10,2000,6,750,1000
5,"tau_B_sq",1.00274761969136,1613.53084105605,1965.73282071135,TRUE,"spatial",10000,5001,10,2000,6,750,1000
5,"sigma_sq",1.00199257536918,1586.92550442733,2360.22012956138,TRUE,"spatial",10000,5001,10,2000,6,750,1000
5,"eff_range",1.00655856382581,1284.62498082941,1747.27580101569,TRUE,"spatial",10000,5001,10,2000,6,750,1000
5,"lp",1.00154345941157,1095.04206364216,1591.4490328832,TRUE,"spatial",10000,5001,10,2000,6,750,1000
1,"tau_B_sq",1.0013482698889,3975.81918956361,4156.6259480127,TRUE,"nonspatial",10000,5001,10,2000,6,750,1000
1,"lp",1.00102613833201,2976.37674210113,3020.59147097465,TRUE,"nonspatial",10000,5001,10,2000,6,750,1000
2,"tau_B_sq",1.00136059692548,3785.68858346626,3542.73366133145,TRUE,"nonspatial",10000,5001,10,2000,6,750,1000
2,"lp",1.00104341700438,2778.1080004179,3145.09637228613,TRUE,"nonspatial",10000,5001,10,2000,6,750,1000
3,"tau_B_sq",1.00246484683682,3548.98807550201,3757.65060803488,TRUE,"nonspatial",10000,5001,10,2000,6,750,1000
3,"lp",1.00183594549203,2388.94620977397,2696.9459426359,TRUE,"nonspatial",10000,5001,10,2000,6,750,1000
4,"tau_B_sq",1.00111132609959,4158.15766229411,3994.18431602995,TRUE,"nonspatial",10000,5001,10,2000,6,750,1000
4,"lp",1.00136738638853,2768.11725362909,2846.35653650924,TRUE,"nonspatial",10000,5001,10,2000,6,750,1000
5,"tau_B_sq",1.00175472803718,3882.56868349286,4236.3113091789,TRUE,"nonspatial",10000,5001,10,2000,6,750,1000
5,"lp",1.00171811279127,3212.80677339408,2892.99072374059,TRUE,"nonspatial",10000,5001,10,2000,6,750,1000
1,"tau_B_sq",1.00281149884169,1531.81507191339,1596.55939033946,TRUE,"spatial",10000,5001,10,2000,7,750,1000
1,"sigma_sq",1.00431130152917,1602.41856584022,1663.00190979238,TRUE,"spatial",10000,5001,10,2000,7,750,1000
1,"eff_range",1.00228187220263,1310.93574746842,1231.4891859222,TRUE,"spatial",10000,5001,10,2000,7,750,1000
1,"lp",1.0014296797364,1236.42878924788,1234.81864386384,TRUE,"spatial",10000,5001,10,2000,7,750,1000
2,"tau_B_sq",1.00247110245393,1351.80055451687,1236.2935394696,TRUE,"spatial",10000,5001,10,2000,7,750,1000
2,"sigma_sq",1.00179750723289,1421.47690659961,2118.85765570334,TRUE,"spatial",10000,5001,10,2000,7,750,1000
2,"eff_range",1.00244496111167,1364.84945328318,1900.71820182512,TRUE,"spatial",10000,5001,10,2000,7,750,1000
2,"lp",1.00350897924924,1160.7357585481,911.155259016758,TRUE,"spatial",10000,5001,10,2000,7,750,1000
3,"tau_B_sq",1.002569689214,1504.38367401606,1596.46326678993,TRUE,"spatial",10000,5001,10,2000,7,750,1000
3,"sigma_sq",1.00525375345595,1652.15511968181,2203.1618566187,TRUE,"spatial",10000,5001,10,2000,7,750,1000
3,"eff_range",1.00620932201392,1408.48582483154,2035.31033590358,TRUE,"spatial",10000,5001,10,2000,7,750,1000
3,"lp",1.00287196357877,1430.61020900597,1780.80592745899,TRUE,"spatial",10000,5001,10,2000,7,750,1000
4,"tau_B_sq",1.00416957448708,1651.55713003066,2103.15317310506,TRUE,"spatial",10000,5001,10,2000,7,750,1000
4,"sigma_sq",1.00366744569956,1670.01836938434,2200.70918736652,TRUE,"spatial",10000,5001,10,2000,7,750,1000
4,"eff_range",1.00203886287333,1640.90699770778,2234.00012887666,TRUE,"spatial",10000,5001,10,2000,7,750,1000
4,"lp",1.00231342479673,1532.05167501126,1819.63112428222,TRUE,"spatial",10000,5001,10,2000,7,750,1000
5,"tau_B_sq",1.0026748064151,1512.11582706898,1580.00771510295,TRUE,"spatial",10000,5001,10,2000,7,750,1000
5,"sigma_sq",1.00165453299894,1340.56089354848,1982.59793032194,TRUE,"spatial",10000,5001,10,2000,7,750,1000
5,"eff_range",1.00227644955519,1797.39725369569,2207.80498603407,TRUE,"spatial",10000,5001,10,2000,7,750,1000
5,"lp",1.003684939589,1383.59796586958,1506.72772163325,TRUE,"spatial",10000,5001,10,2000,7,750,1000
1,"tau_B_sq",1.00073765769888,3975.72553774005,4181.10109595595,TRUE,"nonspatial",10000,5001,10,2000,7,750,1000
1,"lp",1.0013648047449,2626.49328571442,2516.79947364111,TRUE,"nonspatial",10000,5001,10,2000,7,750,1000
2,"tau_B_sq",1.00297824390926,3787.30628045857,3882.18591986831,TRUE,"nonspatial",10000,5001,10,2000,7,750,1000
2,"lp",1.00334962114333,2754.87774989189,2571.99798196082,TRUE,"nonspatial",10000,5001,10,2000,7,750,1000
3,"tau_B_sq",1.00153686663392,3939.35147387357,3764.48874737772,TRUE,"nonspatial",10000,5001,10,2000,7,750,1000
3,"lp",1.00104340221707,2712.58276323589,3116.68365432235,TRUE,"nonspatial",10000,5001,10,2000,7,750,1000
4,"tau_B_sq",1.00127752782904,3826.85368426524,3807.96350140069,TRUE,"nonspatial",10000,5001,10,2000,7,750,1000
4,"lp",1.00180478778405,2921.20674419308,2721.08329752266,TRUE,"nonspatial",10000,5001,10,2000,7,750,1000
5,"tau_B_sq",1.00170873809339,3883.34288159018,3930.0812966115,TRUE,"nonspatial",10000,5001,10,2000,7,750,1000
5,"lp",1.00172551532229,3018.98903574009,2943.96332775821,TRUE,"nonspatial",10000,5001,10,2000,7,750,1000
1,"tau_B_sq",1.00083112915166,3136.01573173446,3978.99983858079,TRUE,"spatial",20000,10001,20,2000,8,750,1000
1,"sigma_sq",1.00035953426727,3585.5790496397,4326.04337856612,TRUE,"spatial",20000,10001,20,2000,8,750,1000
1,"eff_range",1.00210988526428,2697.8558588033,3216.1114410115,TRUE,"spatial",20000,10001,20,2000,8,750,1000
1,"lp",1.00196995252511,2481.92250904029,2812.53346124665,TRUE,"spatial",20000,10001,20,2000,8,750,1000
2,"tau_B_sq",1.00109780093292,3645.01954743652,4825.28780020091,TRUE,"spatial",20000,10001,20,2000,8,750,1000
2,"sigma_sq",1.00036970659065,3774.40940053297,4594.53670123777,TRUE,"spatial",20000,10001,20,2000,8,750,1000
2,"eff_range",1.0015425261316,3310.7248646261,3720.45899045767,TRUE,"spatial",20000,10001,20,2000,8,750,1000
2,"lp",1.00189540382328,2468.61742326965,2582.12453864836,TRUE,"spatial",20000,10001,20,2000,8,750,1000
3,"tau_B_sq",1.00181465953048,3307.31153962582,4222.88355920259,TRUE,"spatial",20000,10001,20,2000,8,750,1000
3,"sigma_sq",1.0018242453204,3191.14405890581,4688.57343561,TRUE,"spatial",20000,10001,20,2000,8,750,1000
3,"eff_range",1.00128871623706,2706.61950155377,3237.51523891408,TRUE,"spatial",20000,10001,20,2000,8,750,1000
3,"lp",1.00157990049742,2367.22077046797,2782.14952647099,TRUE,"spatial",20000,10001,20,2000,8,750,1000
4,"tau_B_sq",1.00058315514243,2973.56646096398,3860.4266903298,TRUE,"spatial",20000,10001,20,2000,8,750,1000
4,"sigma_sq",1.00056535766101,3540.82268014733,4325.60010208609,TRUE,"spatial",20000,10001,20,2000,8,750,1000
4,"eff_range",1.00154138915302,3268.12142086339,3520.60545540675,TRUE,"spatial",20000,10001,20,2000,8,750,1000
4,"lp",1.00138059996407,2348.90678076337,2971.53291728386,TRUE,"spatial",20000,10001,20,2000,8,750,1000
5,"tau_B_sq",1.00135496491184,3310.06152551662,4086.0640629839,TRUE,"spatial",20000,10001,20,2000,8,750,1000
5,"sigma_sq",1.00155575739779,2975.88788886295,4396.96905244626,TRUE,"spatial",20000,10001,20,2000,8,750,1000
5,"eff_range",1.00394710196942,3168.85457015565,4171.94930181673,TRUE,"spatial",20000,10001,20,2000,8,750,1000
5,"lp",1.00170537790869,2654.32824414844,2717.25659809671,TRUE,"spatial",20000,10001,20,2000,8,750,1000
1,"tau_B_sq",1.00267417292157,3802.87768121899,3604.24354864417,TRUE,"nonspatial",10000,5001,10,2000,8,750,1000
1,"lp",1.00262359766136,2863.08382957909,2668.39439623648,TRUE,"nonspatial",10000,5001,10,2000,8,750,1000
2,"tau_B_sq",1.00144973294147,3715.56536835956,4003.61078165125,TRUE,"nonspatial",10000,5001,10,2000,8,750,1000
2,"lp",1.00160592155008,2867.52939268725,3370.99039697617,TRUE,"nonspatial",10000,5001,10,2000,8,750,1000
3,"tau_B_sq",1.00190127993333,3517.59844657338,3810.66119479226,TRUE,"nonspatial",10000,5001,10,2000,8,750,1000
3,"lp",1.00056829833016,2741.55725502519,2678.13850151425,TRUE,"nonspatial",10000,5001,10,2000,8,750,1000
4,"tau_B_sq",1.00048291197708,3823.08707540376,4050.46478628992,TRUE,"nonspatial",10000,5001,10,2000,8,750,1000
4,"lp",1.00069061280651,2675.04733758319,3002.71023287315,TRUE,"nonspatial",10000,5001,10,2000,8,750,1000
5,"tau_B_sq",1.00172001713555,3842.22784504971,4190.64437528466,TRUE,"nonspatial",10000,5001,10,2000,8,750,1000
5,"lp",1.00202177847661,2774.08359251538,2481.42416082957,TRUE,"nonspatial",10000,5001,10,2000,8,750,1000
1,"tau_B_sq",1.0026961085757,1202.1736914582,991.279478204816,TRUE,"spatial",10000,5001,10,2000,9,750,1000
1,"sigma_sq",1.00230876626846,1341.69008714225,1904.33485513793,TRUE,"spatial",10000,5001,10,2000,9,750,1000
1,"eff_range",1.00415401600903,1086.35913930149,534.023122825637,TRUE,"spatial",10000,5001,10,2000,9,750,1000
1,"lp",1.00610590153271,888.475616795841,954.144255953343,TRUE,"spatial",10000,5001,10,2000,9,750,1000
2,"tau_B_sq",1.00145388495616,1533.78571156345,892.417145196494,TRUE,"spatial",10000,5001,10,2000,9,750,1000
2,"sigma_sq",1.00342983731609,1759.89513687998,2160.58868700641,TRUE,"spatial",10000,5001,10,2000,9,750,1000
2,"eff_range",1.00436894117562,975.318199962974,609.137090639379,TRUE,"spatial",10000,5001,10,2000,9,750,1000
2,"lp",1.00281593793094,1136.89807555905,561.961366235478,TRUE,"spatial",10000,5001,10,2000,9,750,1000
3,"tau_B_sq",1.00590011765587,1062.36614799962,1248.00531377537,TRUE,"spatial",10000,5001,10,2000,9,750,1000
3,"sigma_sq",1.00216034179072,1674.49315914488,2141.60599735474,TRUE,"spatial",10000,5001,10,2000,9,750,1000
3,"eff_range",1.00173911336907,1074.57272062719,618.061586112242,TRUE,"spatial",10000,5001,10,2000,9,750,1000
3,"lp",1.00547317835322,888.947060886755,1114.72230615933,TRUE,"spatial",10000,5001,10,2000,9,750,1000
4,"tau_B_sq",1.00846816021169,1135.52776988838,1088.28965064941,TRUE,"spatial",10000,5001,10,2000,9,750,1000
4,"sigma_sq",1.00623297529022,1547.27349966584,1716.89472176168,TRUE,"spatial",10000,5001,10,2000,9,750,1000
4,"eff_range",1.00929998300093,922.360821216169,640.090440627087,TRUE,"spatial",10000,5001,10,2000,9,750,1000
4,"lp",1.00504795289159,947.324477542515,1363.60891519156,TRUE,"spatial",10000,5001,10,2000,9,750,1000
5,"tau_B_sq",1.00331483995848,1033.69974295323,851.744483909677,TRUE,"spatial",10000,5001,10,2000,9,750,1000
5,"sigma_sq",1.00230233765708,1732.16665859852,2126.42098483973,TRUE,"spatial",10000,5001,10,2000,9,750,1000
5,"eff_range",1.00381809295792,1068.87285333887,551.675964295715,TRUE,"spatial",10000,5001,10,2000,9,750,1000
5,"lp",1.00405235042331,809.673489166056,861.792478540583,TRUE,"spatial",10000,5001,10,2000,9,750,1000
1,"tau_B_sq",1.00084007329235,3722.42956910315,3933.84868583133,TRUE,"nonspatial",10000,5001,10,2000,9,750,1000
1,"lp",1.00079540422714,2934.3147346011,2498.30434946045,TRUE,"nonspatial",10000,5001,10,2000,9,750,1000
2,"tau_B_sq",1.00063679883901,3900.06740112321,3906.53776146932,TRUE,"nonspatial",10000,5001,10,2000,9,750,1000
2,"lp",1.00056364731232,2921.88241971869,2645.43323561376,TRUE,"nonspatial",10000,5001,10,2000,9,750,1000
3,"tau_B_sq",1.00120384897711,4081.47952429213,4427.68339750946,TRUE,"nonspatial",10000,5001,10,2000,9,750,1000
3,"lp",1.00111197116993,2993.2004168313,3412.71203836737,TRUE,"nonspatial",10000,5001,10,2000,9,750,1000
4,"tau_B_sq",1.00155726846621,3702.52370496803,3695.57208379156,TRUE,"nonspatial",10000,5001,10,2000,9,750,1000
4,"lp",1.00160373256628,2637.10431362301,2567.57423611309,TRUE,"nonspatial",10000,5001,10,2000,9,750,1000
5,"tau_B_sq",1.00319239323845,3972.72187654395,3408.86142100864,TRUE,"nonspatial",10000,5001,10,2000,9,750,1000
5,"lp",1.00208204629691,2617.60724481965,2955.39967804538,TRUE,"nonspatial",10000,5001,10,2000,9,750,1000
1,"tau_B_sq",1.00477853527751,1203.12836309188,1003.74035654656,TRUE,"spatial",10000,5001,10,2000,10,750,1000
1,"sigma_sq",1.00273387928018,1398.07988526452,2018.6667035939,TRUE,"spatial",10000,5001,10,2000,10,750,1000
1,"eff_range",1.00307630838062,1031.0572110031,673.525385389661,TRUE,"spatial",10000,5001,10,2000,10,750,1000
1,"lp",1.0053181794581,1014.37950395294,1099.06795321544,TRUE,"spatial",10000,5001,10,2000,10,750,1000
2,"tau_B_sq",1.00336038637179,1354.85506749437,913.22620381493,TRUE,"spatial",10000,5001,10,2000,10,750,1000
2,"sigma_sq",1.00312436150831,1725.796011724,2311.83852690036,TRUE,"spatial",10000,5001,10,2000,10,750,1000
2,"eff_range",1.00583198126311,1166.68080866055,767.678230736928,TRUE,"spatial",10000,5001,10,2000,10,750,1000
2,"lp",1.0071456030868,837.943512465548,683.332872981308,TRUE,"spatial",10000,5001,10,2000,10,750,1000
3,"tau_B_sq",1.00865628614777,1195.11690450711,1273.46517442982,TRUE,"spatial",10000,5001,10,2000,10,750,1000
3,"sigma_sq",1.0033535999005,1695.56271552422,1950.33054177544,TRUE,"spatial",10000,5001,10,2000,10,750,1000
3,"eff_range",1.00286444945757,1183.14800860393,685.360744100461,TRUE,"spatial",10000,5001,10,2000,10,750,1000
3,"lp",1.0033991067414,1018.53459570051,822.988930546885,TRUE,"spatial",10000,5001,10,2000,10,750,1000
4,"tau_B_sq",1.00159533872641,1752.43853052613,2462.7393982075,TRUE,"spatial",10000,5001,10,2000,10,750,1000
4,"sigma_sq",1.0012243077009,1770.17579781979,2517.36063818943,TRUE,"spatial",10000,5001,10,2000,10,750,1000
4,"eff_range",1.00147910716151,1390.30931823689,1436.18399423985,TRUE,"spatial",10000,5001,10,2000,10,750,1000
4,"lp",1.00207632498536,1153.49221509657,1530.37548223439,TRUE,"spatial",10000,5001,10,2000,10,750,1000
5,"tau_B_sq",1.00199314113156,1707.18513130365,2135.96137404263,TRUE,"spatial",10000,5001,10,2000,10,750,1000
5,"sigma_sq",1.00285445436645,1718.46246067473,2254.75580987235,TRUE,"spatial",10000,5001,10,2000,10,750,1000
5,"eff_range",1.00313301662957,1553.21593055055,1898.22676596365,TRUE,"spatial",10000,5001,10,2000,10,750,1000
5,"lp",1.00220053172729,1184.91309086932,1314.1247202937,TRUE,"spatial",10000,5001,10,2000,10,750,1000
1,"tau_B_sq",1.0029409415604,3928.79177499204,3895.69423231712,TRUE,"nonspatial",10000,5001,10,2000,10,750,1000
1,"lp",1.00145722595978,2862.23745524876,2894.4678079047,TRUE,"nonspatial",10000,5001,10,2000,10,750,1000
2,"tau_B_sq",1.00042515015048,3634.21046678895,3890.80291649097,TRUE,"nonspatial",10000,5001,10,2000,10,750,1000
2,"lp",1.00046390905014,2831.13828734629,2851.08956539823,TRUE,"nonspatial",10000,5001,10,2000,10,750,1000
3,"tau_B_sq",1.00088429777825,3652.62549118956,3627.69743829695,TRUE,"nonspatial",10000,5001,10,2000,10,750,1000
3,"lp",1.00071371765341,3248.78329059064,2902.56367831744,TRUE,"nonspatial",10000,5001,10,2000,10,750,1000
4,"tau_B_sq",1.00128879882705,3851.28114087001,3752.8222898589,TRUE,"nonspatial",10000,5001,10,2000,10,750,1000
4,"lp",1.00115435867177,2641.06157610891,3133.0400854518,TRUE,"nonspatial",10000,5001,10,2000,10,750,1000
5,"tau_B_sq",1.00091737799681,3781.33128325396,3271.27131802762,TRUE,"nonspatial",10000,5001,10,2000,10,750,1000
5,"lp",1.00248489569428,2720.76016236136,3042.72917930038,TRUE,"nonspatial",10000,5001,10,2000,10,750,1000
1,"tau_B_sq",1.00243956020464,1465.20737345028,1925.00600395386,TRUE,"spatial",10000,5001,10,2000,1,1000,1000
1,"sigma_sq",1.00383128681025,1742.40264988529,2596.81825946577,TRUE,"spatial",10000,5001,10,2000,1,1000,1000
1,"eff_range",1.00479199432176,1288.33121759594,1563.63961408101,TRUE,"spatial",10000,5001,10,2000,1,1000,1000
1,"lp",1.00206172394527,1295.32478400475,1311.70627564763,TRUE,"spatial",10000,5001,10,2000,1,1000,1000
2,"tau_B_sq",1.00166782655515,1515.98496135149,2069.85986661094,TRUE,"spatial",10000,5001,10,2000,1,1000,1000
2,"sigma_sq",1.00513704695626,1627.11933282261,2204.25495154346,TRUE,"spatial",10000,5001,10,2000,1,1000,1000
2,"eff_range",1.00243204298466,1379.79090964981,1627.59184438294,TRUE,"spatial",10000,5001,10,2000,1,1000,1000
2,"lp",1.00293918657216,1357.11699824821,1496.36820326882,TRUE,"spatial",10000,5001,10,2000,1,1000,1000
3,"tau_B_sq",1.00294250063321,1642.66198980702,2079.04184030727,TRUE,"spatial",10000,5001,10,2000,1,1000,1000
3,"sigma_sq",1.00335817950285,1705.20639680262,2381.99137718884,TRUE,"spatial",10000,5001,10,2000,1,1000,1000
3,"eff_range",1.00154716458447,1593.45228746164,1962.4783917621,TRUE,"spatial",10000,5001,10,2000,1,1000,1000
3,"lp",1.00154875366597,1284.90238441666,1451.69020840687,TRUE,"spatial",10000,5001,10,2000,1,1000,1000
4,"tau_B_sq",1.00330415426473,1243.27726490899,1629.43625856658,TRUE,"spatial",10000,5001,10,2000,1,1000,1000
4,"sigma_sq",1.00394188901065,1466.35946397654,1817.57727312424,TRUE,"spatial",10000,5001,10,2000,1,1000,1000
4,"eff_range",1.00279861481239,1388.84596175176,1949.310683588,TRUE,"spatial",10000,5001,10,2000,1,1000,1000
4,"lp",1.00218585944434,1561.8035769319,1706.04791501037,TRUE,"spatial",10000,5001,10,2000,1,1000,1000
5,"tau_B_sq",1.00148405708981,1654.17439107739,2332.10658059481,TRUE,"spatial",10000,5001,10,2000,1,1000,1000
5,"sigma_sq",1.00079625842134,1568.35954962677,2349.10829696428,TRUE,"spatial",10000,5001,10,2000,1,1000,1000
5,"eff_range",1.00291228786311,1373.00585491081,1454.76267710132,TRUE,"spatial",10000,5001,10,2000,1,1000,1000
5,"lp",1.00297382898988,1215.41446558839,1507.77255665436,TRUE,"spatial",10000,5001,10,2000,1,1000,1000
1,"tau_B_sq",1.00087912690112,4043.53316778836,4165.20192457951,TRUE,"nonspatial",10000,5001,10,2000,1,1000,1000
1,"lp",1.00060470298603,3248.28870828973,3057.40623714701,TRUE,"nonspatial",10000,5001,10,2000,1,1000,1000
2,"tau_B_sq",1.0005622207677,3857.18633642032,3671.93562865891,TRUE,"nonspatial",10000,5001,10,2000,1,1000,1000
2,"lp",1.00094406072642,2686.16543929159,2952.38680048402,TRUE,"nonspatial",10000,5001,10,2000,1,1000,1000
3,"tau_B_sq",1.0015293968018,3764.07472552714,3694.37327728527,TRUE,"nonspatial",10000,5001,10,2000,1,1000,1000
3,"lp",1.00168557596649,2928.70512233462,3121.30654766817,TRUE,"nonspatial",10000,5001,10,2000,1,1000,1000
4,"tau_B_sq",1.00168896699511,3961.18477340749,3714.63472483608,TRUE,"nonspatial",10000,5001,10,2000,1,1000,1000
4,"lp",1.00186143434892,3094.63414834556,3246.81060772922,TRUE,"nonspatial",10000,5001,10,2000,1,1000,1000
5,"tau_B_sq",1.00246483913656,3822.25268671961,3921.74789504558,TRUE,"nonspatial",10000,5001,10,2000,1,1000,1000
5,"lp",1.00258853378998,2816.25311891145,3141.83912322522,TRUE,"nonspatial",10000,5001,10,2000,1,1000,1000
1,"tau_B_sq",1.00203664898246,1748.27503286879,2112.6797105392,TRUE,"spatial",10000,5001,10,2000,2,1000,1000
1,"sigma_sq",1.00202398262455,1714.38906194482,2352.81946329349,TRUE,"spatial",10000,5001,10,2000,2,1000,1000
1,"eff_range",1.00213725941549,1423.46250847657,1683.09530114023,TRUE,"spatial",10000,5001,10,2000,2,1000,1000
1,"lp",1.00202236614269,1292.25717059194,1654.91310179451,TRUE,"spatial",10000,5001,10,2000,2,1000,1000
2,"tau_B_sq",1.00716215267032,1659.28334130318,2184.93341452903,TRUE,"spatial",10000,5001,10,2000,2,1000,1000
2,"sigma_sq",1.00369230224149,1659.54857265838,2193.23809143547,TRUE,"spatial",10000,5001,10,2000,2,1000,1000
2,"eff_range",1.00290940317554,1757.74215003182,2228.81823938221,TRUE,"spatial",10000,5001,10,2000,2,1000,1000
2,"lp",1.00285823611882,1476.86592030208,1776.85290519597,TRUE,"spatial",10000,5001,10,2000,2,1000,1000
3,"tau_B_sq",1.00123351557427,1805.22623645186,2136.78382651738,TRUE,"spatial",10000,5001,10,2000,2,1000,1000
3,"sigma_sq",1.00332644790153,1682.00789074162,2381.69849262319,TRUE,"spatial",10000,5001,10,2000,2,1000,1000
3,"eff_range",1.00203073046321,1752.70588236403,1778.08256635246,TRUE,"spatial",10000,5001,10,2000,2,1000,1000
3,"lp",1.00199688242307,1475.12514619832,1754.26301365414,TRUE,"spatial",10000,5001,10,2000,2,1000,1000
4,"tau_B_sq",1.00238215943483,1563.41134324522,1922.20547958023,TRUE,"spatial",10000,5001,10,2000,2,1000,1000
4,"sigma_sq",1.00193531328584,1732.81266026118,2180.90531255921,TRUE,"spatial",10000,5001,10,2000,2,1000,1000
4,"eff_range",1.00462557026015,1507.40834323949,1746.25602857767,TRUE,"spatial",10000,5001,10,2000,2,1000,1000
4,"lp",1.00284279121061,1307.53417038594,1857.96041106686,TRUE,"spatial",10000,5001,10,2000,2,1000,1000
5,"tau_B_sq",1.00154322598662,1574.9454762467,2108.03742606265,TRUE,"spatial",10000,5001,10,2000,2,1000,1000
5,"sigma_sq",1.00238602864967,1694.92415866185,2413.45874106006,TRUE,"spatial",10000,5001,10,2000,2,1000,1000
5,"eff_range",1.0007941585287,1552.15613155526,1897.09260037052,TRUE,"spatial",10000,5001,10,2000,2,1000,1000
5,"lp",1.00144393687722,1382.1754749778,1682.69812326451,TRUE,"spatial",10000,5001,10,2000,2,1000,1000
1,"tau_B_sq",1.00037622865558,3612.21816858977,3891.78263921442,TRUE,"nonspatial",10000,5001,10,2000,2,1000,1000
1,"lp",1.00070142287045,2669.04004285934,2754.50048266711,TRUE,"nonspatial",10000,5001,10,2000,2,1000,1000
2,"tau_B_sq",1.00117038888631,3601.1123655091,3976.60641017716,TRUE,"nonspatial",10000,5001,10,2000,2,1000,1000
2,"lp",1.00106544563907,3127.08666430114,3238.97069500966,TRUE,"nonspatial",10000,5001,10,2000,2,1000,1000
3,"tau_B_sq",1.00092586601329,3610.67568092857,4146.93027060998,TRUE,"nonspatial",10000,5001,10,2000,2,1000,1000
3,"lp",1.0012999403543,3004.80818853473,2975.03756809014,TRUE,"nonspatial",10000,5001,10,2000,2,1000,1000
4,"tau_B_sq",1.00095137844773,3829.39921374521,3601.47282562105,TRUE,"nonspatial",10000,5001,10,2000,2,1000,1000
4,"lp",1.00083946816681,2677.92885742393,2905.06328741526,TRUE,"nonspatial",10000,5001,10,2000,2,1000,1000
5,"tau_B_sq",1.00155689260542,4066.23445336425,4215.96849927675,TRUE,"nonspatial",10000,5001,10,2000,2,1000,1000
5,"lp",1.0016855460962,3110.69855440757,2659.49365086841,TRUE,"nonspatial",10000,5001,10,2000,2,1000,1000
1,"tau_B_sq",1.00210152085522,1317.6990072269,1107.91713745339,TRUE,"spatial",10000,5001,10,2000,3,1000,1000
1,"sigma_sq",1.00146999551846,1538.15462710368,1673.0723332268,TRUE,"spatial",10000,5001,10,2000,3,1000,1000
1,"eff_range",1.00271498530392,1496.18035252066,2294.0758675326,TRUE,"spatial",10000,5001,10,2000,3,1000,1000
1,"lp",1.00367733968398,1190.83168252771,1529.30518517709,TRUE,"spatial",10000,5001,10,2000,3,1000,1000
2,"tau_B_sq",1.00337400411305,1361.20181024357,1583.92303772234,TRUE,"spatial",10000,5001,10,2000,3,1000,1000
2,"sigma_sq",1.00559936717977,1491.61166445067,1952.33383388505,TRUE,"spatial",10000,5001,10,2000,3,1000,1000
2,"eff_range",1.00217341645434,1422.29569213183,1789.46558318493,TRUE,"spatial",10000,5001,10,2000,3,1000,1000
2,"lp",1.00321802710856,1339.75799030252,1498.33801264958,TRUE,"spatial",10000,5001,10,2000,3,1000,1000
3,"tau_B_sq",1.00400551675523,1253.73663933937,1437.77940484964,TRUE,"spatial",10000,5001,10,2000,3,1000,1000
3,"sigma_sq",1.00228323750713,1607.42864935212,2119.03656782934,TRUE,"spatial",10000,5001,10,2000,3,1000,1000
3,"eff_range",1.00426643539498,1265.38949057186,2291.04041575722,TRUE,"spatial",10000,5001,10,2000,3,1000,1000
3,"lp",1.00294862330572,1163.99588968192,1185.24432880267,TRUE,"spatial",10000,5001,10,2000,3,1000,1000
4,"tau_B_sq",1.00341484049369,1473.52310469254,962.220310006212,TRUE,"spatial",10000,5001,10,2000,3,1000,1000
4,"sigma_sq",1.00162310920019,1641.60084891311,1973.71424307402,TRUE,"spatial",10000,5001,10,2000,3,1000,1000
4,"eff_range",1.00316404753476,1287.17639983573,1586.17743868317,TRUE,"spatial",10000,5001,10,2000,3,1000,1000
4,"lp",1.00576986213536,1175.64166914725,1072.73641098427,TRUE,"spatial",10000,5001,10,2000,3,1000,1000
5,"tau_B_sq",1.00327392235314,1021.33871804799,1352.89862765446,TRUE,"spatial",10000,5001,10,2000,3,1000,1000
5,"sigma_sq",1.00545524752854,1450.1963690404,1665.08094088311,TRUE,"spatial",10000,5001,10,2000,3,1000,1000
5,"eff_range",1.00873674600996,1198.57594292907,1895.29156168732,TRUE,"spatial",10000,5001,10,2000,3,1000,1000
5,"lp",1.00851003851771,887.398446409364,837.496876748721,TRUE,"spatial",10000,5001,10,2000,3,1000,1000
1,"tau_B_sq",1.00106927726566,3987.62953052596,4076.57081526129,TRUE,"nonspatial",10000,5001,10,2000,3,1000,1000
1,"lp",1.0004100624284,2472.57273178619,3106.41378105599,TRUE,"nonspatial",10000,5001,10,2000,3,1000,1000
2,"tau_B_sq",1.00073952850146,4243.30144694271,3905.35805914273,TRUE,"nonspatial",10000,5001,10,2000,3,1000,1000
2,"lp",1.00098950460661,2959.502739382,2708.00563241875,TRUE,"nonspatial",10000,5001,10,2000,3,1000,1000
3,"tau_B_sq",1.00200614515402,3861.26267868417,3735.74841893562,TRUE,"nonspatial",10000,5001,10,2000,3,1000,1000
3,"lp",1.00155912244329,2817.75743169927,3161.52178489755,TRUE,"nonspatial",10000,5001,10,2000,3,1000,1000
4,"tau_B_sq",1.00132823750608,3600.01711727239,3749.96223489656,TRUE,"nonspatial",10000,5001,10,2000,3,1000,1000
4,"lp",1.00142912926749,2585.69521542663,2103.15442517068,TRUE,"nonspatial",10000,5001,10,2000,3,1000,1000
5,"tau_B_sq",1.00204573658202,4256.34004956202,4290.34778782989,TRUE,"nonspatial",10000,5001,10,2000,3,1000,1000
5,"lp",1.0012163204083,2828.80662485532,2657.19248547615,TRUE,"nonspatial",10000,5001,10,2000,3,1000,1000
1,"tau_B_sq",1.0008122678886,1646.31442627669,2264.75046213209,TRUE,"spatial",10000,5001,10,2000,4,1000,1000
1,"sigma_sq",1.00338986808749,1689.16901665775,2327.29827171199,TRUE,"spatial",10000,5001,10,2000,4,1000,1000
1,"eff_range",1.0030519271509,1518.35464276388,1516.87608965797,TRUE,"spatial",10000,5001,10,2000,4,1000,1000
1,"lp",1.00134801062211,1051.84588632143,1174.49390966305,TRUE,"spatial",10000,5001,10,2000,4,1000,1000
2,"tau_B_sq",1.0026030824415,1818.94818262845,2356.57377554287,TRUE,"spatial",10000,5001,10,2000,4,1000,1000
2,"sigma_sq",1.00333871678094,1790.36050260362,2146.9841513547,TRUE,"spatial",10000,5001,10,2000,4,1000,1000
2,"eff_range",1.00298910035192,1275.48848620065,1518.14576538247,TRUE,"spatial",10000,5001,10,2000,4,1000,1000
2,"lp",1.00673365740082,1215.86676696853,1457.92625268957,TRUE,"spatial",10000,5001,10,2000,4,1000,1000
3,"tau_B_sq",1.00260299401991,1463.73232862952,2288.98873651584,TRUE,"spatial",10000,5001,10,2000,4,1000,1000
3,"sigma_sq",1.00173801878123,1513.79411897931,2167.66023115805,TRUE,"spatial",10000,5001,10,2000,4,1000,1000
3,"eff_range",1.00221858176623,1623.12118420926,1824.12037040711,TRUE,"spatial",10000,5001,10,2000,4,1000,1000
3,"lp",1.00280508684363,1260.93467748841,1514.23187448083,TRUE,"spatial",10000,5001,10,2000,4,1000,1000
4,"tau_B_sq",1.00384703595247,1445.60195656518,1615.40262238699,TRUE,"spatial",10000,5001,10,2000,4,1000,1000
4,"sigma_sq",1.00236263600952,1886.84447585358,2447.1292181363,TRUE,"spatial",10000,5001,10,2000,4,1000,1000
4,"eff_range",1.00116868940998,1541.49283394431,1926.42576336538,TRUE,"spatial",10000,5001,10,2000,4,1000,1000
4,"lp",1.00307836728483,1048.73272077236,1157.79303774874,TRUE,"spatial",10000,5001,10,2000,4,1000,1000
5,"tau_B_sq",1.00317842649836,1517.39182947862,1953.07594823999,TRUE,"spatial",10000,5001,10,2000,4,1000,1000
5,"sigma_sq",1.00069978607052,1731.98968421168,2723.7468228338,TRUE,"spatial",10000,5001,10,2000,4,1000,1000
5,"eff_range",1.00670799562113,1298.58804632427,1497.48528897915,TRUE,"spatial",10000,5001,10,2000,4,1000,1000
5,"lp",1.00305068792205,1040.73920852163,1408.6529866656,TRUE,"spatial",10000,5001,10,2000,4,1000,1000
1,"tau_B_sq",1.00201661139868,3947.62481193212,4187.7115457758,TRUE,"nonspatial",10000,5001,10,2000,4,1000,1000
1,"lp",1.00234487538812,2660.39596387413,3065.57295596643,TRUE,"nonspatial",10000,5001,10,2000,4,1000,1000
2,"tau_B_sq",1.00083186628926,3887.0638760875,3695.94435886787,TRUE,"nonspatial",10000,5001,10,2000,4,1000,1000
2,"lp",1.00102936576578,2797.21747562064,2728.64861933066,TRUE,"nonspatial",10000,5001,10,2000,4,1000,1000
3,"tau_B_sq",1.00064698342767,4001.77351770544,4368.48028620228,TRUE,"nonspatial",10000,5001,10,2000,4,1000,1000
3,"lp",1.0012345318504,2882.321855385,2980.74731520547,TRUE,"nonspatial",10000,5001,10,2000,4,1000,1000
4,"tau_B_sq",1.00312014097965,4026.22853356237,4247.03896454655,TRUE,"nonspatial",10000,5001,10,2000,4,1000,1000
4,"lp",1.00276445480883,2941.20431684865,3273.43720713435,TRUE,"nonspatial",10000,5001,10,2000,4,1000,1000
5,"tau_B_sq",1.00325839438001,4016.883497477,4042.48932983352,TRUE,"nonspatial",10000,5001,10,2000,4,1000,1000
5,"lp",1.00303599815991,2830.55741719312,3138.07762932735,TRUE,"nonspatial",10000,5001,10,2000,4,1000,1000
1,"tau_B_sq",1.00120530873434,1550.40456416964,1887.69303827506,TRUE,"spatial",10000,5001,10,2000,5,1000,1000
1,"sigma_sq",1.00145446018704,1525.97315386119,1930.67737571853,TRUE,"spatial",10000,5001,10,2000,5,1000,1000
1,"eff_range",1.00135646803109,1690.0101256966,1910.47843979085,TRUE,"spatial",10000,5001,10,2000,5,1000,1000
1,"lp",1.00194909979163,1273.02588662157,1265.33489316282,TRUE,"spatial",10000,5001,10,2000,5,1000,1000
2,"tau_B_sq",1.00366515135482,1316.67749113815,1267.24276462625,TRUE,"spatial",10000,5001,10,2000,5,1000,1000
2,"sigma_sq",1.00227726726537,1513.01319904007,1938.020047919,TRUE,"spatial",10000,5001,10,2000,5,1000,1000
2,"eff_range",1.00305461744157,1074.79823738182,703.98355541865,TRUE,"spatial",10000,5001,10,2000,5,1000,1000
2,"lp",1.00605974069266,937.945971684167,1191.02757243756,TRUE,"spatial",10000,5001,10,2000,5,1000,1000
3,"tau_B_sq",1.0029654845057,1662.59902928205,1993.63763368457,TRUE,"spatial",10000,5001,10,2000,5,1000,1000
3,"sigma_sq",1.00142687351497,1621.97478786396,2402.73109434353,TRUE,"spatial",10000,5001,10,2000,5,1000,1000
3,"eff_range",1.00103893249211,1450.23040855105,1710.15505305202,TRUE,"spatial",10000,5001,10,2000,5,1000,1000
3,"lp",1.00450619927708,1447.8158609098,1555.17098546332,TRUE,"spatial",10000,5001,10,2000,5,1000,1000
4,"tau_B_sq",1.00450587105148,1431.96266782991,1818.11425043982,TRUE,"spatial",10000,5001,10,2000,5,1000,1000
4,"sigma_sq",1.00318539239609,1375.51716956833,1721.66821903655,TRUE,"spatial",10000,5001,10,2000,5,1000,1000
4,"eff_range",1.00570527558587,1519.10893171369,1684.1433174604,TRUE,"spatial",10000,5001,10,2000,5,1000,1000
4,"lp",1.00391510574367,1327.83333750334,1735.83130401748,TRUE,"spatial",10000,5001,10,2000,5,1000,1000
5,"tau_B_sq",1.00108808760138,1682.63014716611,2374.4506736578,TRUE,"spatial",10000,5001,10,2000,5,1000,1000
5,"sigma_sq",1.00428196812549,1454.38458168138,2138.61838888124,TRUE,"spatial",10000,5001,10,2000,5,1000,1000
5,"eff_range",1.00435077710369,1529.5474263918,1609.37374952089,TRUE,"spatial",10000,5001,10,2000,5,1000,1000
5,"lp",1.00472010510392,1355.33612651095,1638.01357654787,TRUE,"spatial",10000,5001,10,2000,5,1000,1000
1,"tau_B_sq",1.00082658807534,3623.96790325929,3641.22275864242,TRUE,"nonspatial",10000,5001,10,2000,5,1000,1000
1,"lp",1.0009508674811,2879.46997204959,2683.23894611747,TRUE,"nonspatial",10000,5001,10,2000,5,1000,1000
2,"tau_B_sq",1.00168389611504,3615.01855183201,4117.11324618697,TRUE,"nonspatial",10000,5001,10,2000,5,1000,1000
2,"lp",1.00083504293554,2520.43126177065,2621.61770504308,TRUE,"nonspatial",10000,5001,10,2000,5,1000,1000
3,"tau_B_sq",1.00224314171692,3891.5022065676,4053.84689262744,TRUE,"nonspatial",10000,5001,10,2000,5,1000,1000
3,"lp",1.001787664354,2838.28821643402,3142.83505450776,TRUE,"nonspatial",10000,5001,10,2000,5,1000,1000
4,"tau_B_sq",1.0024439446779,3416.07809549441,3195.17369798773,TRUE,"nonspatial",10000,5001,10,2000,5,1000,1000
4,"lp",1.00084120542833,2746.44401701383,2924.93833612497,TRUE,"nonspatial",10000,5001,10,2000,5,1000,1000
5,"tau_B_sq",1.00118506762429,3808.21768377707,3846.20888943024,TRUE,"nonspatial",10000,5001,10,2000,5,1000,1000
5,"lp",1.0017000370442,2734.04019716288,3040.03158758284,TRUE,"nonspatial",10000,5001,10,2000,5,1000,1000
1,"tau_B_sq",1.00282486551961,1470.72086763338,1617.66995498674,TRUE,"spatial",10000,5001,10,2000,6,1000,1000
1,"sigma_sq",1.0011410926444,1661.33057938453,2009.08413855336,TRUE,"spatial",10000,5001,10,2000,6,1000,1000
1,"eff_range",1.00372442535845,1707.72608768915,2219.07733777174,TRUE,"spatial",10000,5001,10,2000,6,1000,1000
1,"lp",1.00548076941466,1406.03102160235,1642.32707149381,TRUE,"spatial",10000,5001,10,2000,6,1000,1000
2,"tau_B_sq",1.00228759230756,1518.16950951551,1468.58795743517,TRUE,"spatial",10000,5001,10,2000,6,1000,1000
2,"sigma_sq",1.00228629413731,1979.36579283932,1994.57106138504,TRUE,"spatial",10000,5001,10,2000,6,1000,1000
2,"eff_range",1.00131776039632,1669.46959885975,2037.99851632835,TRUE,"spatial",10000,5001,10,2000,6,1000,1000
2,"lp",1.00339518568465,1366.15410978307,1833.6210801492,TRUE,"spatial",10000,5001,10,2000,6,1000,1000
3,"tau_B_sq",1.00226722880032,1595.08798404285,1779.83721838275,TRUE,"spatial",10000,5001,10,2000,6,1000,1000
3,"sigma_sq",1.0035220111113,1449.23005776154,2020.82028628795,TRUE,"spatial",10000,5001,10,2000,6,1000,1000
3,"eff_range",1.00240590398568,1620.21090858951,2049.9674986819,TRUE,"spatial",10000,5001,10,2000,6,1000,1000
3,"lp",1.00094930960213,1402.99800396238,1473.60359117908,TRUE,"spatial",10000,5001,10,2000,6,1000,1000
4,"tau_B_sq",1.00266614460888,1249.50131875015,1374.91937165526,TRUE,"spatial",10000,5001,10,2000,6,1000,1000
4,"sigma_sq",1.00159488027874,1686.73488562888,2215.91059578364,TRUE,"spatial",10000,5001,10,2000,6,1000,1000
4,"eff_range",1.00189169894946,1502.37811336341,1825.2035923933,TRUE,"spatial",10000,5001,10,2000,6,1000,1000
4,"lp",1.00272258358398,1318.55412084014,1778.96604665295,TRUE,"spatial",10000,5001,10,2000,6,1000,1000
5,"tau_B_sq",1.00407003603913,1469.44690668595,1759.49689151441,TRUE,"spatial",10000,5001,10,2000,6,1000,1000
5,"sigma_sq",1.00377205621768,1639.10577875549,2507.77031410742,TRUE,"spatial",10000,5001,10,2000,6,1000,1000
5,"eff_range",1.00251695221626,1687.01900545753,2021.37108405696,TRUE,"spatial",10000,5001,10,2000,6,1000,1000
5,"lp",1.0040281022602,1475.66318316601,1540.52547037401,TRUE,"spatial",10000,5001,10,2000,6,1000,1000
1,"tau_B_sq",1.00057849218971,3737.91152332406,4600.62497808917,TRUE,"nonspatial",10000,5001,10,2000,6,1000,1000
1,"lp",1.00039154168918,3102.11906507282,2921.88206216161,TRUE,"nonspatial",10000,5001,10,2000,6,1000,1000
2,"tau_B_sq",1.00173504252567,3840.41375844736,3848.18399661881,TRUE,"nonspatial",10000,5001,10,2000,6,1000,1000
2,"lp",1.00137815869383,3112.84360875697,2984.42119469051,TRUE,"nonspatial",10000,5001,10,2000,6,1000,1000
3,"tau_B_sq",1.00083130320741,3718.30529314557,3934.8552880254,TRUE,"nonspatial",10000,5001,10,2000,6,1000,1000
3,"lp",1.00139026472168,2750.95558791387,2721.73296172801,TRUE,"nonspatial",10000,5001,10,2000,6,1000,1000
4,"tau_B_sq",1.00091923031565,3985.56549682879,4036.38678089348,TRUE,"nonspatial",10000,5001,10,2000,6,1000,1000
4,"lp",1.00240111760911,3152.42188076207,3230.53508725429,TRUE,"nonspatial",10000,5001,10,2000,6,1000,1000
5,"tau_B_sq",1.00113624100926,3820.92317764557,4260.77739876484,TRUE,"nonspatial",10000,5001,10,2000,6,1000,1000
5,"lp",1.00226719085823,3229.51532103222,3098.19377790958,TRUE,"nonspatial",10000,5001,10,2000,6,1000,1000
1,"tau_B_sq",1.00415334877003,1338.18916850557,1298.09868668233,TRUE,"spatial",10000,5001,10,2000,7,1000,1000
1,"sigma_sq",1.00207648493139,1613.30050082226,2210.37242502028,TRUE,"spatial",10000,5001,10,2000,7,1000,1000
1,"eff_range",1.003677721913,1442.67192104528,2180.28091146939,TRUE,"spatial",10000,5001,10,2000,7,1000,1000
1,"lp",1.0033910025333,1504.98422218702,1468.14961946909,TRUE,"spatial",10000,5001,10,2000,7,1000,1000
2,"tau_B_sq",1.00389642909888,1314.52902934272,1590.3103843367,TRUE,"spatial",10000,5001,10,2000,7,1000,1000
2,"sigma_sq",1.00152677718111,1400.55162603557,1463.52662081676,TRUE,"spatial",10000,5001,10,2000,7,1000,1000
2,"eff_range",1.00338565354422,1408.29387370101,2260.24577237187,TRUE,"spatial",10000,5001,10,2000,7,1000,1000
2,"lp",1.00231402934322,1120.82210260877,1125.99006028861,TRUE,"spatial",10000,5001,10,2000,7,1000,1000
3,"tau_B_sq",1.00237159344529,1731.29509284383,2119.32035962899,TRUE,"spatial",10000,5001,10,2000,7,1000,1000
3,"sigma_sq",1.00401110233223,1435.86632372517,1859.90977192586,TRUE,"spatial",10000,5001,10,2000,7,1000,1000
3,"eff_range",1.00566827834468,1599.45239361599,1702.02386656499,TRUE,"spatial",10000,5001,10,2000,7,1000,1000
3,"lp",1.00303511347069,1322.08772115894,1595.72202988125,TRUE,"spatial",10000,5001,10,2000,7,1000,1000
4,"tau_B_sq",1.00284938717557,1505.22703934933,1548.45723513608,TRUE,"spatial",10000,5001,10,2000,7,1000,1000
4,"sigma_sq",1.00227781709011,1608.66098192796,2156.72420444058,TRUE,"spatial",10000,5001,10,2000,7,1000,1000
4,"eff_range",1.00340707087298,1404.93819854987,2293.09776753001,TRUE,"spatial",10000,5001,10,2000,7,1000,1000
4,"lp",1.00437279114175,1431.11905034352,1747.47612070937,TRUE,"spatial",10000,5001,10,2000,7,1000,1000
5,"tau_B_sq",1.00464035825828,1443.5537908212,1805.1853423781,TRUE,"spatial",10000,5001,10,2000,7,1000,1000
5,"sigma_sq",1.00384433581269,1461.17673680565,1699.81327938404,TRUE,"spatial",10000,5001,10,2000,7,1000,1000
5,"eff_range",1.00162278811033,1351.90347360761,1909.67700918538,TRUE,"spatial",10000,5001,10,2000,7,1000,1000
5,"lp",1.00339149590782,1098.51928052819,1184.69814734992,TRUE,"spatial",10000,5001,10,2000,7,1000,1000
1,"tau_B_sq",1.00259163814981,3950.68690379184,3514.97735194942,TRUE,"nonspatial",10000,5001,10,2000,7,1000,1000
1,"lp",1.0022635262484,2952.62276950025,3364.28948765034,TRUE,"nonspatial",10000,5001,10,2000,7,1000,1000
2,"tau_B_sq",1.00163619349744,3521.05946053191,3694.51839325698,TRUE,"nonspatial",10000,5001,10,2000,7,1000,1000
2,"lp",1.00116030323519,2991.17703263082,2969.82931425829,TRUE,"nonspatial",10000,5001,10,2000,7,1000,1000
3,"tau_B_sq",1.00041809811108,4058.23679147804,4028.88147510289,TRUE,"nonspatial",10000,5001,10,2000,7,1000,1000
3,"lp",1.00068422500682,2903.38019109954,2438.43812380462,TRUE,"nonspatial",10000,5001,10,2000,7,1000,1000
4,"tau_B_sq",1.00176838876326,3833.44117412605,3934.86263507688,TRUE,"nonspatial",10000,5001,10,2000,7,1000,1000
4,"lp",1.00168626375978,2963.00373436569,2697.04270343523,TRUE,"nonspatial",10000,5001,10,2000,7,1000,1000
5,"tau_B_sq",1.00197393435492,3693.40806872476,3195.98382921342,TRUE,"nonspatial",10000,5001,10,2000,7,1000,1000
5,"lp",1.00182238426253,2540.80936627121,2904.0482076538,TRUE,"nonspatial",10000,5001,10,2000,7,1000,1000
1,"tau_B_sq",1.00199173144456,1775.73373586263,2303.75912880158,TRUE,"spatial",10000,5001,10,2000,8,1000,1000
1,"sigma_sq",1.00228091672434,1568.02391106892,2115.00107836819,TRUE,"spatial",10000,5001,10,2000,8,1000,1000
1,"eff_range",1.00128406474405,1720.17755430124,1874.56617809447,TRUE,"spatial",10000,5001,10,2000,8,1000,1000
1,"lp",1.00211218869931,1418.27255369062,1511.9377086958,TRUE,"spatial",10000,5001,10,2000,8,1000,1000
2,"tau_B_sq",1.00185454157998,1754.94850783092,2320.31338543731,TRUE,"spatial",10000,5001,10,2000,8,1000,1000
2,"sigma_sq",1.00365467378492,1713.8740787604,2177.99334290935,TRUE,"spatial",10000,5001,10,2000,8,1000,1000
2,"eff_range",1.00213548717616,1639.53131347148,1505.29324180427,TRUE,"spatial",10000,5001,10,2000,8,1000,1000
2,"lp",1.00188278277321,1326.11275539627,1462.48642995867,TRUE,"spatial",10000,5001,10,2000,8,1000,1000
3,"tau_B_sq",1.00421220000213,1477.39403215358,1716.88230734189,TRUE,"spatial",10000,5001,10,2000,8,1000,1000
3,"sigma_sq",1.00255731092746,1717.20525183055,1909.68272868178,TRUE,"spatial",10000,5001,10,2000,8,1000,1000
3,"eff_range",1.00394389269147,1606.30111140163,2169.34440076274,TRUE,"spatial",10000,5001,10,2000,8,1000,1000
3,"lp",1.0038417248093,1187.67409413521,1533.85863029284,TRUE,"spatial",10000,5001,10,2000,8,1000,1000
4,"tau_B_sq",1.00307346666271,1597.95934687384,2393.75174195265,TRUE,"spatial",10000,5001,10,2000,8,1000,1000
4,"sigma_sq",1.00135137006801,1327.11006071169,2059.21705140235,TRUE,"spatial",10000,5001,10,2000,8,1000,1000
4,"eff_range",1.00159771016498,1567.19632996194,2310.73972540836,TRUE,"spatial",10000,5001,10,2000,8,1000,1000
4,"lp",1.0032255423195,1319.41999787898,1134.24555487845,TRUE,"spatial",10000,5001,10,2000,8,1000,1000
5,"tau_B_sq",1.00246634049624,1707.98237411311,2575.6836062966,TRUE,"spatial",10000,5001,10,2000,8,1000,1000
5,"sigma_sq",1.0037739025791,1552.45400285977,2022.15800640668,TRUE,"spatial",10000,5001,10,2000,8,1000,1000
5,"eff_range",1.00137239873234,1545.14123125022,1703.73160909934,TRUE,"spatial",10000,5001,10,2000,8,1000,1000
5,"lp",1.00159410371141,1296.17311608214,1394.72213581468,TRUE,"spatial",10000,5001,10,2000,8,1000,1000
1,"tau_B_sq",1.00012749523376,3835.40608292409,3649.88451541553,TRUE,"nonspatial",10000,5001,10,2000,8,1000,1000
1,"lp",1.00059528669524,2852.16169838317,2685.61629231566,TRUE,"nonspatial",10000,5001,10,2000,8,1000,1000
2,"tau_B_sq",1.00186657950813,3937.94327167721,4267.35965770613,TRUE,"nonspatial",10000,5001,10,2000,8,1000,1000
2,"lp",1.00113676502998,2663.9042047533,2742.06048142212,TRUE,"nonspatial",10000,5001,10,2000,8,1000,1000
3,"tau_B_sq",1.00174297568594,3870.42176162738,3236.67955736555,TRUE,"nonspatial",10000,5001,10,2000,8,1000,1000
3,"lp",1.00122224114559,2752.92123079677,3234.94572637889,TRUE,"nonspatial",10000,5001,10,2000,8,1000,1000
4,"tau_B_sq",1.00092666658165,3672.01568486857,3631.2147897419,TRUE,"nonspatial",10000,5001,10,2000,8,1000,1000
4,"lp",1.0011576761498,3039.58051297566,3147.90927949526,TRUE,"nonspatial",10000,5001,10,2000,8,1000,1000
5,"tau_B_sq",1.00120193241135,3907.38389187296,4129.99719857976,TRUE,"nonspatial",10000,5001,10,2000,8,1000,1000
5,"lp",1.00071233440741,3112.16257622535,3150.26293974151,TRUE,"nonspatial",10000,5001,10,2000,8,1000,1000
1,"tau_B_sq",1.00284784943434,1341.51746083147,1337.58508813734,TRUE,"spatial",10000,5001,10,2000,9,1000,1000
1,"sigma_sq",1.0008778479553,1767.59295117566,2421.24408064054,TRUE,"spatial",10000,5001,10,2000,9,1000,1000
1,"eff_range",1.00648217766123,1053.61954983768,1148.13836427234,TRUE,"spatial",10000,5001,10,2000,9,1000,1000
1,"lp",1.00202536109758,1003.15623984146,918.024946116574,TRUE,"spatial",10000,5001,10,2000,9,1000,1000
2,"tau_B_sq",1.0045991398926,1777.90036435179,2182.20766759605,TRUE,"spatial",10000,5001,10,2000,9,1000,1000
2,"sigma_sq",1.00144393272187,1558.89870853549,2189.3943759594,TRUE,"spatial",10000,5001,10,2000,9,1000,1000
2,"eff_range",1.00475013360002,1562.43387766777,1541.5962119618,TRUE,"spatial",10000,5001,10,2000,9,1000,1000
2,"lp",1.00585677387935,807.263806721267,1244.62155080287,TRUE,"spatial",10000,5001,10,2000,9,1000,1000
3,"tau_B_sq",1.00274957952233,1437.24273742892,1535.91303029856,TRUE,"spatial",10000,5001,10,2000,9,1000,1000
3,"sigma_sq",1.00231914233274,1734.78193304017,2188.08782366151,TRUE,"spatial",10000,5001,10,2000,9,1000,1000
3,"eff_range",1.00223553528462,1330.23930399404,1303.29127052594,TRUE,"spatial",10000,5001,10,2000,9,1000,1000
3,"lp",1.00252369087531,1139.87113743805,1165.2190699975,TRUE,"spatial",10000,5001,10,2000,9,1000,1000
4,"tau_B_sq",1.00158667069141,1593.8370297116,2002.06198756074,TRUE,"spatial",10000,5001,10,2000,9,1000,1000
4,"sigma_sq",1.00520824660032,1771.83219187185,2353.25537972187,TRUE,"spatial",10000,5001,10,2000,9,1000,1000
4,"eff_range",1.00112488472182,1655.63179640859,1690.77458603208,TRUE,"spatial",10000,5001,10,2000,9,1000,1000
4,"lp",1.00255306125223,1205.94353952025,1491.7482266791,TRUE,"spatial",10000,5001,10,2000,9,1000,1000
5,"tau_B_sq",1.00272661636377,1501.65947385256,1675.69704213154,TRUE,"spatial",10000,5001,10,2000,9,1000,1000
5,"sigma_sq",1.00276127340006,1712.96450495564,2081.68092493845,TRUE,"spatial",10000,5001,10,2000,9,1000,1000
5,"eff_range",1.00188061890291,1456.2741007726,1618.1800639654,TRUE,"spatial",10000,5001,10,2000,9,1000,1000
5,"lp",1.00393365253782,1038.2572934673,1018.01150088538,TRUE,"spatial",10000,5001,10,2000,9,1000,1000
1,"tau_B_sq",1.00197426414583,3882.12709465531,4086.42527569451,TRUE,"nonspatial",10000,5001,10,2000,9,1000,1000
1,"lp",1.00204710382042,3282.41934882616,2934.07868570756,TRUE,"nonspatial",10000,5001,10,2000,9,1000,1000
2,"tau_B_sq",1.00115388091346,3796.04217207898,3787.48608483633,TRUE,"nonspatial",10000,5001,10,2000,9,1000,1000
2,"lp",1.00210994284508,2926.09811876475,3005.74233109326,TRUE,"nonspatial",10000,5001,10,2000,9,1000,1000
3,"tau_B_sq",1.00098960248645,3766.72254178548,3927.47631480146,TRUE,"nonspatial",10000,5001,10,2000,9,1000,1000
3,"lp",1.00114113421326,2806.90241828054,2593.17565470062,TRUE,"nonspatial",10000,5001,10,2000,9,1000,1000
4,"tau_B_sq",1.00101889761127,3873.66151574258,3790.75411304655,TRUE,"nonspatial",10000,5001,10,2000,9,1000,1000
4,"lp",1.00239432918064,2692.96919365981,2955.97018193425,TRUE,"nonspatial",10000,5001,10,2000,9,1000,1000
5,"tau_B_sq",1.00321447579713,3777.26210253972,3782.10938401712,TRUE,"nonspatial",10000,5001,10,2000,9,1000,1000
5,"lp",1.00317139597265,3246.13650536128,3535.91523168622,TRUE,"nonspatial",10000,5001,10,2000,9,1000,1000
1,"tau_B_sq",1.0054846711674,1160.07335083593,1234.29632150405,TRUE,"spatial",10000,5001,10,2000,10,1000,1000
1,"sigma_sq",1.00255940651009,1470.1629914109,1930.00634621415,TRUE,"spatial",10000,5001,10,2000,10,1000,1000
1,"eff_range",1.00491556640521,1188.23442784075,646.586384986222,TRUE,"spatial",10000,5001,10,2000,10,1000,1000
1,"lp",1.00577673972365,1024.9450539419,990.050828002108,TRUE,"spatial",10000,5001,10,2000,10,1000,1000
2,"tau_B_sq",1.00237643091138,1456.32330561064,2162.16133711226,TRUE,"spatial",10000,5001,10,2000,10,1000,1000
2,"sigma_sq",1.00201576351407,1602.08240081163,2318.71820387259,TRUE,"spatial",10000,5001,10,2000,10,1000,1000
2,"eff_range",1.00185104576316,1532.5317838056,1571.24151403637,TRUE,"spatial",10000,5001,10,2000,10,1000,1000
2,"lp",1.00212787542454,1274.40598495103,1304.84071958917,TRUE,"spatial",10000,5001,10,2000,10,1000,1000
3,"tau_B_sq",1.00383473589481,1066.18606700247,1023.30913149326,TRUE,"spatial",10000,5001,10,2000,10,1000,1000
3,"sigma_sq",1.0035539947741,1603.50351319018,2122.81863217537,TRUE,"spatial",10000,5001,10,2000,10,1000,1000
3,"eff_range",1.00355167418022,1240.2157898594,768.446999156937,TRUE,"spatial",10000,5001,10,2000,10,1000,1000
3,"lp",1.00698765191536,1056.69453691315,1038.05409305746,TRUE,"spatial",10000,5001,10,2000,10,1000,1000
4,"tau_B_sq",1.00192644517088,1890.11510928325,2507.17077769576,TRUE,"spatial",10000,5001,10,2000,10,1000,1000
4,"sigma_sq",1.00583071001537,1784.46974303283,2216.52027438093,TRUE,"spatial",10000,5001,10,2000,10,1000,1000
4,"eff_range",1.00197969512586,1631.4229405203,1763.727965241,TRUE,"spatial",10000,5001,10,2000,10,1000,1000
4,"lp",1.00329698020696,1138.53486215431,1491.00665038398,TRUE,"spatial",10000,5001,10,2000,10,1000,1000
5,"tau_B_sq",1.00357486542159,1418.42863433271,1645.8106147625,TRUE,"spatial",10000,5001,10,2000,10,1000,1000
5,"sigma_sq",1.00184750458019,1835.58369740066,2514.25237625538,TRUE,"spatial",10000,5001,10,2000,10,1000,1000
5,"eff_range",1.00258650619298,1510.48923984662,1691.64103988428,TRUE,"spatial",10000,5001,10,2000,10,1000,1000
5,"lp",1.00523131396649,1198.99213105793,1493.18816297276,TRUE,"spatial",10000,5001,10,2000,10,1000,1000
1,"tau_B_sq",1.00187623231213,4052.77594756992,4116.08054789287,TRUE,"nonspatial",10000,5001,10,2000,10,1000,1000
1,"lp",1.00199469416076,2713.64766776514,2710.43577940036,TRUE,"nonspatial",10000,5001,10,2000,10,1000,1000
2,"tau_B_sq",1.00161230761571,3505.72288504586,3321.43620829026,TRUE,"nonspatial",10000,5001,10,2000,10,1000,1000
2,"lp",1.00187062551078,2845.38778596664,2280.60450077623,TRUE,"nonspatial",10000,5001,10,2000,10,1000,1000
3,"tau_B_sq",1.00274989455102,3768.773673738,3498.2610992168,TRUE,"nonspatial",10000,5001,10,2000,10,1000,1000
3,"lp",1.00230436523137,2607.12854388349,2922.54843719745,TRUE,"nonspatial",10000,5001,10,2000,10,1000,1000
4,"tau_B_sq",1.00178876732444,3291.19271105517,3407.03944737372,TRUE,"nonspatial",10000,5001,10,2000,10,1000,1000
4,"lp",1.00164084632645,2822.71199983576,2935.25762329669,TRUE,"nonspatial",10000,5001,10,2000,10,1000,1000
5,"tau_B_sq",1.00186020510735,3883.2760338638,3840.97226714261,TRUE,"nonspatial",10000,5001,10,2000,10,1000,1000
5,"lp",1.00186513992536,2707.52011117768,2752.48055309384,TRUE,"nonspatial",10000,5001,10,2000,10,1000,1000
