"target","n","k","RMSPE","CRPS","coverage_95","mean_interval_width","mean_error","MAE","bias","cor","slope","model","diagnostics_passed","rep_id","eff_range","prior_scale"
"latent",49,5,3.44860457207794,2.61424091314892,1,39.4180295630052,-1.4357025307149,3.12145717930846,-1.4357025307149,0.999724235027801,1.01255258263296,"spatial",TRUE,1,0,500
"observed",49,5,17.7093421820949,10.1934863129935,0.938775510204082,68.8126395940393,-0.0567126028678385,14.7368601590723,-0.0567126028678385,0.988859790359675,1.00789072688624,"spatial",TRUE,1,0,500
"latent",49,5,3.46539787618151,1.95933969936295,1,14.5666283341387,-1.44320335224017,3.0989364647813,-1.44320335224017,0.999726420937187,1.01300593909409,"nonspatial",TRUE,1,0,500
"observed",49,5,17.746876905892,10.1920725200429,0.938775510204082,66.8554950922153,0.0498444740769291,14.7635659757166,0.0498444740769291,0.988815658158035,1.00834590191661,"nonspatial",TRUE,1,0,500
"latent",49,5,3.55439939684707,2.68027357178633,1,39.6495211437298,-0.615470106840729,2.51896348505074,-0.615470106840729,0.999747024915739,1.01969731281074,"spatial",TRUE,2,0,500
"observed",49,5,18.0750836354322,10.1587073848545,0.918367346938776,70.7471718425247,-0.132031440018064,13.5531494213839,-0.132031440018064,0.987926712640744,0.995225418201173,"spatial",TRUE,2,0,500
"latent",49,5,3.57813293917092,1.99261831529037,0.959183673469388,15.1578609221089,-0.665725356255523,2.52087992450839,-0.665725356255523,0.999737605006061,1.01939062094377,"nonspatial",TRUE,2,0,500
"observed",49,5,18.0931822242887,10.1928214775875,0.918367346938776,69.6334341789873,-0.0653850963027332,13.5703002284559,-0.0653850963027332,0.987903940312984,0.994809125002489,"nonspatial",TRUE,2,0,500
"latent",49,5,2.17098770746619,2.34923291278501,1,40.252767638918,-1.50499376599387,1.87847770186971,-1.50499376599387,0.999913147308912,1.0013687883138,"spatial",TRUE,3,0,500
"observed",49,5,17.0731453073599,9.73724397880021,0.959183673469388,70.8864313895462,-0.158153670191041,13.4455781017438,-0.158153670191041,0.989564458822484,0.993609351056197,"spatial",TRUE,3,0,500
"latent",49,5,2.09874499501984,1.29083269101646,1,14.8733034080342,-1.42604432638222,1.82021117061853,-1.42604432638222,0.999916223238426,1.00158179687159,"nonspatial",TRUE,3,0,500
"observed",49,5,17.0309662454759,9.7280188348274,0.959183673469388,68.7497524543129,-0.190290264715004,13.3831372961509,-0.190290264715004,0.989617036770602,0.993563267984577,"nonspatial",TRUE,3,0,500
"latent",49,5,5.37939392942769,3.09460053794246,1,41.6153892123433,0.488736518029967,3.39389283911021,0.488736518029967,0.999759206697832,1.04135801679645,"spatial",TRUE,4,0,500
"observed",49,5,17.8905769113696,10.1306066212585,0.959183673469388,72.8357844274982,0.164811421080283,14.1770601538543,0.164811421080283,0.988040754416749,1.00945580861959,"spatial",TRUE,4,0,500
"latent",49,5,5.40896063766564,2.36841844944714,1,15.4863923402857,0.532860591052585,3.36740488506512,0.532860591052585,0.999746130715408,1.0412696642561,"nonspatial",TRUE,4,0,500
"observed",49,5,17.9663404949053,10.2124980362387,0.959183673469388,71.7309635108641,0.305806066025534,14.2587015599865,0.305806066025534,0.987939906141809,1.00936268620777,"nonspatial",TRUE,4,0,500
"latent",49,5,3.6592895819209,2.54164007265977,1,37.3415955062228,-0.439208344581387,2.63098477359715,-0.439208344581387,0.999864934418343,0.974649747739147,"spatial",TRUE,5,0,500
"observed",49,5,16.1600398424293,9.14423641329773,0.938775510204082,66.4685497190047,-0.0378259376319105,12.7400319054322,-0.0378259376319105,0.991157058012673,0.996259264776262,"spatial",TRUE,5,0,500
"latent",49,5,3.56898792887635,1.78948712702829,1,13.9723602154599,-0.374715642447223,2.5837320692076,-0.374715642447223,0.999879896709827,0.974891068576599,"nonspatial",TRUE,5,0,500
"observed",49,5,16.1568790403913,9.14856073566829,0.918367346938776,64.3522448762374,-0.0907005222014477,12.7745439361414,-0.0907005222014477,0.991163899748653,0.995501403225785,"nonspatial",TRUE,5,0,500
"latent",49,5,4.53417694065053,2.88992778502293,1,39.6568575553637,0.752431858962004,3.61378043122778,0.752431858962004,0.999928894588362,0.965306606355482,"spatial",TRUE,6,0,500
"observed",49,5,16.7019286982467,9.55706712715525,0.918367346938776,69.8605242703872,-0.000591972471660722,13.5820055071395,-0.000591972471660722,0.990772463268498,0.998104230852286,"spatial",TRUE,6,0,500
"latent",49,5,4.51734830106344,2.35831500563252,1,14.7369141009127,0.661106851435729,3.63128829652101,0.661106851435729,0.9999394690031,0.965055394003792,"nonspatial",TRUE,6,0,500
"observed",49,5,16.6021647764164,9.52169454013878,0.938775510204082,67.8615410858358,-0.181460358994004,13.5726790551004,-0.181460358994004,0.990885092521748,0.997591319213866,"nonspatial",TRUE,6,0,500
"latent",49,5,3.39850425566833,2.68458834237705,1,43.3795214348175,1.18587542445272,2.39701496047431,1.18587542445272,0.999791192780252,0.982698375399262,"spatial",TRUE,7,0,500
"observed",49,5,18.3936846837098,10.5101494055856,0.938775510204082,74.929694390292,-0.185358205404254,15.2874848442932,-0.185358205404254,0.988294394934611,0.989041984833851,"spatial",TRUE,7,0,500
"latent",49,5,3.32811982602981,1.68064754194354,1,15.952457657642,1.23199925103478,2.31549095860231,1.23199925103478,0.999801922239674,0.983270821607715,"nonspatial",TRUE,7,0,500
"observed",49,5,18.4085075370457,10.5148264117409,0.938775510204082,73.4425031415765,-0.165713115572826,15.1732186718502,-0.165713115572826,0.988264479015905,0.99003396966032,"nonspatial",TRUE,7,0,500
"latent",49,5,2.37921683458024,1.99562134134901,1,30.8416063833822,-1.19958857497401,1.85393363519367,-1.19958857497401,0.999921933439082,0.988035264732948,"spatial",TRUE,8,0,500
"observed",49,5,12.4821965841034,7.06268280966118,0.959183673469388,54.4839112517978,0.0400595988630023,9.76433093708769,0.0400595988630023,0.994668620684119,1.00590383453749,"spatial",TRUE,8,0,500
"latent",49,5,2.36343165287929,1.29700293654665,1,11.153466209855,-1.18868879905652,1.84805528979696,-1.18868879905652,0.999928823499198,0.987628220950625,"nonspatial",TRUE,8,0,500
"observed",49,5,12.4378390772376,6.99208376488789,0.959183673469388,51.7639867734629,0.0884807536011388,9.70120879646594,0.0884807536011388,0.9947045338023,1.00548180604127,"nonspatial",TRUE,8,0,500
"latent",49,5,1.57368244619429,2.19151774077581,1,38.81185516984,0.540659241759495,1.20950784345477,0.540659241759495,0.999929916059644,0.995957847839293,"spatial",TRUE,9,0,500
"observed",49,5,16.4330623100224,9.41837862910548,0.979591836734694,68.9251076077975,-0.15090835330388,13.2103468254752,-0.15090835330388,0.990414014382216,0.991852755268557,"spatial",TRUE,9,0,500
"latent",49,5,1.6660829099412,1.100480093694,1,14.3503402798248,0.623698546192056,1.2532238787171,0.623698546192056,0.999925754235636,0.995259822958442,"nonspatial",TRUE,9,0,500
"observed",49,5,16.3455240618196,9.37813715249384,0.938775510204082,66.9866457486781,-0.0356592872179682,13.0764006617803,-0.0356592872179682,0.990516576051088,0.991778526316308,"nonspatial",TRUE,9,0,500
"latent",49,5,1.5599415894984,2.04424893064369,1,35.5842265389844,-0.911803797090976,1.3404162332611,-0.911803797090976,0.999943191356125,0.998873317680819,"spatial",TRUE,10,0,500
"observed",49,5,14.4619082980286,8.2050927942801,0.979591836734694,62.6264729709381,-0.00262818922850117,11.5698607394342,-0.00262818922850117,0.992653381708801,1.00345071321602,"spatial",TRUE,10,0,500
"latent",49,5,1.49594023082273,1.0444245389313,1,13.0254832339187,-0.888432539106798,1.26300353207914,-0.888432539106798,0.99994853591974,0.999025054061601,"nonspatial",TRUE,10,0,500
"observed",49,5,14.4259458920106,8.17347617893902,0.959183673469388,59.9153738122735,0.0750054254625586,11.5328839296723,0.0750054254625586,0.992689720694111,1.00329521017502,"nonspatial",TRUE,10,0,500
"latent",49,5,19.1299913968886,11.0124514726963,0.836734693877551,52.2386986636452,-1.22158951897441,15.043011603418,-1.22158951897441,0.986861396924672,1.0282656299863,"spatial",TRUE,1,50,500
"observed",49,5,26.2439478731578,14.817104462429,0.857142857142857,92.813657601277,0.217037059096615,20.5867765821518,0.217037059096615,0.974873096741494,1.022522366273,"spatial",TRUE,1,50,500
"latent",49,5,19.0887830091453,12.5371558605334,0.408163265306122,19.8944444042117,-1.27833142366666,14.9805752762142,-1.27833142366666,0.986940444866388,1.02884224344176,"nonspatial",TRUE,1,50,500
"observed",49,5,26.2310325601693,14.7858444755429,0.897959183673469,92.2443883733961,0.181550562023693,20.5191215171027,0.181550562023693,0.974897617586426,1.0225106128456,"nonspatial",TRUE,1,50,500
"latent",49,5,19.663550107344,11.4944574504644,0.857142857142857,52.4659805140677,-0.289053908619434,15.789524444538,-0.289053908619434,0.987425695253799,1.04095623444066,"spatial",TRUE,2,50,500
"observed",49,5,25.6763354589675,14.4711751273836,0.918367346938776,96.4302367418546,0.0547747896017149,19.8415501859487,0.0547747896017149,0.976687688560161,1.01674491689868,"spatial",TRUE,2,50,500
"latent",49,5,19.6120313826172,13.1971562492335,0.326530612244898,20.9065171540341,-0.336439466309937,15.7013845449323,-0.336439466309937,0.987528264103883,1.04181690027459,"nonspatial",TRUE,2,50,500
"observed",49,5,25.6087691768596,14.4185186485515,0.918367346938776,95.7042516816116,0.200127807609942,19.752902140187,0.200127807609942,0.97684078479935,1.018404582113,"nonspatial",TRUE,2,50,500
"latent",49,5,20.4185604906663,11.7480349042643,0.857142857142857,60.2520173727613,-1.37874673427793,15.7236759866033,-1.37874673427793,0.985745398278966,0.996640100056708,"spatial",TRUE,3,50,500
"observed",49,5,27.5007883107634,15.9118420135009,0.938775510204082,109.941548827024,-0.121664355218125,22.7498359945293,-0.121664355218125,0.974144469119381,0.988976350186803,"spatial",TRUE,3,50,500
"latent",49,5,20.4040720920673,13.2404843840499,0.448979591836735,23.2053732427701,-1.42059298431272,15.723723195207,-1.42059298431272,0.985777071817085,0.994939393887276,"nonspatial",TRUE,3,50,500
"observed",49,5,27.5031470304953,15.8861850788097,0.938775510204082,110.32013555557,-0.0579058670479015,22.5452531449622,-0.0579058670479015,0.974162055234363,0.987114106208444,"nonspatial",TRUE,3,50,500
"latent",49,5,20.1140915121683,11.8072341119503,0.795918367346939,58.7845113309892,0.576726456307922,15.8426500887615,0.576726456307922,0.98652963663273,1.04709376426244,"spatial",TRUE,4,50,500
"observed",49,5,26.1849314821055,14.7920290151279,0.938775510204082,103.249840034972,0.253353264291812,20.5376673064535,0.253353264291812,0.974452787220419,1.01416010074548,"spatial",TRUE,4,50,500
"latent",49,5,20.2180326121486,13.5065466741531,0.448979591836735,21.9095354445943,0.595038313398739,15.8945903904438,0.595038313398739,0.986373203294961,1.04694813922528,"nonspatial",TRUE,4,50,500
"observed",49,5,26.4197307317503,15.033395187037,0.918367346938776,102.016197931852,0.15158811780365,20.9824227453068,0.15158811780365,0.973986872404789,1.0144487742452,"nonspatial",TRUE,4,50,500
"latent",49,5,21.1924811565252,12.3690676510887,0.816326530612245,56.2936829495761,-0.38064746595335,16.3146564821267,-0.38064746595335,0.98550480839022,0.978878193507712,"spatial",TRUE,5,50,500
"observed",49,5,25.7554620996864,14.7484905840281,0.959183673469388,103.776080813406,0.00835188411781792,20.6661076659861,0.00835188411781792,0.979359760369901,1.00066205942093,"spatial",TRUE,5,50,500
"latent",49,5,21.1041387921279,13.9957674244295,0.408163265306122,22.2717573643256,-0.339115916956102,16.2697400804546,-0.339115916956102,0.985620060836547,0.979207036216077,"nonspatial",TRUE,5,50,500
"observed",49,5,25.7900612584918,14.7505115066957,0.938775510204082,103.572097983763,-0.142314351623459,20.6481224140057,-0.142314351623459,0.97930432359555,1.00067398638336,"nonspatial",TRUE,5,50,500
"latent",49,5,22.2336588681178,13.3838452720111,0.795918367346939,57.6709149170013,0.589053734572805,17.8447692666006,0.589053734572805,0.982883321596933,0.957172595564578,"spatial",TRUE,6,50,500
"observed",49,5,27.9934569334459,15.9865274860757,0.918367346938776,108.335220718169,-0.0649096427188259,22.1852216509637,-0.0649096427188259,0.973622767607712,0.990551154763426,"spatial",TRUE,6,50,500
"latent",49,5,22.0834901927099,15.2455294844353,0.346938775510204,23.4240316400727,0.557030769930319,17.7340763994079,0.557030769930319,0.983083790373081,0.958109117113564,"nonspatial",TRUE,6,50,500
"observed",49,5,28.0971310298582,16.0636234569841,0.938775510204082,108.328390423972,-0.228131196353774,22.3702581022363,-0.228131196353774,0.973420300723485,0.991134258394899,"nonspatial",TRUE,6,50,500
"latent",49,5,18.2298885657554,10.6572581595461,0.857142857142857,60.186108544074,1.26807168779779,14.7044086431029,1.26807168779779,0.988354519509934,0.985098025867443,"spatial",TRUE,7,50,500
"observed",49,5,27.2167024839349,15.2595814847597,0.918367346938776,108.588679725489,-0.166388337304438,20.6061192812989,-0.166388337304438,0.974582374213573,0.991875202889606,"spatial",TRUE,7,50,500
"latent",49,5,18.1744849775463,12.2051975394065,0.448979591836735,23.2742155799193,1.2173130836224,14.7406331529914,1.2173130836224,0.988409871957927,0.985918299355987,"nonspatial",TRUE,7,50,500
"observed",49,5,27.1140525200258,15.1910553325373,0.918367346938776,107.454437147456,-0.272455546119383,20.6886702550636,-0.272455546119383,0.974767141846757,0.993365464355595,"nonspatial",TRUE,7,50,500
"latent",49,5,17.4362402509556,10.4898592790521,0.857142857142857,51.8580858903539,-1.1676240472412,14.6193141207158,-1.1676240472412,0.989358509925589,0.988918810503649,"spatial",TRUE,8,50,500
"observed",49,5,23.3302644267214,13.2261786599975,0.938775510204082,93.3573501214559,0.119551971846879,18.8587961426613,0.119551971846879,0.981663705391162,1.00718873804292,"spatial",TRUE,8,50,500
"latent",49,5,17.3769291884447,12.2162881590644,0.346938775510204,19.9566216042401,-1.2134291211994,14.5200456142914,-1.2134291211994,0.989427845696258,0.989645583353051,"nonspatial",TRUE,8,50,500
"observed",49,5,23.1921200080012,13.1320460825367,0.938775510204082,93.4232531457394,0.120916568219904,18.7953892556926,0.120916568219904,0.981876815476997,1.00630860869355,"nonspatial",TRUE,8,50,500
"latent",49,5,20.9528632218313,12.8991449818578,0.857142857142857,55.7167069177334,0.525515218650652,17.7965439474582,0.525515218650652,0.985173068354067,0.982992812069323,"spatial",TRUE,9,50,500
"observed",49,5,26.1656094725577,15.2425074973983,0.959183673469388,98.6282984672079,-0.261333231876586,22.1105108239983,-0.261333231876586,0.976977068799142,0.978315352124563,"spatial",TRUE,9,50,500
"latent",49,5,20.9656940413806,15.1782983834448,0.244897959183673,21.2122739308415,0.472025282378459,17.8381195906639,0.472025282378459,0.98518327520369,0.981346120320753,"nonspatial",TRUE,9,50,500
"observed",49,5,26.2560782805864,15.2548555927185,0.979591836734694,98.0707699843887,-0.155221608338028,22.1927767803035,-0.155221608338028,0.976815557169725,0.97817702287498,"nonspatial",TRUE,9,50,500
"latent",49,5,20.3511399497967,12.2822939150136,0.775510204081633,53.625017119695,-0.580622656446368,16.7209216690595,-0.580622656446368,0.984909304744554,1.00606264490262,"spatial",TRUE,10,50,500
"observed",49,5,24.1627745917607,13.6841853700174,0.959183673469388,94.6773988950021,0.481982573510675,19.4172539198385,0.481982573510675,0.979124765624538,1.01040466203226,"spatial",TRUE,10,50,500
"latent",49,5,19.9337274923423,13.9688411133945,0.408163265306122,19.9114844785348,-0.70911678854265,16.3530470098851,-0.70911678854265,0.985536806371785,1.00654949181307,"nonspatial",TRUE,10,50,500
"observed",49,5,23.8026144182562,13.4803257668077,0.938775510204082,94.3766890312237,0.256255147334973,19.0003915197649,0.256255147334973,0.97975174140335,1.01110038524594,"nonspatial",TRUE,10,50,500
"latent",49,5,23.5908918408407,13.8085493697752,0.795918367346939,57.812277544785,-1.06282696272155,18.5418891859727,-1.06282696272155,0.979687906536757,1.03260807164151,"spatial",TRUE,1,150,500
"observed",49,5,29.3961990914485,16.375480290968,0.857142857142857,103.058559747447,0.260416133903965,22.3058509201942,0.260416133903965,0.968130029335815,1.02609852090656,"spatial",TRUE,1,150,500
"latent",49,5,23.6253441873775,15.7929734801079,0.387755102040816,22.0982365945923,-1.22297042145805,18.6126226845438,-1.22297042145805,0.979658814857764,1.03324456696775,"nonspatial",TRUE,1,150,500
"observed",49,5,29.4562669523442,16.4055049685577,0.857142857142857,102.363076094793,0.227804223139245,22.2849686365817,0.227804223139245,0.968009545759,1.02669194174981,"nonspatial",TRUE,1,150,500
"latent",49,5,24.341873652725,14.4780004238864,0.775510204081633,58.6348986299268,-0.311827995480009,19.3230356600761,-0.311827995480009,0.980455127814317,1.0455866444484,"spatial",TRUE,2,150,500
"observed",49,5,28.9364513236475,16.402382520174,0.897959183673469,107.266559190226,0.179888184057934,22.7923877995585,0.179888184057934,0.970334442426194,1.02084250837356,"spatial",TRUE,2,150,500
"latent",49,5,24.479163713028,16.5759642566931,0.346938775510204,23.1308919797345,-0.318650889213467,19.3459856485079,-0.318650889213467,0.980228759170873,1.04578614487305,"nonspatial",TRUE,2,150,500
"observed",49,5,28.8261680607734,16.334224824753,0.918367346938776,107.062911448065,0.0773009729321278,22.6377177443797,0.0773009729321278,0.970565891353106,1.02092881709691,"nonspatial",TRUE,2,150,500
"latent",49,5,25.6218174756307,15.1436299228733,0.816326530612245,68.6141842376723,-1.39396302668004,20.2775132915417,-1.39396302668004,0.977505581555871,0.993560645222961,"spatial",TRUE,3,150,500
"observed",49,5,31.6799601509075,18.3727342179213,0.918367346938776,124.708482686367,-0.0868825036438925,26.1326278825272,-0.0868825036438925,0.965685700511021,0.986194649987627,"spatial",TRUE,3,150,500
"latent",49,5,25.5231624192821,17.0192764565785,0.408163265306122,26.6530336986093,-1.51350863211211,20.1046894380927,-1.51350863211211,0.977691265216695,0.993873635574842,"nonspatial",TRUE,3,150,500
"observed",49,5,31.5945346831429,18.2726786526153,0.938775510204082,124.890424318895,-0.222186343469109,26.1776072536463,-0.222186343469109,0.965873025682051,0.986394321913761,"nonspatial",TRUE,3,150,500
"latent",49,5,24.5650868405269,14.5352031127393,0.755102040816326,71.2702626305328,0.706129184453998,19.4437848079887,0.706129184453998,0.97966897992029,1.04744168405874,"spatial",TRUE,4,150,500
"observed",49,5,30.0726015879718,17.2173095017101,0.938775510204082,118.095458406348,0.299717692806298,24.3355010064041,0.299717692806298,0.966753067298267,1.01598643873783,"spatial",TRUE,4,150,500
"latent",49,5,24.9635023121478,16.8415814360251,0.448979591836735,25.4193178167821,0.614014603744774,19.6221347232829,0.614014603744774,0.978957164774603,1.04742747621,"nonspatial",TRUE,4,150,500
"observed",49,5,30.6365986906431,17.5977931887535,0.938775510204082,118.764820414942,0.24257333335796,24.9314385512448,0.24257333335796,0.965460193873413,1.01561014510003,"nonspatial",TRUE,4,150,500
"latent",49,5,25.5710324958918,15.0931222505195,0.795918367346939,62.9576932755639,-0.445844808504491,19.8269656329027,-0.445844808504491,0.980095243122842,0.980452160098821,"spatial",TRUE,5,150,500
"observed",49,5,29.1538405586795,16.6145390485292,0.938775510204082,116.432399268051,-0.151125027408352,23.0870844832457,-0.151125027408352,0.975135928232263,1.00145007620807,"spatial",TRUE,5,150,500
"latent",49,5,25.4333612976802,17.0158800761757,0.387755102040816,25.3401444703499,-0.28870606993641,19.7117146546685,-0.28870606993641,0.98029048704576,0.981427480312435,"nonspatial",TRUE,5,150,500
"observed",49,5,29.0564757946331,16.5818703606883,0.938775510204082,116.329282091895,-0.0322872667979938,22.9228105105669,-0.0322872667979938,0.975302449622598,1.00075734937632,"nonspatial",TRUE,5,150,500
"latent",49,5,26.6928520289489,16.5857076635884,0.775510204081633,63.57544288287,0.551533312048631,22.0258626025097,0.551533312048631,0.974638079264176,0.954824603518914,"spatial",TRUE,6,150,500
"observed",49,5,31.5204115289278,18.0331035117692,0.938775510204082,120.423004833696,-0.215407891252476,25.1739194666061,-0.215407891252476,0.966093556632788,0.988705034851573,"spatial",TRUE,6,150,500
"latent",49,5,26.6510170895899,19.005935212693,0.224489795918367,25.8602593600671,0.565723028235082,21.9968054959709,0.565723028235082,0.974724585581727,0.954789066627473,"nonspatial",TRUE,6,150,500
"observed",49,5,31.5968525626132,18.18347757091,0.938775510204082,120.23501761646,-0.316054202932157,25.3931347136998,-0.316054202932157,0.965926190726412,0.988823771101251,"nonspatial",TRUE,6,150,500
"latent",49,5,22.2909934270681,13.2110752279045,0.857142857142857,68.5301982737476,1.3307059370101,17.997030204223,1.3307059370101,0.982488253298429,0.985164001077584,"spatial",TRUE,7,150,500
"observed",49,5,30.5947564771454,17.1427990381998,0.918367346938776,122.866803077669,-0.0470276509464682,23.2787875109635,-0.0470276509464682,0.967903628131056,0.992148962627625,"spatial",TRUE,7,150,500
"latent",49,5,22.3826783084849,15.2131886248428,0.408163265306122,26.5362156687841,1.23814485855387,18.0538687548856,1.23814485855387,0.982321947680902,0.985879919300484,"nonspatial",TRUE,7,150,500
"observed",49,5,30.7645991552744,17.2498150604154,0.918367346938776,121.446315573777,-0.200857627111842,23.3364025737927,-0.200857627111842,0.967542165051799,0.992033270623286,"nonspatial",TRUE,7,150,500
"latent",49,5,21.2020687209722,12.9681820412117,0.877551020408163,58.7527894075418,-1.17956995705392,17.7241225750899,-1.17956995705392,0.984415035298944,0.989050784483713,"spatial",TRUE,8,150,500
"observed",49,5,26.3309465251365,14.9819116612693,0.938775510204082,105.735599506218,0.108419273752261,21.5502769887269,0.108419273752261,0.976936894487031,1.00701579651499,"spatial",TRUE,8,150,500
"latent",49,5,21.1937674580536,15.088980024233,0.285714285714286,22.5595148208317,-1.25998441886509,17.7139469014484,-1.25998441886509,0.984426024654103,0.989823815559239,"nonspatial",TRUE,8,150,500
"observed",49,5,26.5408015584512,15.0764628799889,0.938775510204082,105.393107775044,-0.0820790001844144,21.7679347304109,-0.0820790001844144,0.976562591779059,1.00698364891681,"nonspatial",TRUE,8,150,500
"latent",49,5,26.0558196315165,16.2311489129547,0.816326530612245,66.0632076065547,0.474844517952798,22.0285048855394,0.474844517952798,0.977276726981344,0.980441648935447,"spatial",TRUE,9,150,500
"observed",49,5,30.5512237641397,17.7040839677985,0.979591836734694,114.390319050588,-0.188711823392821,25.6551325668243,-0.188711823392821,0.96892293371482,0.975444461536969,"spatial",TRUE,9,150,500
"latent",49,5,26.2201450631389,18.9847953298024,0.306122448979592,25.0000660452451,0.476022775352083,22.2287279933548,0.476022775352083,0.97701693746058,0.978846719862485,"nonspatial",TRUE,9,150,500
"observed",49,5,30.6028377187467,17.7422202822359,0.959183673469388,114.029087636469,-0.286797414588378,25.5939493660104,-0.286797414588378,0.968828167399386,0.974999091331875,"nonspatial",TRUE,9,150,500
"latent",49,5,26.7355842768537,16.5057091832266,0.714285714285714,65.0825297903558,-0.397510730244081,22.2852435162423,-0.397510730244081,0.973837373532067,1.00442083177542,"spatial",TRUE,10,150,500
"observed",49,5,29.3154034213429,16.6448335559407,0.918367346938776,109.489842625742,0.544153849018201,23.3803251091812,0.544153849018201,0.96908327106829,1.00866891022154,"spatial",TRUE,10,150,500
"latent",49,5,25.6616115645071,18.3322328211108,0.326530612244898,23.7884748099199,-0.656841560116118,21.2570930021852,-0.656841560116118,0.975976974131069,1.01048621586096,"nonspatial",TRUE,10,150,500
"observed",49,5,28.4265712472903,16.1606728094973,0.938775510204082,110.535387244627,0.347470372896496,22.9247080524915,0.347470372896496,0.971019676450564,1.0146902349183,"nonspatial",TRUE,10,150,500
"latent",49,5,23.4172999243433,13.7516448040931,0.836734693877551,59.6470404720827,-1.0509644423817,18.6907270883091,-1.0509644423817,0.979780525365526,1.03141966253221,"spatial",TRUE,1,350,500
"observed",49,5,28.8629027567588,16.0748795138378,0.918367346938776,101.866825870444,0.272876725164293,21.6892741339888,0.272876725164293,0.968937077752198,1.02499924767495,"spatial",TRUE,1,350,500
"latent",49,5,23.7680847320506,16.2938106957461,0.26530612244898,21.8302580276095,-1.2853497594263,19.0367521080793,-1.2853497594263,0.979165234530834,1.03128272288467,"nonspatial",TRUE,1,350,500
"observed",49,5,29.0650430062858,16.1809756200375,0.918367346938776,101.563467122147,0.172854745392348,21.9438251108214,0.172854745392348,0.968496715309855,1.02541491859068,"nonspatial",TRUE,1,350,500
"latent",49,5,23.3272280198173,13.9266565391613,0.755102040816326,58.2284672620654,-0.37799227382214,18.6494551066428,-0.37799227382214,0.981219646292113,1.04348400301959,"spatial",TRUE,2,350,500
"observed",49,5,27.3912136667912,15.4833694612255,0.918367346938776,104.49600802098,0.153116549552969,21.2063671010064,0.153116549552969,0.972146692001625,1.0178600016877,"spatial",TRUE,2,350,500
"latent",49,5,23.309074076934,15.954013847603,0.387755102040816,22.5670519197617,-0.361745225438382,18.7229184258744,-0.361745225438382,0.981217534467834,1.04261077251523,"nonspatial",TRUE,2,350,500
"observed",49,5,27.2568266344246,15.4278050518684,0.918367346938776,104.21878394092,0.0536727991317775,21.0502153990943,0.0536727991317775,0.972432523368846,1.01837185306059,"nonspatial",TRUE,2,350,500
"latent",49,5,24.7202082536835,14.6149921553644,0.857142857142857,76.4582637892505,-1.16575911239639,20.2306044186283,-1.16575911239639,0.978108495648108,0.99702879584821,"spatial",TRUE,3,350,500
"observed",49,5,31.1990263308255,17.9959645884783,0.938775510204082,123.583432551673,0.132774105773938,26.3309282047419,0.132774105773938,0.965253073759704,0.989236101246782,"spatial",TRUE,3,350,500
"latent",49,5,25.3899976066214,17.5836915489443,0.306122448979592,26.659117878589,-1.52519787727266,20.7829395060568,-1.52519787727266,0.976938238917485,0.993891123846593,"nonspatial",TRUE,3,350,500
"observed",49,5,31.531029050026,18.1685151715057,0.938775510204082,125.490686700166,-0.329836233318581,26.4554556954283,-0.329836233318581,0.964524476511671,0.987002463628849,"nonspatial",TRUE,3,350,500
"latent",49,5,22.0488362201143,12.7708475719891,0.938775510204082,83.8696320045293,0.871917102147133,17.4039541532684,0.871917102147133,0.983731532373774,1.0409152250997,"spatial",TRUE,4,350,500
"observed",49,5,27.7562462074585,15.7538674250838,0.938775510204082,115.953645628951,0.457462629472708,22.0171697051844,0.457462629472708,0.972099011667199,1.01345272310733,"spatial",TRUE,4,350,500
"latent",49,5,26.1371772016253,18.2030571874567,0.36734693877551,27.6721804036501,0.624880226151966,21.2343651329644,0.624880226151966,0.976797054861066,1.04312148791479,"nonspatial",TRUE,4,350,500
"observed",49,5,33.0787021513818,19.0835345991315,0.938775510204082,128.801859524334,0.218532298385539,27.3938801712352,0.218532298385539,0.960044879625645,1.00995765299936,"nonspatial",TRUE,4,350,500
"latent",49,5,23.5530738796891,13.997518732111,0.816326530612245,61.658660302987,-0.360482644147067,18.6011735837016,-0.360482644147067,0.984008744720091,0.980810658754082,"spatial",TRUE,5,350,500
"observed",49,5,27.4650744922487,15.718389404631,0.938775510204082,109.517075159502,-0.0460472949791721,21.8157841120867,-0.0460472949791721,0.979013642147177,1.00018816106354,"spatial",TRUE,5,350,500
"latent",49,5,23.4581807007263,15.9354597826555,0.36734693877551,23.5294739614499,-0.205655836006316,18.3348974629319,-0.205655836006316,0.98409472944265,0.983083382991292,"nonspatial",TRUE,5,350,500
"observed",49,5,26.8940126685704,15.3684789691183,0.918367346938776,108.516747865622,0.109710124249372,21.1712114846697,0.109710124249372,0.979892244259428,1.00346259907797,"nonspatial",TRUE,5,350,500
"latent",49,5,26.4069268477568,16.3941338504138,0.755102040816326,63.8570747236994,0.41672959469421,22.0832956523911,0.41672959469421,0.975689843185446,0.952410108814871,"spatial",TRUE,6,350,500
"observed",49,5,30.1904648922599,17.4974494756674,0.979591836734694,116.051091352646,-0.417948066818601,25.1397473206071,-0.417948066818601,0.969292903653261,0.985423812987612,"spatial",TRUE,6,350,500
"latent",49,5,26.5604176611272,18.9942526100623,0.387755102040816,24.5555790977637,0.482055220910093,22.1373431263263,0.482055220910093,0.975430841688993,0.951658566836372,"nonspatial",TRUE,6,350,500
"observed",49,5,30.3094099482535,17.5508489457528,0.959183673469388,115.244389557624,-0.385015092717605,25.2423078273796,-0.385015092717605,0.969042247024783,0.985594175147398,"nonspatial",TRUE,6,350,500
"latent",49,5,21.098418130673,12.689665458866,0.918367346938776,74.2468966749581,1.03700903169291,17.4253837847586,1.03700903169291,0.983941420628428,0.980428101859161,"spatial",TRUE,7,350,500
"observed",49,5,30.6587156343187,17.2587551922811,0.918367346938776,122.794807490259,-0.266412887058308,23.6246260400782,-0.266412887058308,0.967017803834003,0.987697251340223,"spatial",TRUE,7,350,500
"latent",49,5,21.7170486549403,15.2497791485557,0.36734693877551,26.3029458096327,1.21470870655505,17.8775065634454,1.21470870655505,0.982954064773042,0.981639117718997,"nonspatial",TRUE,7,350,500
"observed",49,5,31.3264577868232,17.673024258523,0.918367346938776,122.789632224901,-0.259540084278426,24.0977953062236,-0.259540084278426,0.965539766237184,0.987378770392454,"nonspatial",TRUE,7,350,500
"latent",49,5,20.4440320840853,12.3044368985053,0.795918367346939,57.500586864706,-1.1702219167053,16.8358353539278,-1.1702219167053,0.985946340001056,0.989513920757926,"spatial",TRUE,8,350,500
"observed",49,5,25.0620160419505,14.2051075085263,0.938775510204082,101.217543911945,0.0809513622149507,20.7463415407793,0.0809513622149507,0.979686469220662,1.00786809880041,"spatial",TRUE,8,350,500
"latent",49,5,20.5670135420998,14.3402403800604,0.408163265306122,21.5711827422432,-1.23104982570162,16.8536609720251,-1.23104982570162,0.985767649138273,0.990667406048234,"nonspatial",TRUE,8,350,500
"observed",49,5,25.2104850824968,14.3372852703693,0.938775510204082,99.7746511589012,0.00485349005918185,20.8195761305661,0.00485349005918185,0.979438831045384,1.00744112111111,"nonspatial",TRUE,8,350,500
"latent",49,5,24.9002690797963,14.7796120622836,0.857142857142857,77.3870005425454,0.304393732889809,20.3896024926282,0.304393732889809,0.978866138290619,0.989684122710555,"spatial",TRUE,9,350,500
"observed",49,5,29.7079512533638,17.0326747730445,0.959183673469388,116.092564758962,-0.407281348281023,24.5429622124727,-0.407281348281023,0.970087036641747,0.986016821147826,"spatial",TRUE,9,350,500
"latent",49,5,27.5796761569938,19.7133077125826,0.346938775510204,25.896117463425,0.46421801807205,22.9474643708624,0.46421801807205,0.974124475164092,0.981288982547956,"nonspatial",TRUE,9,350,500
"observed",49,5,31.9093099407191,18.2666501612,0.959183673469388,120.230846144966,-0.354976202372376,26.2386643494861,-0.354976202372376,0.965560661114858,0.976961993638224,"nonspatial",TRUE,9,350,500
"latent",49,5,24.2175808434884,14.3916635610679,0.897959183673469,72.4085549327656,-0.63037457608911,20.3817643931057,-0.63037457608911,0.978561719617834,1.01072026607322,"spatial",TRUE,10,350,500
"observed",49,5,26.7535674355844,15.2435025498066,0.918367346938776,105.568166328655,0.294268581584314,21.1867651790106,0.294268581584314,0.974279541988933,1.01513080233134,"spatial",TRUE,10,350,500
"latent",49,5,28.1866813416808,20.5694889034415,0.26530612244898,25.6599018836924,-0.555425529686381,23.7471094232995,-0.555425529686381,0.970843264685478,1.01317130499213,"nonspatial",TRUE,10,350,500
"observed",49,5,30.4489536050814,17.3751809063196,0.959183673469388,118.738901534258,0.419541213294644,25.4092240589671,0.419541213294644,0.966552887169654,1.01727107107303,"nonspatial",TRUE,10,350,500
"latent",49,5,21.2941108661279,12.1730285033313,0.897959183673469,59.7265979225994,-1.02363033405079,16.9269369013159,-1.02363033405079,0.983402680479336,1.02803676708437,"spatial",TRUE,1,750,500
"observed",49,5,26.4620901146744,14.6891692655328,0.938775510204082,97.282174503308,0.392242158216818,20.5342524295568,0.392242158216818,0.974039204068511,1.02222667073108,"spatial",TRUE,1,750,500
"latent",49,5,22.0923907956622,15.0479975842854,0.244897959183673,21.0798114961662,-1.40858005004754,17.8389509368268,-1.40858005004754,0.982083235999948,1.02626304123576,"nonspatial",TRUE,1,750,500
"observed",49,5,27.0246091803196,15.0393122462397,0.938775510204082,97.1775800577836,-0.0601631771870545,21.0192508478302,-0.0601631771870545,0.972848724034893,1.01999303826975,"nonspatial",TRUE,1,750,500
"latent",49,5,18.8735266590511,11.2723164035948,0.816326530612245,53.199004292801,-0.392031672789189,15.5401645796768,-0.392031672789189,0.987412662861237,1.03776840152625,"spatial",TRUE,2,750,500
"observed",49,5,24.0875985844272,13.6779284706567,0.938775510204082,94.9323402461952,0.0596336953050752,18.9077218197063,0.0596336953050752,0.977746576591623,1.01178069194164,"spatial",TRUE,2,750,500
"latent",49,5,18.986332942734,13.1675132047336,0.36734693877551,20.7002825692529,-0.448639862018532,15.651964845076,-0.448639862018532,0.987273492589906,1.03833515587164,"nonspatial",TRUE,2,750,500
"observed",49,5,24.0192038266944,13.6178227196012,0.918367346938776,94.636567874585,0.0638383937813393,18.8310683773173,0.0638383937813393,0.977896023408946,1.01357412885573,"nonspatial",TRUE,2,750,500
"latent",49,5,20.2297727664158,11.6916799308114,0.959183673469388,76.0380144998505,-1.00809816343619,16.4127230200929,-1.00809816343619,0.98482406260253,1.00249910941533,"spatial",TRUE,3,750,500
"observed",49,5,27.7740066031242,16.0048405992681,0.959183673469388,113.303045407902,0.284403585383934,22.9441350840138,0.284403585383934,0.971466102984599,0.994471609106527,"spatial",TRUE,3,750,500
"latent",49,5,22.5223873061323,15.7799349609364,0.346938775510204,25.1058696281509,-1.38926958263641,18.8577475721671,-1.38926958263641,0.981180813198503,0.996870354196449,"nonspatial",TRUE,3,750,500
"observed",49,5,29.3324193166439,16.8787298407674,0.959183673469388,117.281737818294,-0.228405052658924,24.4399365651819,-0.228405052658924,0.96815999307411,0.989157047292472,"nonspatial",TRUE,3,750,500
"latent",49,5,16.7376069028409,9.51229420889307,1,77.4408833278176,-0.0249912233110946,12.9075745944877,-0.0249912233110946,0.990630651172691,1.03353599221784,"spatial",TRUE,4,750,500
"observed",49,5,23.2932385271546,13.2021257644522,0.959183673469388,101.152721598686,-0.423726771258105,18.3106784500609,-0.423726771258105,0.980321588683587,1.01016032310948,"spatial",TRUE,4,750,500
"latent",49,5,26.1579081636557,18.8325189736107,0.306122448979592,28.2416974023184,0.56152658171689,22.081745972013,0.56152658171689,0.976292744915735,1.0368238793502,"nonspatial",TRUE,4,750,500
"observed",49,5,33.9821704491426,19.6605194408006,0.938775510204082,133.085875952785,0.233370016459194,28.053079690693,0.233370016459194,0.957527953932604,1.00585936186537,"nonspatial",TRUE,4,750,500
"latent",49,5,21.7349153081658,13.07753245772,0.836734693877551,59.1263375549364,-0.63417649670913,17.7606949336023,-0.63417649670913,0.986486968396198,0.972596021581298,"spatial",TRUE,5,750,500
"observed",49,5,26.7449141447981,15.403340806788,0.938775510204082,99.125563809638,-0.261646708463042,21.5304937743137,-0.261646708463042,0.979936377354882,0.990050763371014,"spatial",TRUE,5,750,500
"latent",49,5,21.3483672568817,14.5445846795845,0.428571428571429,21.6567178876212,-0.121743284667308,16.8275276277862,-0.121743284667308,0.98675361258602,0.981471229240949,"nonspatial",TRUE,5,750,500
"observed",49,5,24.9590759373491,14.2416796516641,0.938775510204082,101.064695342343,0.0626349934249376,20.0381822708012,0.0626349934249376,0.982505642710773,1.00130342420375,"nonspatial",TRUE,5,750,500
"latent",49,5,24.6758688617418,14.6493320856561,0.775510204081633,62.5941954493857,0.195861217530538,19.2987070332723,0.195861217530538,0.980061212880196,0.950238466107052,"spatial",TRUE,6,750,500
"observed",49,5,28.4396493807333,16.4720390865565,0.938775510204082,107.3722845325,-0.645250894774999,24.15080251488,-0.645250894774999,0.973955575451424,0.982421861853837,"spatial",TRUE,6,750,500
"latent",49,5,25.0641440774351,16.7983594757494,0.448979591836735,22.8743041150098,0.385888100352506,19.401908596107,0.385888100352506,0.979333567533345,0.9510885665902,"nonspatial",TRUE,6,750,500
"observed",49,5,28.4573676996716,16.4700144600566,0.959183673469388,107.145381611687,-0.350092430331284,24.14558102881,-0.350092430331284,0.97388624536477,0.983963501056423,"nonspatial",TRUE,6,750,500
"latent",49,5,17.2567442885378,10.3453564095255,1,74.8542480851132,1.01080838570293,14.3900594274928,1.01080838570293,0.989012299755179,0.980346652656278,"spatial",TRUE,7,750,500
"observed",49,5,27.8955199116884,15.6412388681679,0.938775510204082,114.728877075414,-0.339216516929544,21.4076877648918,-0.339216516929544,0.971948518471684,0.989446589534033,"spatial",TRUE,7,750,500
"latent",49,5,18.6218906904284,13.1574687542285,0.387755102040816,25.2752496200682,1.13446842473563,15.6069193483093,1.13446842473563,0.987146384391411,0.981201936146893,"nonspatial",TRUE,7,750,500
"observed",49,5,29.6315986908011,16.8135324394294,0.918367346938776,116.104057166358,-0.450476109710014,22.6629477626935,-0.450476109710014,0.968311119347906,0.987185009606648,"nonspatial",TRUE,7,750,500
"latent",49,5,18.6214384639227,10.8842970011487,0.877551020408163,54.550790642731,-1.11523517856482,14.5595657316112,-1.11523517856482,0.988588530443809,0.98928030456053,"spatial",TRUE,8,750,500
"observed",49,5,22.4309660785245,12.644246635358,0.959183673469388,91.0027769481526,0.151023714878253,17.919712754611,0.151023714878253,0.98399624787513,1.00572920595307,"spatial",TRUE,8,750,500
"latent",49,5,19.2229882740831,13.0927086051255,0.36734693877551,19.5707271809698,-1.19076605384265,15.1226014056754,-1.19076605384265,0.987841826344239,0.988581453176865,"nonspatial",TRUE,8,750,500
"observed",49,5,23.0756046631971,13.0322274305983,0.918367346938776,90.2118281173414,0.0894020337283008,18.5993531857669,0.0894020337283008,0.983050369748006,1.00510213743274,"nonspatial",TRUE,8,750,500
"latent",49,5,18.5880200951478,10.6369653810156,0.979591836734694,76.3543837270306,-0.759596824142621,14.4221088830113,-0.759596824142621,0.988159627416723,0.998649126567625,"spatial",TRUE,9,750,500
"observed",49,5,24.9158539231774,14.3321036635059,0.959183673469388,100.223407019103,-1.44210528102712,20.4294441087973,-1.44210528102712,0.978867449803502,0.993658919957838,"spatial",TRUE,9,750,500
"latent",49,5,28.8166500097512,20.8242396857678,0.36734693877551,27.0696488630265,0.480705684189857,23.9559961165763,0.480705684189857,0.971366827304344,0.985185879188946,"nonspatial",TRUE,9,750,500
"observed",49,5,32.8382383192746,18.9762594826948,0.959183673469388,125.736214177138,-0.359215856257913,26.9387482122973,-0.359215856257913,0.963017668026454,0.98103384482619,"nonspatial",TRUE,9,750,500
"latent",49,5,18.6068102947971,10.6425493993141,0.918367346938776,66.635364570655,-1.37737721009251,15.2535012393599,-1.37737721009251,0.987149673535612,1.00660850534295,"spatial",TRUE,10,750,500
"observed",49,5,21.9363356789957,12.5777506763833,0.938775510204082,91.2515257820831,-0.475351166422807,17.3054017390231,-0.475351166422807,0.98239408349469,1.01164048437224,"spatial",TRUE,10,750,500
"latent",49,5,27.7350093648524,20.445628648907,0.204081632653061,25.6165386821957,-0.629666342133672,23.7097284961107,-0.629666342133672,0.971065862716711,1.0093981728925,"nonspatial",TRUE,10,750,500
"observed",49,5,30.3109230606047,17.3772520890642,0.979591836734694,119.688017377985,0.336263923874638,25.8887140557068,0.336263923874638,0.96605730892367,1.0137377749064,"nonspatial",TRUE,10,750,500
"latent",49,5,20.2515487672403,11.34703756023,0.897959183673469,58.8417554465823,-1.00663291276269,15.6365941663765,-1.00663291276269,0.98507588610902,1.02591483447372,"spatial",TRUE,1,1000,500
"observed",49,5,25.5095368456212,14.1211331582708,0.938775510204082,94.6911171956239,0.391422237955072,19.8822982622152,0.391422237955072,0.975994787309413,1.01986160922012,"spatial",TRUE,1,1000,500
"latent",49,5,21.329088539572,14.122666173226,0.326530612244898,20.8071258745975,-1.40427390433671,16.8048898820439,-1.40427390433671,0.983383422387651,1.02395035967004,"nonspatial",TRUE,1,1000,500
"observed",49,5,26.1348737869584,14.5327046398694,0.938775510204082,95.6252842671926,0.148466198302424,20.4789781488039,0.148466198302424,0.974744418416464,1.01822386979288,"nonspatial",TRUE,1,1000,500
"latent",49,5,17.0941523838211,10.1241208729496,0.836734693877551,52.0750020196354,-0.467619644535396,14.0195679988989,-0.467619644535396,0.989684140126051,1.03567763763882,"spatial",TRUE,2,1000,500
"observed",49,5,23.0771542067658,13.0813679490025,0.938775510204082,92.1659263104316,0.101761628608399,18.1420799751526,0.101761628608399,0.979494462296583,1.01083019313954,"spatial",TRUE,2,1000,500
"latent",49,5,17.199161586499,11.8066952885943,0.326530612244898,19.8163708346367,-0.420406370543651,14.0946547114222,-0.420406370543651,0.98954610021802,1.03564102339281,"nonspatial",TRUE,2,1000,500
"observed",49,5,22.9631953454464,13.0547892327152,0.938775510204082,90.942609272304,-0.0209768981372894,18.0344422770817,-0.0209768981372894,0.979697174088516,1.01067380299029,"nonspatial",TRUE,2,1000,500
"latent",49,5,18.3766564002494,10.5613715089805,0.979591836734694,72.6815913248633,-0.965120950808841,14.8345349825199,-0.965120950808841,0.987392001991558,1.00321173559944,"spatial",TRUE,3,1000,500
"observed",49,5,26.2480169785765,15.0865251109579,0.959183673469388,107.586762828385,0.325672791286688,21.8093594013867,0.325672791286688,0.974324485467937,0.995458589917751,"spatial",TRUE,3,1000,500
"latent",49,5,21.171322165662,14.8140532580997,0.36734693877551,24.1950356716697,-1.36758551590492,17.7543353319006,-1.36758551590492,0.983251042276535,0.997430050441528,"nonspatial",TRUE,3,1000,500
"observed",49,5,28.2796704014217,16.3491918393098,0.959183673469388,113.602683748796,0.0508888321162812,23.7468811728278,0.0508888321162812,0.970167463080313,0.98982189099813,"nonspatial",TRUE,3,1000,500
"latent",49,5,15.1368480711614,8.64918488746945,1,74.2710813536814,0.0310913615944961,11.6511481847336,0.0310913615944961,0.992369968405518,1.03329485119655,"spatial",TRUE,4,1000,500
"observed",49,5,22.0018504693709,12.4861578348929,0.959183673469388,97.9101397969957,-0.209091179424874,17.2056717115705,-0.209091179424874,0.982343131918585,1.01083570137722,"spatial",TRUE,4,1000,500
"latent",49,5,25.7458592288862,18.737577618272,0.326530612244898,28.4035234464643,0.547866217374888,21.9813090045987,0.547866217374888,0.976853779726238,1.03610465464749,"nonspatial",TRUE,4,1000,500
"observed",49,5,33.7821125751102,19.5058863568045,0.959183673469388,131.700910017447,0.130116399672093,28.0343984473411,0.130116399672093,0.957715411375499,1.0021662294799,"nonspatial",TRUE,4,1000,500
"latent",49,5,20.5416112118455,12.2750683389766,0.877551020408163,58.4839138262576,-0.709015137252098,16.7706081200232,-0.709015137252098,0.987797613629933,0.972539776249422,"spatial",TRUE,5,1000,500
"observed",49,5,25.8808858296636,14.863879140476,0.918367346938776,95.4774430383488,-0.293958855482395,20.8406758909601,-0.293958855482395,0.980943494120457,0.990206842793823,"spatial",TRUE,5,1000,500
"latent",49,5,20.6849515516884,14.171086623601,0.387755102040816,21.3869629209138,-0.290857295188643,16.4311273403367,-0.290857295188643,0.987419227090847,0.979993222858091,"nonspatial",TRUE,5,1000,500
"observed",49,5,24.5582969018866,14.0478643919141,0.959183673469388,98.8061073411411,-0.0208966035119172,19.9953093715986,-0.0208966035119172,0.982812672249227,0.999760243160664,"nonspatial",TRUE,5,1000,500
"latent",49,5,23.6702767947926,13.7811452810999,0.795918367346939,62.3798916433081,0.0757822787335456,17.9901601478989,0.0757822787335456,0.982038514591003,0.950250124344568,"spatial",TRUE,6,1000,500
"observed",49,5,27.3689513478938,15.85039896053,0.938775510204082,104.153286941772,-0.699498308948193,23.1274574405875,-0.699498308948193,0.976233737133346,0.98159072663217,"spatial",TRUE,6,1000,500
"latent",49,5,24.2783663787059,15.9625421317411,0.448979591836735,22.3691640577197,0.435354741285938,18.3732896510105,0.435354741285938,0.980989875433006,0.950929227699333,"nonspatial",TRUE,6,1000,500
"observed",49,5,27.6413391370868,15.9549728448283,0.938775510204082,103.727145298149,-0.369641260196051,23.2472913276084,-0.369641260196051,0.975704426867422,0.98340256350101,"nonspatial",TRUE,6,1000,500
"latent",49,5,15.6214955432222,9.26952830970748,1,72.3498911342589,0.89097467278127,13.1556665302539,0.89097467278127,0.990965082634744,0.980516905323957,"spatial",TRUE,7,1000,500
"observed",49,5,26.8902834158066,15.0724025645496,0.959183673469388,110.537434017765,-0.599015546304621,20.7655330885299,-0.599015546304621,0.973780657335943,0.988247213535247,"spatial",TRUE,7,1000,500
"latent",49,5,17.3599518432345,12.152615659902,0.387755102040816,24.3498500088432,1.15635425996766,14.6522249377834,1.15635425996766,0.988826608148896,0.979121728490295,"nonspatial",TRUE,7,1000,500
"observed",49,5,28.6538136927453,16.1811032575082,0.918367346938776,112.472975023529,-0.241352724811766,22.0500915608089,-0.241352724811766,0.970187334855314,0.985541905422477,"nonspatial",TRUE,7,1000,500
"latent",49,5,17.6947282429092,10.2086652916132,0.877551020408163,54.883938884568,-1.24761546467561,13.8290908680953,-1.24761546467561,0.989746839495817,0.988202145562991,"spatial",TRUE,8,1000,500
"observed",49,5,21.2654247773845,11.9556473044054,0.979591836734694,88.0730346969091,0.0401371977873906,16.6922768845232,0.0401371977873906,0.985628549719937,1.00520134621997,"spatial",TRUE,8,1000,500
"latent",49,5,18.9467880261261,12.9815600826876,0.387755102040816,18.8739327812444,-1.20113807229287,15.1149805238528,-1.20113807229287,0.98821940413704,0.987730623615352,"nonspatial",TRUE,8,1000,500
"observed",49,5,22.5004378126432,12.7061318252537,0.959183673469388,88.2161384383747,0.129991560012418,17.8444788714299,0.129991560012418,0.983895228143103,1.00512400682598,"nonspatial",TRUE,8,1000,500
"latent",49,5,16.6200248362322,9.54237444593563,1,73.1103561934212,-0.822633885149905,12.8905379934389,-0.822633885149905,0.990546121833151,1.00081073510298,"spatial",TRUE,9,1000,500
"observed",49,5,23.4704852517729,13.5074509863129,0.959183673469388,95.1328992423628,-1.57063703147325,19.3490390704862,-1.57063703147325,0.981264719337635,0.995645306977809,"spatial",TRUE,9,1000,500
"latent",49,5,29.1173415916618,21.2935252767658,0.346938775510204,27.3714186151782,0.458971787960865,24.3600695358797,0.458971787960865,0.970710169344366,0.986860692089128,"nonspatial",TRUE,9,1000,500
"observed",49,5,32.9434507354272,19.0486858938228,0.938775510204082,126.549875435207,-0.210519307134122,27.3432637837324,-0.210519307134122,0.962704514825837,0.982541986612709,"nonspatial",TRUE,9,1000,500
"latent",49,5,17.0674763394927,9.7417267314149,0.938775510204082,64.2792517014122,-1.6639891433641,14.0023381988217,-1.6639891433641,0.989098369884602,1.00521747144847,"spatial",TRUE,10,1000,500
"observed",49,5,20.9050234198244,12.0376305310163,0.959183673469388,87.4030448374204,-0.688499543614554,16.462767765728,-0.688499543614554,0.983823816063791,1.01006551577228,"spatial",TRUE,10,1000,500
"latent",49,5,26.7539324654491,19.5346001915463,0.26530612244898,25.3479524987883,-0.685342315538654,22.6356374973619,-0.685342315538654,0.972757004204881,1.0092812655345,"nonspatial",TRUE,10,1000,500
"observed",49,5,29.6242985654818,17.0912356558378,0.979591836734694,115.724310441601,0.170319426003536,25.6140956196454,0.170319426003536,0.967195318162579,1.01368897092473,"nonspatial",TRUE,10,1000,500
"latent",49,5,3.4419611306507,2.47906981989642,1,37.5417511704091,-1.43292074926249,3.11841344341462,-1.43292074926249,0.999721522507748,1.01221161280967,"spatial",TRUE,1,0,250
"observed",49,5,17.7241399050502,10.2220310199078,0.938775510204082,65.6128109013445,-0.0547284581067154,14.7596705921396,-0.0547284581067154,0.988838616401902,1.00757162770874,"spatial",TRUE,1,0,250
"latent",49,5,3.45918575733018,1.959166197836,1,14.257302667307,-1.44756917027496,3.09540253686913,-1.44756917027496,0.99972730402886,1.0129166983876,"nonspatial",TRUE,1,0,250
"observed",49,5,17.7435819574599,10.2043388229668,0.938775510204082,65.3205883049805,0.0369627596302165,14.7612585900836,0.0369627596302165,0.988818824937876,1.00822300567901,"nonspatial",TRUE,1,0,250
"latent",49,5,3.5340535861964,2.51386609066715,1,37.5281470714212,-0.611976357372669,2.49321404389805,-0.611976357372669,0.999746323966058,1.01938706774606,"spatial",TRUE,2,0,250
"observed",49,5,18.0806216338154,10.157050433394,0.918367346938776,67.9396402528904,-0.143635402462417,13.5655217845172,-0.143635402462417,0.987920556581583,0.994985560974575,"spatial",TRUE,2,0,250
"latent",49,5,3.57415714243158,1.98850985767274,0.959183673469388,14.7563350653138,-0.669036729088812,2.51211629018793,-0.669036729088812,0.999736503298503,1.01926566779322,"nonspatial",TRUE,2,0,250
"observed",49,5,18.0906305941127,10.1890020170641,0.897959183673469,67.8425714207991,-0.0681775332121344,13.5720351402462,-0.0681775332121344,0.987907745189826,0.994741482261419,"nonspatial",TRUE,2,0,250
"latent",49,5,2.20678002110731,2.14493765428303,1,37.9599589339523,-1.51652819821338,1.91828679253608,-1.51652819821338,0.999908580756566,1.00121536460415,"spatial",TRUE,3,0,250
"observed",49,5,17.1020716591483,9.74818853197522,0.959183673469388,67.8731827290177,-0.153980893314363,13.4359435278831,-0.153980893314363,0.989530344217669,0.993368199919707,"spatial",TRUE,3,0,250
"latent",49,5,2.09904873745235,1.27980942019716,1,14.5306910979585,-1.42513216772643,1.81869572359226,-1.42513216772643,0.999915954856203,1.00149735260895,"nonspatial",TRUE,3,0,250
"observed",49,5,17.029892175328,9.72989194348016,0.959183673469388,67.1716804933855,-0.184900846138246,13.3842083157916,-0.184900846138246,0.98961879032126,0.993485654025596,"nonspatial",TRUE,3,0,250
"latent",49,5,5.3673873863144,2.94544253049074,1,39.5256937913416,0.502943402443196,3.39758703143655,0.502943402443196,0.99976071324769,1.04125880319392,"spatial",TRUE,4,0,250
"observed",49,5,17.8661606008102,10.1152233422104,0.959183673469388,70.0350385126299,0.162529184685257,14.1541324048378,0.162529184685257,0.988073133082585,1.00939677450946,"spatial",TRUE,4,0,250
"latent",49,5,5.40424329956254,2.36819003289981,0.938775510204082,15.1695854598269,0.535954272449371,3.36078786085552,0.535954272449371,0.999745688226252,1.04120422369453,"nonspatial",TRUE,4,0,250
"observed",49,5,17.9662778494278,10.2103864688401,0.938775510204082,70.2145629276459,0.304476680162705,14.2570888280293,0.304476680162705,0.987939337309554,1.00929316057622,"nonspatial",TRUE,4,0,250
"latent",49,5,3.68370107641388,2.40134776875019,1,35.2587967732654,-0.454037348519782,2.65806633891657,-0.454037348519782,0.999864678063394,0.974442560622204,"spatial",TRUE,5,0,250
"observed",49,5,16.1816554944742,9.14360185429934,0.918367346938776,63.412635157948,-0.0571819104481886,12.7596541855402,-0.0571819104481886,0.991134778984667,0.995889483005238,"spatial",TRUE,5,0,250
"latent",49,5,3.58166054635255,1.79323033856254,1,13.6298210642265,-0.377574006137411,2.59008282024803,-0.377574006137411,0.999879771191378,0.974778885068469,"nonspatial",TRUE,5,0,250
"observed",49,5,16.1566796043688,9.14758609065083,0.918367346938776,62.6063060113147,-0.0926012253165906,12.7744806313398,-0.0926012253165906,0.991164379997979,0.99544664476353,"nonspatial",TRUE,5,0,250
"latent",49,5,4.59120910398252,2.77528349089032,1,37.7149078344839,0.734061677186839,3.6583042606764,0.734061677186839,0.999924630377743,0.964910253538385,"spatial",TRUE,6,0,250
"observed",49,5,16.7206916109864,9.57206219645256,0.897959183673469,67.0243321965828,-0.00488888852671288,13.6002120643601,-0.00488888852671288,0.990752644769013,0.997622792889738,"spatial",TRUE,6,0,250
"latent",49,5,4.52661475394904,2.36834928208433,1,14.412050143081,0.661376454039243,3.63952016807894,0.661376454039243,0.999939622450729,0.964974586702059,"nonspatial",TRUE,6,0,250
"observed",49,5,16.5979537084574,9.52239057068117,0.918367346938776,66.4684740388623,-0.184099247245589,13.5711478198824,-0.184099247245589,0.990890018992737,0.997490383192694,"nonspatial",TRUE,6,0,250
"latent",49,5,3.37971266882736,2.50723514050917,1,41.4617769994895,1.17103944300518,2.40658270127334,1.17103944300518,0.999792697027764,0.98279799024027,"spatial",TRUE,7,0,250
"observed",49,5,18.3142082606782,10.4818854962634,0.938775510204082,72.4992470384278,-0.22945134996616,15.195844400662,-0.22945134996616,0.988394611591543,0.989267637501637,"spatial",TRUE,7,0,250
"latent",49,5,3.33813616946368,1.67684826797128,1,15.6609863549899,1.22836877762416,2.31959213011486,1.22836877762416,0.99980103838153,0.983167068291774,"nonspatial",TRUE,7,0,250
"observed",49,5,18.4123800372718,10.5169565355112,0.938775510204082,71.8531086735292,-0.172129593744865,15.1781220494726,-0.172129593744865,0.988260857930639,0.989907476061283,"nonspatial",TRUE,7,0,250
"latent",49,5,2.41438537468009,1.88716834634494,1,29.1537519510239,-1.19657331811544,1.90394194414966,-1.19657331811544,0.999919206924283,0.987750299005066,"spatial",TRUE,8,0,250
"observed",49,5,12.4674166966256,7.03263477779013,0.959183673469388,50.8302548922932,0.05029768877462,9.7734816537412,0.05029768877462,0.994679570507704,1.00558790269685,"spatial",TRUE,8,0,250
"latent",49,5,2.3701590308513,1.29296109810719,1,10.6742667795171,-1.18867708422843,1.85392596724095,-1.18867708422843,0.999928861655016,0.987536601592026,"nonspatial",TRUE,8,0,250
"observed",49,5,12.4399487924515,6.98566559277161,0.959183673469388,49.6527860199749,0.0916691576980991,9.70283691051732,0.0916691576980991,0.994702215812705,1.00538187947958,"nonspatial",TRUE,8,0,250
"latent",49,5,1.56210349278861,2.01012686165381,1,37.2324160321379,0.545881000962761,1.21695160913155,0.545881000962761,0.999930788269109,0.996115751462952,"spatial",TRUE,9,0,250
"observed",49,5,16.4418230804164,9.42147345634894,0.959183673469388,66.0634522022091,-0.142704654369012,13.2151226643033,-0.142704654369012,0.990403036989852,0.991923293980939,"spatial",TRUE,9,0,250
"latent",49,5,1.66684556319327,1.08676955427908,1,14.0305928228051,0.620402429175947,1.25120700697329,0.620402429175947,0.999925845189768,0.995191856930883,"nonspatial",TRUE,9,0,250
"observed",49,5,16.3451709632184,9.38135147479922,0.938775510204082,65.6222039883659,-0.0421268323648905,13.0770159662804,-0.0421268323648905,0.990517633253094,0.991703886832614,"nonspatial",TRUE,9,0,250
"latent",49,5,1.63229710941288,1.88552591579392,1,33.8685541951332,-0.93221421270116,1.39712995129086,-0.93221421270116,0.999936595701508,0.998606687024954,"spatial",TRUE,10,0,250
"observed",49,5,14.5059471939636,8.227013213986,0.979591836734694,59.5257363822289,-0.0101677806860836,11.6188582813215,-0.0101677806860836,0.992607645182451,1.00322975909545,"spatial",TRUE,10,0,250
"latent",49,5,1.49731131935721,1.02935550918821,1,12.5826238737275,-0.887774310966946,1.26314808950577,-0.887774310966946,0.999948446293722,0.998928160376825,"nonspatial",TRUE,10,0,250
"observed",49,5,14.4273894259583,8.17336896486281,0.938775510204082,58.0682519568514,0.0733398673139364,11.5351113673756,0.0733398673139364,0.992687869061296,1.00317788514886,"nonspatial",TRUE,10,0,250
"latent",49,5,19.1150561823994,11.1701488003987,0.816326530612245,49.2079342190868,-1.24555658258681,15.024409879615,-1.24555658258681,0.986874403824118,1.02785277511699,"spatial",TRUE,1,50,250
"observed",49,5,26.2204905479993,14.8411081472762,0.857142857142857,90.931010756881,0.172699449398945,20.5773180552061,0.172699449398945,0.974909454490579,1.02208424417405,"spatial",TRUE,1,50,250
"latent",49,5,19.0924408844119,12.5642231955167,0.408163265306122,19.6127097433963,-1.27630446552218,14.982157725807,-1.27630446552218,0.986935149082011,1.02884653762952,"nonspatial",TRUE,1,50,250
"observed",49,5,26.2344804423815,14.7959633632846,0.897959183673469,90.8786294813772,0.188006630595738,20.5215832432777,0.188006630595738,0.974893797108719,1.02264853338808,"nonspatial",TRUE,1,50,250
"latent",49,5,19.638807107987,11.75050537437,0.857142857142857,47.9614532208232,-0.25318134474661,15.7629673424331,-0.25318134474661,0.987453157168492,1.04079808218732,"spatial",TRUE,2,50,250
"observed",49,5,25.6870391401058,14.4874984882886,0.918367346938776,94.2662626778942,0.100555578943568,19.844917849656,0.100555578943568,0.976667325522695,1.01669147816375,"spatial",TRUE,2,50,250
"latent",49,5,19.6084195704794,13.2204128500253,0.326530612244898,20.593789771635,-0.342756644979614,15.6994009805498,-0.342756644979614,0.987529695771476,1.0417172270716,"nonspatial",TRUE,2,50,250
"observed",49,5,25.605896958089,14.4198256928211,0.918367346938776,94.3791222279559,0.188083156621671,19.7486752380983,0.188083156621671,0.9768453691503,1.0183727569567,"nonspatial",TRUE,2,50,250
"latent",49,5,20.4133411409137,11.9640373076459,0.816326530612245,54.5896234097005,-1.3572286130611,15.7330128137275,-1.3572286130611,0.985752814288491,0.996068273494451,"spatial",TRUE,3,50,250
"observed",49,5,27.534936009016,15.9335371254968,0.938775510204082,108.563915977292,-0.100540453035864,22.7416633799163,-0.100540453035864,0.974084294898142,0.988513288630151,"spatial",TRUE,3,50,250
"latent",49,5,20.4081698867214,13.25674796422,0.448979591836735,23.0375933417656,-1.42556237571293,15.7255784858514,-1.42556237571293,0.985772235613093,0.994848949715217,"nonspatial",TRUE,3,50,250
"observed",49,5,27.4953556367908,15.8892703451364,0.938775510204082,109.17936909491,-0.0637397188877706,22.5377123096638,-0.0637397188877706,0.97417646265807,0.987152322459166,"nonspatial",TRUE,3,50,250
"latent",49,5,20.1775250016319,12.0055349797763,0.775510204081633,55.3958296748543,0.566340073644007,15.9036279906648,0.566340073644007,0.986453019262696,1.04748837570061,"spatial",TRUE,4,50,250
"observed",49,5,26.1589454145576,14.7717793584048,0.918367346938776,101.395181352813,0.231223250114477,20.4832055767285,0.231223250114477,0.974511558448264,1.01472592774518,"spatial",TRUE,4,50,250
"latent",49,5,20.2156860218284,13.5210962314439,0.428571428571429,21.7758780274755,0.593734306819594,15.8916850552552,0.593734306819594,0.986371910941151,1.04683273815934,"nonspatial",TRUE,4,50,250
"observed",49,5,26.4272946500325,15.0376365301041,0.938775510204082,101.110000443459,0.152228382714259,20.9906955185142,0.152228382714259,0.973968777633383,1.01422867999991,"nonspatial",TRUE,4,50,250
"latent",49,5,21.1428366997831,12.5959037721704,0.775510204081633,51.3111322994096,-0.325426151957082,16.2955762714027,-0.325426151957082,0.985572756170579,0.978888120299239,"spatial",TRUE,5,50,250
"observed",49,5,25.7110476695231,14.7218963463815,0.959183673469388,101.924053451445,0.0710524082697711,20.6566041519613,0.0710524082697711,0.979431807890854,1.00068920895362,"spatial",TRUE,5,50,250
"latent",49,5,21.105544065567,14.0136095383963,0.408163265306122,22.0743430820464,-0.341794705805522,16.2755542044802,-0.341794705805522,0.985620954103736,0.979079548788009,"nonspatial",TRUE,5,50,250
"observed",49,5,25.7846944818873,14.7520322692104,0.938775510204082,102.441302017742,-0.141341843292446,20.6404878435824,-0.141341843292446,0.979312918053873,1.00049839817249,"nonspatial",TRUE,5,50,250
"latent",49,5,22.2338229660988,13.7233869586366,0.73469387755102,52.2868252150244,0.59170210395668,17.8531150200432,0.59170210395668,0.982870334602503,0.957440353803221,"spatial",TRUE,6,50,250
"observed",49,5,28.005769708229,16.0255538576364,0.897959183673469,106.915728437761,-0.0718205322002767,22.2007702327261,-0.0718205322002767,0.973597348576076,0.990752659624522,"spatial",TRUE,6,50,250
"latent",49,5,22.0835321917153,15.2640303286991,0.346938775510204,23.207647500513,0.551369336300505,17.7347309838106,0.551369336300505,0.983082360218543,0.95813319677894,"nonspatial",TRUE,6,50,250
"observed",49,5,28.1005746283892,16.074573053247,0.938775510204082,107.54757932371,-0.23474357001356,22.3707833066069,-0.23474357001356,0.973413881552357,0.991123960660017,"nonspatial",TRUE,6,50,250
"latent",49,5,18.1906526642951,10.8269573522444,0.836734693877551,56.2413974325645,1.25191079086089,14.6908529074896,1.25191079086089,0.988394553746091,0.985736726551381,"spatial",TRUE,7,50,250
"observed",49,5,27.1841152805169,15.2412252178549,0.918367346938776,106.486411599163,-0.19941481556975,20.6213280103579,-0.19941481556975,0.97463700161016,0.992860298694458,"spatial",TRUE,7,50,250
"latent",49,5,18.1758122343587,12.222171181637,0.448979591836735,23.0543719808409,1.22157124595079,14.7428629359471,1.22157124595079,0.988409654021278,0.985840305491572,"nonspatial",TRUE,7,50,250
"observed",49,5,27.1254270484745,15.1973151446658,0.918367346938776,106.46140694938,-0.263240228606654,20.7035155485112,-0.263240228606654,0.974746286563089,0.993247203629435,"nonspatial",TRUE,7,50,250
"latent",49,5,17.4428684058345,10.7054337174331,0.836734693877551,48.8361352966027,-1.22018658418746,14.6278874112357,-1.22018658418746,0.989354628708572,0.988929713399613,"spatial",TRUE,8,50,250
"observed",49,5,23.3206144899962,13.2066992703661,0.938775510204082,91.7727951914324,0.0766439118332726,18.8563634267385,0.0766439118332726,0.981678460715927,1.0071470844611,"spatial",TRUE,8,50,250
"latent",49,5,17.3763699337825,12.2385407775979,0.346938775510204,19.6942904537621,-1.21277170580114,14.5210955073375,-1.21277170580114,0.989429723729062,0.989528614998614,"nonspatial",TRUE,8,50,250
"observed",49,5,23.1937573162336,13.1310154011227,0.938775510204082,92.292489957909,0.116768886676791,18.7964285511426,0.116768886676791,0.981873891769852,1.00625829736706,"nonspatial",TRUE,8,50,250
"latent",49,5,20.9472796974414,13.1638033764786,0.857142857142857,53.5466952202434,0.535626217302388,17.7708315740906,0.535626217302388,0.985184144389372,0.982842736276983,"spatial",TRUE,9,50,250
"observed",49,5,26.1379936010856,15.2507629366605,0.979591836734694,96.9123026719272,-0.230970183904003,22.1149463558255,-0.230970183904003,0.977028633137114,0.97820963966354,"spatial",TRUE,9,50,250
"latent",49,5,20.9677541982029,15.2051779931338,0.224489795918367,20.9269587361376,0.475372817301718,17.8402668757881,0.475372817301718,0.985181590486054,0.981285682625053,"nonspatial",TRUE,9,50,250
"observed",49,5,26.25653275939,15.2698060440395,0.979591836734694,96.923209158444,-0.144728343657364,22.1932000447449,-0.144728343657364,0.976816341763139,0.978101948527759,"nonspatial",TRUE,9,50,250
"latent",49,5,20.3775541692289,12.5014655865528,0.73469387755102,50.9691568955201,-0.575045778438286,16.7685908379715,-0.575045778438286,0.984865433023614,1.00532728312978,"spatial",TRUE,10,50,250
"observed",49,5,24.1626799603308,13.6777754407664,0.918367346938776,92.7738978234832,0.487656912030338,19.4140320781173,0.487656912030338,0.979116997733107,1.00954689686532,"spatial",TRUE,10,50,250
"latent",49,5,19.9335539427854,13.9893013871142,0.387755102040816,19.7139696301586,-0.707281904613227,16.3537459041951,-0.707281904613227,0.98553667732444,1.00650385625657,"nonspatial",TRUE,10,50,250
"observed",49,5,23.8045595063618,13.4821938835949,0.938775510204082,93.1754978849902,0.257665745985231,19.0054140741353,0.257665745985231,0.979747948653074,1.01105611331523,"nonspatial",TRUE,10,50,250
"latent",49,5,23.6237413445485,14.0901434879065,0.755102040816326,54.0704008762805,-1.03390051065599,18.5784558313724,-1.03390051065599,0.979625014384898,1.03254394810719,"spatial",TRUE,1,150,250
"observed",49,5,29.4198872061953,16.4049934203729,0.836734693877551,101.254947068921,0.287816572535931,22.3191297966831,0.287816572535931,0.968081752194279,1.02626587698094,"spatial",TRUE,1,150,250
"latent",49,5,23.6250122603476,15.8157657151265,0.387755102040816,21.9065460419198,-1.23141774367945,18.6138994731505,-1.23141774367945,0.979658152109257,1.03317541517631,"nonspatial",TRUE,1,150,250
"observed",49,5,29.4512191434147,16.4076915611666,0.857142857142857,101.477580930282,0.228098730367304,22.2814018763996,0.228098730367304,0.968018986730731,1.02661529186562,"nonspatial",TRUE,1,150,250
"latent",49,5,24.3465831463675,14.8042279250961,0.795918367346939,53.1219772836409,-0.344797902453287,19.3190359796957,-0.344797902453287,0.980439286970469,1.04536712475948,"spatial",TRUE,2,150,250
"observed",49,5,28.9528733006778,16.4186470322684,0.897959183673469,105.847429793436,0.164886043408505,22.7891768982589,0.164886043408505,0.970298524631597,1.02077464948963,"spatial",TRUE,2,150,250
"latent",49,5,24.4745623480268,16.5954794813355,0.346938775510204,22.8557095939519,-0.316669253617265,19.3432838739841,-0.316669253617265,0.980232103639712,1.04567186473552,"nonspatial",TRUE,2,150,250
"observed",49,5,28.8268894260643,16.3435740807026,0.918367346938776,106.073570131275,0.0838941149963487,22.6393529686659,0.0838941149963487,0.970562062500338,1.02080484098262,"nonspatial",TRUE,2,150,250
"latent",49,5,25.610567030548,15.4546864360817,0.73469387755102,62.9516011804725,-1.43748242731531,20.2385708559352,-1.43748242731531,0.977531133189584,0.993375032881122,"spatial",TRUE,3,150,250
"observed",49,5,31.6773108020598,18.3807297760762,0.918367346938776,124.077457732592,-0.129519061242921,26.1358441465382,-0.129519061242921,0.965693205819822,0.986099662315725,"spatial",TRUE,3,150,250
"latent",49,5,25.5230673874729,17.0319732349064,0.408163265306122,26.5001229408817,-1.51263802788,20.104296723572,-1.51263802788,0.977691892087143,0.993784195800599,"nonspatial",TRUE,3,150,250
"observed",49,5,31.603204178956,18.2757725994365,0.938775510204082,124.164182825592,-0.224643625949251,26.192012552621,-0.224643625949251,0.965855445687017,0.986285308918825,"nonspatial",TRUE,3,150,250
"latent",49,5,24.566058652804,14.773985018414,0.775510204081633,68.7566772007559,0.751856981298364,19.4560647060788,0.751856981298364,0.979670526062818,1.04746310951555,"spatial",TRUE,4,150,250
"observed",49,5,30.1392041860396,17.2709968301941,0.959183673469388,116.680442357556,0.301847986732369,24.4706145648388,0.301847986732369,0.966600475543998,1.01584461747868,"spatial",TRUE,4,150,250
"latent",49,5,24.9595888267893,16.8514406639128,0.428571428571429,25.2126756472647,0.612052991036144,19.6176539434002,0.612052991036144,0.978961364727589,1.04736037317733,"nonspatial",TRUE,4,150,250
"observed",49,5,30.6375351742932,17.6050948062177,0.938775510204082,118.254400331005,0.237813599241755,24.9313942221013,0.237813599241755,0.965457500212645,1.01557879499725,"nonspatial",TRUE,4,150,250
"latent",49,5,25.5307580882573,15.4124929749265,0.714285714285714,56.7963858750408,-0.41195346269141,19.8169250884572,-0.41195346269141,0.980153453670109,0.980691156892059,"spatial",TRUE,5,150,250
"observed",49,5,29.1578014884332,16.6253656279704,0.959183673469388,115.39643652241,-0.107318472532989,23.1114011868716,-0.107318472532989,0.975128963036074,1.00159460041782,"spatial",TRUE,5,150,250
"latent",49,5,25.4339035646843,17.0335902028611,0.387755102040816,25.0698827272951,-0.284508934780769,19.7134458430256,-0.284508934780769,0.980291580653184,0.981322681103379,"nonspatial",TRUE,5,150,250
"observed",49,5,29.0596725684287,16.5834100289379,0.938775510204082,115.258926024441,-0.031228285684151,22.9250261638787,-0.031228285684151,0.97529683342281,1.00058849523418,"nonspatial",TRUE,5,150,250
"latent",49,5,26.685930882602,17.0533266470059,0.714285714285714,57.0949624540506,0.580988510366864,22.0379216746084,0.580988510366864,0.974660107211033,0.954689777461676,"spatial",TRUE,6,150,250
"observed",49,5,31.5121723121357,18.0461629238897,0.938775510204082,119.084802059885,-0.207363509648712,25.1990780240876,-0.207363509648712,0.966114384152923,0.988453301271606,"spatial",TRUE,6,150,250
"latent",49,5,26.6547676007524,19.0238920193333,0.224489795918367,25.6663673892221,0.566607864775009,22.0003577323146,0.566607864775009,0.974723581936908,0.954661313468746,"nonspatial",TRUE,6,150,250
"observed",49,5,31.5942246970013,18.1900534550038,0.938775510204082,119.557698747667,-0.320643616566266,25.3860103152534,-0.320643616566266,0.965934205035261,0.988634371606262,"nonspatial",TRUE,6,150,250
"latent",49,5,22.296888079182,13.5005150405472,0.836734693877551,63.2796597328961,1.21292640763636,17.98203906644,1.21292640763636,0.982468924384029,0.985106941658565,"spatial",TRUE,7,150,250
"observed",49,5,30.5869043194402,17.139640742893,0.918367346938776,121.063702762382,-0.213353332547082,23.2575712076294,-0.213353332547082,0.967921323628693,0.992223632830711,"spatial",TRUE,7,150,250
"latent",49,5,22.3843744399138,15.2276175391592,0.408163265306122,26.3042771798805,1.23515096756625,18.0552396537577,1.23515096756625,0.982320462141889,0.985776152576576,"nonspatial",TRUE,7,150,250
"observed",49,5,30.7620878027595,17.2445902629678,0.918367346938776,120.526537131532,-0.194620503800897,23.3385438783189,-0.194620503800897,0.96754798394904,0.991968754047869,"nonspatial",TRUE,7,150,250
"latent",49,5,21.2073012400507,13.2841905464985,0.857142857142857,54.3746994889177,-1.1783151163686,17.7055512051743,-1.1783151163686,0.984403449252384,0.989385700851788,"spatial",TRUE,8,150,250
"observed",49,5,26.3288017979886,14.9694374384511,0.938775510204082,104.077013212338,0.152359319921322,21.5740542173823,0.152359319921322,0.976944085287876,1.00744953151958,"spatial",TRUE,8,150,250
"latent",49,5,21.1936870349649,15.1087180314539,0.285714285714286,22.4037379876098,-1.2609836520573,17.7147575359253,-1.2609836520573,0.984426946930734,0.989754975081701,"nonspatial",TRUE,8,150,250
"observed",49,5,26.5424232143447,15.0784826383292,0.938775510204082,104.497572961607,-0.0822103546203378,21.7707099110735,-0.0822103546203378,0.976559450853065,1.00694761423844,"nonspatial",TRUE,8,150,250
"latent",49,5,26.0399947475168,16.5623196528375,0.816326530612245,63.1676740177119,0.436118636164329,22.0383102570058,0.436118636164329,0.977301276265812,0.980561099093368,"spatial",TRUE,9,150,250
"observed",49,5,30.5119977780562,17.6957553671155,0.979591836734694,113.095345120976,-0.219803957127218,25.6217010630467,-0.219803957127218,0.969006542645512,0.975393632003796,"spatial",TRUE,9,150,250
"latent",49,5,26.2237208705633,19.0043199024506,0.306122448979592,24.917302258551,0.479445587306324,22.2320478598141,0.479445587306324,0.977012693560513,0.978753746570212,"nonspatial",TRUE,9,150,250
"observed",49,5,30.6086978453056,17.7493071482426,0.959183673469388,113.520517370652,-0.287844821920463,25.5924549606063,-0.287844821920463,0.968817673775755,0.974932327151396,"nonspatial",TRUE,9,150,250
"latent",49,5,26.7465018387922,16.7860933108484,0.653061224489796,61.0786796707215,-0.453040147516028,22.2641527032389,-0.453040147516028,0.97381854004208,1.00466938284048,"spatial",TRUE,10,150,250
"observed",49,5,29.3307013300873,16.6533801779744,0.918367346938776,107.436090541738,0.462194706429342,23.3657174388666,0.462194706429342,0.969049121518184,1.00887561140444,"spatial",TRUE,10,150,250
"latent",49,5,25.6599388209849,18.3504269867605,0.326530612244898,23.6858190277383,-0.658888471665475,21.2566559356073,-0.658888471665475,0.975979583982043,1.01041851719952,"nonspatial",TRUE,10,150,250
"observed",49,5,28.4316643596218,16.1597883867554,0.938775510204082,109.691433293546,0.355125023248366,22.9305783867924,0.355125023248366,0.971008303602251,1.01461768322747,"nonspatial",TRUE,10,150,250
"latent",49,5,23.4228030318586,13.9974339302416,0.795918367346939,57.3692415722229,-0.948983566736048,18.6860165528565,-0.948983566736048,0.97976356555476,1.03144370038721,"spatial",TRUE,1,350,250
"observed",49,5,28.8301396277339,16.0412097611993,0.918367346938776,100.213626010544,0.372746215573362,21.6781053047922,0.372746215573362,0.969011801548993,1.02499684672307,"spatial",TRUE,1,350,250
"latent",49,5,23.7639846344206,16.3150348521607,0.26530612244898,21.5817592205014,-1.2829637682962,19.0341542811803,-1.2829637682962,0.979169798193531,1.03118778416601,"nonspatial",TRUE,1,350,250
"observed",49,5,29.0639593234366,16.1884846604445,0.918367346938776,100.710941429858,0.172320438748278,21.9444112454291,0.172320438748278,0.96849570243941,1.02526492686048,"nonspatial",TRUE,1,350,250
"latent",49,5,23.3337516522144,14.204111892188,0.755102040816326,53.9283203345393,-0.355517628683257,18.6371351855602,-0.355517628683257,0.981205191924598,1.04341089829942,"spatial",TRUE,2,350,250
"observed",49,5,27.4124737576495,15.5171649403694,0.918367346938776,102.997018042305,0.184839526785602,21.2507425048858,0.184839526785602,0.972098286188827,1.01757306408297,"spatial",TRUE,2,350,250
"latent",49,5,23.3030761503144,15.9731737866352,0.387755102040816,22.2870539112966,-0.360854139670552,18.7182379413032,-0.360854139670552,0.981220519769363,1.04241581105966,"nonspatial",TRUE,2,350,250
"observed",49,5,27.260731088036,15.433832064266,0.918367346938776,103.130315407376,0.0553204971576505,21.0557155721405,0.0553204971576505,0.972421413087058,1.01819024581159,"nonspatial",TRUE,2,350,250
"latent",49,5,24.7494338332646,14.9084009329188,0.857142857142857,74.2683384657159,-1.11317732760134,20.2441916490234,-1.11317732760134,0.978054075185022,0.996291471673718,"spatial",TRUE,3,350,250
"observed",49,5,31.1816807483882,17.9657099556329,0.938775510204082,122.38632209452,0.198395948043213,26.3235445615271,0.198395948043213,0.9652968984721,0.988901915010216,"spatial",TRUE,3,350,250
"latent",49,5,25.3882030434406,17.5971482752445,0.306122448979592,26.3941168623084,-1.5170726946836,20.7791971265444,-1.5170726946836,0.976941050637553,0.993826105830068,"nonspatial",TRUE,3,350,250
"observed",49,5,31.5219177494264,18.159936246311,0.938775510204082,124.834404651571,-0.316460813513679,26.4600241372783,-0.316460813513679,0.964545094181167,0.987002284284406,"nonspatial",TRUE,3,350,250
"latent",49,5,22.0111365624063,12.7979364001098,0.979591836734694,86.8431036469817,0.825851690587787,17.3305168523225,0.825851690587787,0.98375425756703,1.03997322218354,"spatial",TRUE,4,350,250
"observed",49,5,27.7407497068922,15.7419702423208,0.938775510204082,114.406998499565,0.408877568403234,21.9598184316628,0.408877568403234,0.972118476879487,1.01257482008094,"spatial",TRUE,4,350,250
"latent",49,5,26.1349001700943,18.214457866878,0.36734693877551,27.4219384386625,0.628619878308746,21.2346129930396,0.628619878308746,0.976797028685649,1.04300192683298,"nonspatial",TRUE,4,350,250
"observed",49,5,33.0762892370943,19.0895084286297,0.938775510204082,128.173365277898,0.224254846218249,27.3965035484473,0.224254846218249,0.96005069477224,1.00993206758716,"nonspatial",TRUE,4,350,250
"latent",49,5,23.5724667438321,14.3012723670847,0.755102040816326,57.6406437165325,-0.349501876593583,18.6055981040409,-0.349501876593583,0.983985455015105,0.980620587036828,"spatial",TRUE,5,350,250
"observed",49,5,27.4210627758231,15.7174523927066,0.938775510204082,107.540274416969,-0.0271833703647587,21.7771811324196,-0.0271833703647587,0.979081510728359,1.00003989390212,"spatial",TRUE,5,350,250
"latent",49,5,23.4622083529174,15.9559118297115,0.36734693877551,23.4028486673038,-0.208912315269426,18.3413266704925,-0.208912315269426,0.984090759993167,0.982995230097387,"nonspatial",TRUE,5,350,250
"observed",49,5,26.9011776508175,15.3702150858191,0.918367346938776,107.966449702064,0.116979847640986,21.1769840891213,0.116979847640986,0.979881133649896,1.00336351014347,"nonspatial",TRUE,5,350,250
"latent",49,5,26.4251352094099,16.8577555824718,0.714285714285714,59.0988792824735,0.422063175111757,22.0755715633925,0.422063175111757,0.975673606033379,0.952052894564597,"spatial",TRUE,6,350,250
"observed",49,5,30.2161434605208,17.5374443380903,0.959183673469388,113.861303136891,-0.404202296360862,25.1359998188473,-0.404202296360862,0.969242391937298,0.985211023764574,"spatial",TRUE,6,350,250
"latent",49,5,26.563667794045,19.0157960550507,0.387755102040816,24.3894635308639,0.476750115828571,22.1404120244252,0.476750115828571,0.975429509467434,0.951562554769427,"nonspatial",TRUE,6,350,250
"observed",49,5,30.3083208935108,17.5580329576944,0.959183673469388,114.57758200354,-0.387447058161854,25.2360545985424,-0.387447058161854,0.969047435467273,0.985399757301498,"nonspatial",TRUE,6,350,250
"latent",49,5,21.0797095968362,12.8679192624549,0.897959183673469,74.0664659270583,1.07687884808437,17.372701597806,1.07687884808437,0.983968222341673,0.980696014955133,"spatial",TRUE,7,350,250
"observed",49,5,30.6477881891424,17.2419065722491,0.918367346938776,121.221825029933,-0.244447640450627,23.6231136450584,-0.244447640450627,0.967036515396505,0.988097008696441,"spatial",TRUE,7,350,250
"latent",49,5,21.7164983155928,15.2654608328689,0.346938775510204,26.1678229123465,1.21583224125468,17.8779025148994,1.21583224125468,0.982955487818912,0.981616135037895,"nonspatial",TRUE,7,350,250
"observed",49,5,31.3185740270462,17.6689664960029,0.918367346938776,121.671230170105,-0.261418324458536,24.0879873199125,-0.261418324458536,0.965555728554601,0.987519254961664,"nonspatial",TRUE,7,350,250
"latent",49,5,20.413061594751,12.524086768908,0.795918367346939,54.2909110300283,-1.1463461158078,16.8227270778178,-1.1463461158078,0.985987727426793,0.989503558308007,"spatial",TRUE,8,350,250
"observed",49,5,25.0178926371999,14.1718731914993,0.918367346938776,98.6492463099247,0.116747470500338,20.6937334701944,0.116747470500338,0.979758609444164,1.00781432943714,"spatial",TRUE,8,350,250
"latent",49,5,20.5684051361415,14.363169620551,0.408163265306122,21.2926077623952,-1.23049283572792,16.8558970981035,-1.23049283572792,0.985767075150337,0.990517965421914,"nonspatial",TRUE,8,350,250
"observed",49,5,25.2025022963704,14.3321410565416,0.938775510204082,98.5569528327203,0.00717328083055089,20.8133483613921,0.00717328083055089,0.979451065560922,1.00730812622179,"nonspatial",TRUE,8,350,250
"latent",49,5,24.9044288203356,14.9201907558965,0.857142857142857,79.0315142271262,0.335985090416672,20.3281595764983,0.335985090416672,0.978857790187135,0.989867165582297,"spatial",TRUE,9,350,250
"observed",49,5,29.6460985290358,17.0120290408249,0.959183673469388,114.234394612246,-0.377949520332808,24.4343879091947,-0.377949520332808,0.970211505958001,0.986125346613465,"spatial",TRUE,9,350,250
"latent",49,5,27.5816177163828,19.7311015848362,0.346938775510204,25.6291243859965,0.460481096095502,22.9500834722356,0.460481096095502,0.974122806934298,0.981176840447383,"nonspatial",TRUE,9,350,250
"observed",49,5,31.9017348944387,18.2701740133029,0.959183673469388,119.324345214603,-0.355844866619432,26.2371724705299,-0.355844866619432,0.96558148605036,0.976794072186522,"nonspatial",TRUE,9,350,250
"latent",49,5,24.3413255270832,14.4904969141904,0.897959183673469,74.3168230232166,-0.609972586569402,20.5391873199298,-0.609972586569402,0.978337167593813,1.01064163770086,"spatial",TRUE,10,350,250
"observed",49,5,26.9188547532732,15.3523101410819,0.877551020408163,103.795099495286,0.302172685774579,21.3502399279251,0.302172685774579,0.973949477879644,1.01471871956888,"spatial",TRUE,10,350,250
"latent",49,5,28.1851519120226,20.5873122104804,0.26530612244898,25.4736776464871,-0.555051068749722,23.7461586864401,-0.555051068749722,0.970845359296898,1.01308056899845,"nonspatial",TRUE,10,350,250
"observed",49,5,30.4508096433064,17.3794063603051,0.959183673469388,118.029006278255,0.41313308898069,25.4095545387379,0.41313308898069,0.966547212274509,1.01718823679614,"nonspatial",TRUE,10,350,250
"latent",49,5,21.1220707784935,12.2166534201901,0.897959183673469,58.4104851177449,-1.04539821505528,16.7946050085012,-1.04539821505528,0.983674345442492,1.02779623535264,"spatial",TRUE,1,750,250
"observed",49,5,26.3360296408496,14.6294113763169,0.938775510204082,94.7036732181207,0.356647277074287,20.3655909261884,0.356647277074287,0.974283549328343,1.02187806736757,"spatial",TRUE,1,750,250
"latent",49,5,22.09253338397,15.0703472291745,0.244897959183673,20.835454576274,-1.41016255007089,17.8376684965223,-1.41016255007089,0.982081729174914,1.02620279110172,"nonspatial",TRUE,1,750,250
"observed",49,5,27.0366796877698,15.0509477911948,0.938775510204082,96.1280919459934,-0.0551295191487338,21.0297715590405,-0.0551295191487338,0.972821197438439,1.019843645893,"nonspatial",TRUE,1,750,250
"latent",49,5,18.8984908248686,11.5216587436019,0.775510204081633,50.1615256121875,-0.401227925232573,15.5535312222663,-0.401227925232573,0.987387923597456,1.03807599241978,"spatial",TRUE,2,750,250
"observed",49,5,24.1320890212503,13.7243843766807,0.938775510204082,93.133994860432,0.0579871961827508,18.9477547366998,0.0579871961827508,0.977664368459224,1.01189502150673,"spatial",TRUE,2,750,250
"latent",49,5,18.9846298693602,13.1899765883385,0.346938775510204,20.4155159633432,-0.447161301336486,15.6514987634185,-0.447161301336486,0.987275134990386,1.0383135557879,"nonspatial",TRUE,2,750,250
"observed",49,5,24.0245733652405,13.6217645597019,0.918367346938776,93.6551754477328,0.069125271414148,18.836033728824,0.069125271414148,0.977885024539386,1.01349630687133,"nonspatial",TRUE,2,750,250
"latent",49,5,20.1960931496469,11.7662818204525,0.959183673469388,77.0429132277695,-0.970707677311385,16.4098103057442,-0.970707677311385,0.984871391290342,1.00209233331776,"spatial",TRUE,3,750,250
"observed",49,5,27.7768300814222,16.0299088321116,0.938775510204082,111.495502506508,0.299029810373057,23.0241634792484,0.299029810373057,0.971463029634702,0.994032134918875,"spatial",TRUE,3,750,250
"latent",49,5,22.5243694273907,15.8034634890433,0.346938775510204,24.9175945787639,-1.38880315208504,18.8595146844226,-1.38880315208504,0.981177535389639,0.996829035130868,"nonspatial",TRUE,3,750,250
"observed",49,5,29.330364752772,16.8856269178958,0.959183673469388,116.263228858811,-0.226478753553807,24.4413447593681,-0.226478753553807,0.968164331331766,0.989172847593546,"nonspatial",TRUE,3,750,250
"latent",49,5,16.8088561854802,9.59888542960252,1,80.5509364980602,-0.215405535848092,12.9365816884219,-0.215405535848092,0.990495778695515,1.03177978217729,"spatial",TRUE,4,750,250
"observed",49,5,23.2271197328611,13.1560663057631,0.959183673469388,97.741040720606,-0.618237682714833,18.3796198518803,-0.618237682714833,0.98042894722788,1.00870481016968,"spatial",TRUE,4,750,250
"latent",49,5,26.1580172478644,18.8493892446826,0.306122448979592,28.1494491228715,0.557223154848081,22.0826584439946,0.557223154848081,0.976291887979103,1.0368090805161,"nonspatial",TRUE,4,750,250
"observed",49,5,33.9858898893688,19.6700387481733,0.938775510204082,132.241162641837,0.233874849717324,28.0518988240536,0.233874849717324,0.957518092698226,1.00579339846441,"nonspatial",TRUE,4,750,250
"latent",49,5,21.6848836238334,13.1828368983743,0.795918367346939,57.8469516696254,-0.640190613102147,17.7042090994817,-0.640190613102147,0.986542788404785,0.972899710758762,"spatial",TRUE,5,750,250
"observed",49,5,26.6903747803182,15.3815872923876,0.938775510204082,97.3729113293762,-0.25238160558302,21.4651807228869,-0.25238160558302,0.980014949553889,0.990466694383861,"spatial",TRUE,5,750,250
"latent",49,5,21.3500175718735,14.5616257320125,0.428571428571429,21.4690519329953,-0.121864308352527,16.8311954498199,-0.121864308352527,0.98675390628112,0.981348495445291,"nonspatial",TRUE,5,750,250
"observed",49,5,24.9561839858638,14.2423698673892,0.938775510204082,100.255248691268,0.0648970579793296,20.0340000851794,0.0648970579793296,0.982509581368504,1.00117163005544,"nonspatial",TRUE,5,750,250
"latent",49,5,24.6386141589007,14.807338544676,0.73469387755102,60.1026800175394,0.197779225188102,19.273638905919,0.197779225188102,0.980118820751586,0.950368945852417,"spatial",TRUE,6,750,250
"observed",49,5,28.4253177102894,16.5179268438094,0.938775510204082,105.856961540028,-0.621878192260589,24.1467046147093,-0.621878192260589,0.973977775272654,0.982622372948488,"spatial",TRUE,6,750,250
"latent",49,5,25.07037198531,16.8217773716842,0.448979591836735,22.6242634193706,0.382791298827836,19.4049628502093,0.382791298827836,0.979328663119826,0.950977016977352,"nonspatial",TRUE,6,750,250
"observed",49,5,28.4689830205899,16.4865278657181,0.959183673469388,105.940496508026,-0.351711897146861,24.1511084372213,-0.351711897146861,0.973866733593128,0.983831524216527,"nonspatial",TRUE,6,750,250
"latent",49,5,17.1249974818455,10.377969463133,1,75.5504161029504,1.05998583644458,14.2816993948408,1.05998583644458,0.989203076246353,0.979624833851796,"spatial",TRUE,7,750,250
"observed",49,5,27.7521212656873,15.563887979235,0.938775510204082,112.358225906903,-0.284525330477174,21.3775500637634,-0.284525330477174,0.972249097364586,0.988593169099811,"spatial",TRUE,7,750,250
"latent",49,5,18.6207386954512,13.1689705549499,0.387755102040816,25.1710271122753,1.13412935280003,15.6052347997981,1.13412935280003,0.987148768219374,0.981162115956835,"nonspatial",TRUE,7,750,250
"observed",49,5,29.6338064817348,16.8176368585272,0.918367346938776,114.92984740125,-0.444317542781574,22.6656461382066,-0.444317542781574,0.968305149281571,0.987259155184906,"nonspatial",TRUE,7,750,250
"latent",49,5,18.5496944120386,10.9381143726276,0.877551020408163,53.2786905661508,-1.09739067816757,14.5140380241775,-1.09739067816757,0.988675249091119,0.989372407772854,"spatial",TRUE,8,750,250
"observed",49,5,22.3383704779838,12.5705586681083,0.959183673469388,88.5578729372057,0.175011049957389,17.8126536863539,0.175011049957389,0.984131078183044,1.00599712081522,"spatial",TRUE,8,750,250
"latent",49,5,19.2224831285678,13.1120264877943,0.36734693877551,19.3529280045197,-1.19712781289963,15.1240666067562,-1.19712781289963,0.987843808212098,0.988510999757362,"nonspatial",TRUE,8,750,250
"observed",49,5,23.08650028192,13.0369513328258,0.938775510204082,88.9412980884061,0.0823101345209067,18.6073635945545,0.0823101345209067,0.983033812524875,1.00502929098088,"nonspatial",TRUE,8,750,250
"latent",49,5,18.5705678023655,10.638357121531,1,78.9525380128545,-0.905200839091987,14.4176737647356,-0.905200839091987,0.988190913149677,0.998305570925368,"spatial",TRUE,9,750,250
"observed",49,5,24.7982122950499,14.2987721299936,0.959183673469388,96.518877373085,-1.5875902440098,20.37946456344,-1.5875902440098,0.979085795355912,0.993498307518439,"spatial",TRUE,9,750,250
"latent",49,5,28.8131859043051,20.8349822960118,0.36734693877551,26.9654939938554,0.478972346003546,23.9528525668916,0.478972346003546,0.971374451372215,0.985141605587328,"nonspatial",TRUE,9,750,250
"observed",49,5,32.8329947838333,18.982352014862,0.959183673469388,124.934299163177,-0.358332260837282,26.9340990662359,-0.358332260837282,0.963028854374198,0.981079948788875,"nonspatial",TRUE,9,750,250
"latent",49,5,18.5974184058182,10.6508324678387,0.918367346938776,68.4494032985352,-1.45620181284688,15.1623524454169,-1.45620181284688,0.98717697422367,1.00745429294628,"spatial",TRUE,10,750,250
"observed",49,5,22.0670159964319,12.6564868324703,0.938775510204082,88.4221008934631,-0.548172378098187,17.283263825541,-0.548172378098187,0.982189368588816,1.01214823531332,"spatial",TRUE,10,750,250
"latent",49,5,27.7347566299243,20.4629940727361,0.204081632653061,25.4611918380306,-0.627905196475263,23.7081659524248,-0.627905196475263,0.971066050028349,1.00936835209958,"nonspatial",TRUE,10,750,250
"observed",49,5,30.3112467799096,17.3822678767611,0.979591836734694,118.803110424632,0.339789724614996,25.8837752296532,0.339789724614996,0.966055746267473,1.01366596703386,"nonspatial",TRUE,10,750,250
"latent",49,5,20.0912078115149,11.378578288863,0.897959183673469,57.8707662374979,-0.95476738378794,15.5037851321832,-0.95476738378794,0.985302972069471,1.02540531601101,"spatial",TRUE,1,1000,250
"observed",49,5,25.3630206673508,14.0490871186884,0.938775510204082,92.6654534181644,0.436658420733914,19.734664400629,0.436658420733914,0.9762659316125,1.01925914571605,"spatial",TRUE,1,1000,250
"latent",49,5,21.3293177887797,14.1487567362446,0.326530612244898,20.6269062680199,-1.41041217808614,16.8042918401658,-1.41041217808614,0.983382627952757,1.02390127318408,"nonspatial",TRUE,1,1000,250
"observed",49,5,26.1240314952449,14.5373106623892,0.938775510204082,94.5793066577335,0.144187151191567,20.4683321525261,0.144187151191567,0.974764526554007,1.01815223516232,"nonspatial",TRUE,1,1000,250
"latent",49,5,17.1052347954809,10.323906835179,0.836734693877551,49.0235880217772,-0.495444159310592,14.0286576514356,-0.495444159310592,0.989674242664284,1.03578230235824,"spatial",TRUE,2,1000,250
"observed",49,5,23.1323678714678,13.1220447886618,0.938775510204082,90.1496103569711,0.0714119267900012,18.1861804488723,0.0714119267900012,0.97939570102273,1.01092704508865,"spatial",TRUE,2,1000,250
"latent",49,5,17.195051594954,11.8259757655139,0.306122448979592,19.5815985689886,-0.415554231338129,14.0916925064057,-0.415554231338129,0.989548165935562,1.03554359393194,"nonspatial",TRUE,2,1000,250
"observed",49,5,22.9668709546839,13.0579291987611,0.938775510204082,89.912553348059,-0.020679655963165,18.040011527021,-0.020679655963165,0.979689642113757,1.01058003962098,"nonspatial",TRUE,2,1000,250
"latent",49,5,18.2985113277668,10.6227773409089,0.979591836734694,74.4340556542133,-1.01784507826581,14.7811147036573,-1.01784507826581,0.987502680725216,1.0027742130322,"spatial",TRUE,3,1000,250
"observed",49,5,26.1507842514216,15.0615098466067,0.959183673469388,106.545451831208,0.252189655663951,21.7367060795225,0.252189655663951,0.974515027731878,0.99552975828132,"spatial",TRUE,3,1000,250
"latent",49,5,21.174612352139,14.8389561839659,0.346938775510204,23.9362150432036,-1.36710833061086,17.7579763420804,-1.36710833061086,0.983246028986883,0.997311181958571,"nonspatial",TRUE,3,1000,250
"observed",49,5,28.3002974594564,16.3609326130836,0.959183673469388,112.679630341233,0.0531316246868495,23.7618762056698,0.0531316246868495,0.970124612469346,0.989682843922817,"nonspatial",TRUE,3,1000,250
"latent",49,5,15.2669675727969,8.74884154166738,1,77.1527887326785,-0.113105329276418,11.7679947348957,-0.113105329276418,0.992172807836321,1.03136646654272,"spatial",TRUE,4,1000,250
"observed",49,5,21.906271894721,12.4421979538803,0.979591836734694,94.7813517497944,-0.352898311076416,17.2351774550447,-0.352898311076416,0.982485048265841,1.00915437627955,"spatial",TRUE,4,1000,250
"latent",49,5,25.7463908466494,18.7506416836682,0.326530612244898,28.2487853941986,0.54150310018327,21.9839269041076,0.54150310018327,0.976850884087475,1.03605262512242,"nonspatial",TRUE,4,1000,250
"observed",49,5,33.8041720908998,19.5175845177167,0.959183673469388,130.888477384082,0.117710891634234,28.0577293943844,0.117710891634234,0.957658386179758,1.0019398371504,"nonspatial",TRUE,4,1000,250
"latent",49,5,20.4968722887995,12.3891540273557,0.836734693877551,56.5490196096788,-0.732958223947592,16.7264103744944,-0.732958223947592,0.987854534564822,0.97251817780371,"spatial",TRUE,5,1000,250
"observed",49,5,25.8263565672732,14.8374401942855,0.897959183673469,93.1572388593024,-0.323068509998701,20.7582430997149,-0.323068509998701,0.981023739079775,0.990358151996049,"spatial",TRUE,5,1000,250
"latent",49,5,20.685354098639,14.1873709224369,0.408163265306122,21.1401888612426,-0.290551298867764,16.4305495926459,-0.290551298867764,0.987419365795765,0.979962523704228,"nonspatial",TRUE,5,1000,250
"observed",49,5,24.5562877189222,14.0475904770592,0.959183673469388,97.9264040925176,-0.020261730319197,19.9898966856159,-0.020261730319197,0.98281550313921,0.999783053405354,"nonspatial",TRUE,5,1000,250
"latent",49,5,23.6531579735968,13.9573591339631,0.775510204081633,59.9446599841064,0.0142193121507342,17.9941651323906,0.0142193121507342,0.982066172050586,0.950256799140567,"spatial",TRUE,6,1000,250
"observed",49,5,27.3653747624117,15.8554656600947,0.938775510204082,102.202490151858,-0.751463706643954,23.0898563017922,-0.751463706643954,0.976242933280645,0.981568801664365,"spatial",TRUE,6,1000,250
"latent",49,5,24.2865107686042,15.9862459652983,0.448979591836735,22.1791000021099,0.434878964117836,18.3785055847018,0.434878964117836,0.980982315421329,0.950817988157655,"nonspatial",TRUE,6,1000,250
"observed",49,5,27.6405266798813,15.967027262466,0.938775510204082,102.720850171273,-0.367251801744085,23.2490014614364,-0.367251801744085,0.975708845660685,0.98322618748071,"nonspatial",TRUE,6,1000,250
"latent",49,5,15.42986533539,9.24950405092604,1,74.3614210323929,0.920846623248732,12.9911028758963,0.920846623248732,0.991206319870088,0.979926549511999,"spatial",TRUE,7,1000,250
"observed",49,5,26.6290032329252,14.9025600074806,0.959183673469388,107.961353704754,-0.555336951609608,20.6169587041626,-0.555336951609608,0.974293398350343,0.988314654134616,"spatial",TRUE,7,1000,250
"latent",49,5,17.3633686196952,12.1732384937133,0.387755102040816,24.0917977828389,1.15981730415234,14.6534982696168,1.15981730415234,0.98882327263384,0.979081223666016,"nonspatial",TRUE,7,1000,250
"observed",49,5,28.6695589271465,16.1847841989969,0.918367346938776,111.402381870827,-0.246343257382897,22.0565658326609,-0.246343257382897,0.970155325938437,0.985453318910317,"nonspatial",TRUE,7,1000,250
"latent",49,5,17.4612648538349,10.1457705514304,0.877551020408163,52.9353683276298,-1.17913719421904,13.5862013351035,-1.17913719421904,0.990014085963346,0.988251422442495,"spatial",TRUE,8,1000,250
"observed",49,5,21.0771716364952,11.8376536083894,0.979591836734694,85.2502527198257,0.101195114220848,16.4851660763565,0.101195114220848,0.985884790789936,1.00531673989223,"spatial",TRUE,8,1000,250
"latent",49,5,18.9479165973426,13.0018860288705,0.387755102040816,18.6813775263242,-1.2031567701331,15.1154080966478,-1.2031567701331,0.988219406165116,0.987630369684739,"nonspatial",TRUE,8,1000,250
"observed",49,5,22.4953120969064,12.7063093095782,0.959183673469388,87.1069226999206,0.136391269374912,17.8368708959576,0.136391269374912,0.983902115777839,1.00500790011719,"nonspatial",TRUE,8,1000,250
"latent",49,5,16.6481673430258,9.56847037472981,1,75.4569086354389,-0.966970528248774,12.9205103197245,-0.966970528248774,0.990522467536839,0.999706757710059,"spatial",TRUE,9,1000,250
"observed",49,5,23.3492552719395,13.4662600453056,0.959183673469388,91.5405464345983,-1.68818099963089,19.3065804325736,-1.68818099963089,0.981477422558235,0.994873409659245,"spatial",TRUE,9,1000,250
"latent",49,5,29.1215042941566,21.311845476313,0.346938775510204,27.175617678674,0.462249865967662,24.3640034943075,0.462249865967662,0.970703014682348,0.986765440832712,"nonspatial",TRUE,9,1000,250
"observed",49,5,32.9429290149174,19.057325777048,0.938775510204082,125.561194369293,-0.205018781805824,27.3429523824072,-0.205018781805824,0.962706927204023,0.982469736036369,"nonspatial",TRUE,9,1000,250
"latent",49,5,17.0624833271742,9.73154975338433,0.938775510204082,65.7460106363555,-1.70620853588418,13.966327462163,-1.70620853588418,0.98911240994147,1.00562414046731,"spatial",TRUE,10,1000,250
"observed",49,5,21.0300369523657,12.0945709967189,0.938775510204082,84.6557966834888,-0.739838826239669,16.4927018840132,-0.739838826239669,0.983632706678989,1.01033504641269,"spatial",TRUE,10,1000,250
"latent",49,5,26.752524203303,19.5549558011409,0.26530612244898,25.1344653235499,-0.683672857897014,22.6347253784987,-0.683672857897014,0.972759115505741,1.00919951667713,"nonspatial",TRUE,10,1000,250
"observed",49,5,29.6223025969626,17.0979432093308,0.979591836734694,114.833871745315,0.169592010359874,25.6115521345736,0.169592010359874,0.967197741952985,1.01352481297133,"nonspatial",TRUE,10,1000,250
"latent",49,5,3.51012654335475,2.79435970573785,1,41.9090023470431,-1.4116419400666,3.14270495798171,-1.4116419400666,0.999719154807421,1.01356655578158,"spatial",TRUE,1,0,1000
"observed",49,5,17.7032128016941,10.1735331663543,0.959183673469388,73.8392240884656,-0.0246923218840239,14.7301858739735,-0.0246923218840239,0.988876275139281,1.00897337059739,"spatial",TRUE,1,0,1000
"latent",49,5,3.47431950047126,1.96071252269233,1,15.23762904244,-1.44070063703041,3.10417311727092,-1.44070063703041,0.99972598050317,1.01316799376869,"nonspatial",TRUE,1,0,1000
"observed",49,5,17.7545241642148,10.1732617131502,0.938775510204082,69.8845012589959,0.0505722469130835,14.7734739855656,0.0505722469130835,0.988807169213782,1.00849783084861,"nonspatial",TRUE,1,0,1000
"latent",49,5,3.56916362687243,2.86415181389938,1,42.4519533566384,-0.635328013855568,2.55354042545152,-0.635328013855568,0.999752128367777,1.02012279067078,"spatial",TRUE,2,0,1000
"observed",49,5,18.0826752923489,10.1734927504929,0.938775510204082,75.9782700976771,-0.156291909516538,13.5812004509023,-0.156291909516538,0.987915064822173,0.995593365284419,"spatial",TRUE,2,0,1000
"latent",49,5,3.58630329914194,2.00001322683585,0.959183673469388,15.7779363908282,-0.665337593009055,2.53099361654955,-0.665337593009055,0.999738079460634,1.0195317871626,"nonspatial",TRUE,2,0,1000
"observed",49,5,18.0896272495286,10.1959458130696,0.938775510204082,72.5659257500566,-0.0602593614761446,13.564897214434,-0.0602593614761446,0.987907709598049,0.995003680106704,"nonspatial",TRUE,2,0,1000
"latent",49,5,2.1607008263613,2.54639886207564,1,42.7823542442122,-1.49015773937282,1.87708202861627,-1.49015773937282,0.999913638802384,1.00168887254331,"spatial",TRUE,3,0,1000
"observed",49,5,17.0797927906117,9.7609579220503,0.979591836734694,75.9680898454206,-0.121856734897858,13.4809158485111,-0.121856734897858,0.989553103451564,0.994060026961082,"spatial",TRUE,3,0,1000
"latent",49,5,2.0985826768724,1.31311572113089,1,15.5745833881489,-1.42591355656952,1.82409940966731,-1.42591355656952,0.999916505600649,1.00174569474805,"nonspatial",TRUE,3,0,1000
"observed",49,5,17.0334619555889,9.73239039762444,0.959183673469388,71.6892264379151,-0.194531152295704,13.3894899328087,-0.194531152295704,0.989613044790416,0.993716796987037,"nonspatial",TRUE,3,0,1000
"latent",49,5,5.37178034741159,3.26980431388038,1,44.1642351199209,0.492877566322171,3.38105033511037,0.492877566322171,0.999759511862308,1.04128211600444,"spatial",TRUE,4,0,1000
"observed",49,5,17.8979913882142,10.160550345843,0.959183673469388,77.9212360613438,0.17458598588765,14.1883335898184,0.17458598588765,0.98803023070082,1.00938548489941,"spatial",TRUE,4,0,1000
"latent",49,5,5.4252247325622,2.37521188528763,1,16.0605699715067,0.531389258914649,3.38061809034004,0.531389258914649,0.999745482589761,1.04142616355104,"nonspatial",TRUE,4,0,1000
"observed",49,5,17.9680159315411,10.2139224588016,0.959183673469388,74.5624209245893,0.30703439900631,14.2565627520291,0.30703439900631,0.98793844832781,1.00944963792943,"nonspatial",TRUE,4,0,1000
"latent",49,5,3.62051935226751,2.72791444517622,1,40.6205345739223,-0.43380711351804,2.61556334106444,-0.43380711351804,0.999864986156384,0.975014218777036,"spatial",TRUE,5,0,1000
"observed",49,5,16.1491444024434,9.1580673741301,0.938775510204082,71.9697050824007,-0.0237775070883111,12.7385651883876,-0.0237775070883111,0.991167744667864,0.996614121486001,"spatial",TRUE,5,0,1000
"latent",49,5,3.54734045472789,1.78545663286404,1,14.6608662122172,-0.374368968445155,2.5734675676428,-0.374368968445155,0.999880659165116,0.975067149149896,"nonspatial",TRUE,5,0,1000
"observed",49,5,16.1577527374918,9.15680022767414,0.938775510204082,67.2537509216086,-0.0950150950939991,12.7744686395135,-0.0950150950939991,0.991162338130767,0.99564255693259,"nonspatial",TRUE,5,0,1000
"latent",49,5,4.50925903184969,3.03590647581974,1,42.1413627056394,0.781943503046836,3.60821781382501,0.781943503046836,0.999929992160925,0.965530605388536,"spatial",TRUE,6,0,1000
"observed",49,5,16.7133302004162,9.57817178482038,0.979591836734694,75.1440147246251,0.0352712030211934,13.5775641320325,0.0352712030211934,0.990759541693775,0.998269832373332,"spatial",TRUE,6,0,1000
"latent",49,5,4.49856518690793,2.3361743235542,1,15.3994266059592,0.658817240862788,3.61576462641834,0.658817240862788,0.999939399769066,0.965210966079585,"nonspatial",TRUE,6,0,1000
"observed",49,5,16.5998864536939,9.52395703907232,0.959183673469388,70.8374988980519,-0.193317304189593,13.5689293576821,-0.193317304189593,0.990887284861189,0.997795298327092,"nonspatial",TRUE,6,0,1000
"latent",49,5,3.36000731900363,2.8603916452778,1,45.587030508891,1.18164883915994,2.33541596978974,1.18164883915994,0.99979403412626,0.983038283509306,"spatial",TRUE,7,0,1000
"observed",49,5,18.4099949674338,10.5318472950837,0.938775510204082,80.0978360929628,-0.19446530525274,15.3016772601809,-0.19446530525274,0.988270740473208,0.989292490236562,"spatial",TRUE,7,0,1000
"latent",49,5,3.31607723082621,1.69044369764707,1,16.5887483211784,1.23310579444209,2.31050678455999,1.23310579444209,0.99980256894974,0.983403283340922,"nonspatial",TRUE,7,0,1000
"observed",49,5,18.406677610449,10.5060553633136,0.938775510204082,76.0634250731838,-0.169737364386291,15.1670433660437,-0.169737364386291,0.988265377120199,0.990183533790106,"nonspatial",TRUE,7,0,1000
"latent",49,5,2.34751748469738,2.18772638359111,1,34.3664152844136,-1.19731729400879,1.83405565586803,-1.19731729400879,0.999922239249496,0.988434959723928,"spatial",TRUE,8,0,1000
"observed",49,5,12.4987399671007,7.14677776361489,0.959183673469388,61.1479124503418,0.0343807338179528,9.76612579940262,0.0343807338179528,0.994656865856271,1.00632014927548,"spatial",TRUE,8,0,1000
"latent",49,5,2.3543947796196,1.3064646830602,1,11.9437959459146,-1.19028317099026,1.83991507749118,-1.19028317099026,0.999928734502443,0.987765584786783,"nonspatial",TRUE,8,0,1000
"observed",49,5,12.445077367992,7.02067728160313,0.959183673469388,55.6854792844856,0.0885352677538464,9.70125915644025,0.0885352677538464,0.994698749785153,1.00555865093232,"nonspatial",TRUE,8,0,1000
"latent",49,5,1.56394812432142,2.41236717708069,1,41.9912687900749,0.559224321805291,1.21488488615498,0.559224321805291,0.999931026276487,0.99613718400677,"spatial",TRUE,9,0,1000
"observed",49,5,16.4283839810106,9.42923399735692,0.979591836734694,74.4804103269606,-0.13659346056142,13.2077805001175,-0.13659346056142,0.990418481454646,0.991961003157987,"spatial",TRUE,9,0,1000
"latent",49,5,1.65713617585558,1.12731245960478,1,15.0662911321429,0.621218752398619,1.25187759626427,0.621218752398619,0.99992600149811,0.995409520109221,"nonspatial",TRUE,9,0,1000
"observed",49,5,16.3403877874908,9.37590907512253,1,70.2278004312681,-0.0372243406206352,13.0712909970397,-0.0372243406206352,0.990521558125063,0.991903036213979,"nonspatial",TRUE,9,0,1000
"latent",49,5,1.52961676705931,2.23419142015867,1,38.0121262970276,-0.915844524162293,1.31827870552459,-0.915844524162293,0.999946266851803,0.999582553591057,"spatial",TRUE,10,0,1000
"observed",49,5,14.424318361213,8.22762642225073,1,68.2966556895997,0.00186489220942194,11.5339883829765,0.00186489220942194,0.992694900902876,1.00429452843135,"spatial",TRUE,10,0,1000
"latent",49,5,1.49398294502788,1.07335262038533,1,13.6805294354736,-0.885213681588115,1.26483012750765,-0.885213681588115,0.999948409316993,0.999170688345338,"nonspatial",TRUE,10,0,1000
"observed",49,5,14.425237711381,8.18810010203804,0.979591836734694,63.3963930851335,0.0754337903913528,11.5281113227553,0.0754337903913528,0.992690972122894,1.00345448642572,"nonspatial",TRUE,10,0,1000
"latent",49,5,19.1253350741739,10.8727017903266,0.836734693877551,55.7299186643451,-1.24563404314782,15.0396006144544,-1.24563404314782,0.986882068469344,1.02872201013386,"spatial",TRUE,1,50,1000
"observed",49,5,26.2351801605489,14.791537062325,0.938775510204082,97.3928573561521,0.193852415509877,20.5609944404911,0.193852415509877,0.974903526422448,1.02317612151409,"spatial",TRUE,1,50,1000
"latent",49,5,19.0931239885596,12.4974965315128,0.448979591836735,20.3244230480505,-1.27855682091959,14.982041757625,-1.27855682091959,0.986938257444345,1.02899401893825,"nonspatial",TRUE,1,50,1000
"observed",49,5,26.2298146452318,14.7740919457976,0.918367346938776,94.0933581128987,0.187176360081255,20.5189858861225,0.187176360081255,0.974902997790766,1.02265230510037,"nonspatial",TRUE,1,50,1000
"latent",49,5,19.6258817199609,11.3080812397731,0.897959183673469,56.2150027829871,-0.229235330732543,15.7439152112351,-0.229235330732543,0.98747938174386,1.04104841068699,"spatial",TRUE,2,50,1000
"observed",49,5,25.6113031369869,14.4279970377845,0.938775510204082,99.9582467671172,0.134102287437062,19.7947359988286,0.134102287437062,0.976811648968657,1.01696059457822,"spatial",TRUE,2,50,1000
"latent",49,5,19.6109836100879,13.1527492610307,0.36734693877551,21.393495068299,-0.337019460166049,15.7010126979659,-0.337019460166049,0.987532875555695,1.04190346092021,"nonspatial",TRUE,2,50,1000
"observed",49,5,25.6081693471248,14.4120486173518,0.918367346938776,97.6542456248645,0.206481692336004,19.7489459846503,0.206481692336004,0.976845149606748,1.01858965439245,"nonspatial",TRUE,2,50,1000
"latent",49,5,20.409774336509,11.6177721951419,0.877551020408163,63.7770673798078,-1.40143712608789,15.7284940382043,-1.40143712608789,0.985759600581888,0.996760659391599,"spatial",TRUE,3,50,1000
"observed",49,5,27.4848797902146,15.887226445225,0.938775510204082,113.374599415134,-0.142595526368934,22.7257553096067,-0.142595526368934,0.974174857146614,0.988992547241507,"spatial",TRUE,3,50,1000
"latent",49,5,20.4016976634008,13.2091662624741,0.448979591836735,23.5716208580686,-1.4156807954195,15.7233729714622,-1.4156807954195,0.985779120303594,0.995104523820674,"nonspatial",TRUE,3,50,1000
"observed",49,5,27.4925533030102,15.8704708267102,0.938775510204082,112.230770543329,-0.0507842534770533,22.5364272594407,-0.0507842534770533,0.974179599861967,0.987319622769521,"nonspatial",TRUE,3,50,1000
"latent",49,5,20.153840985455,11.7170823099599,0.795918367346939,61.0693699352197,0.560453557366966,15.8670378005047,0.560453557366966,0.98648589777615,1.0474550719433,"spatial",TRUE,4,50,1000
"observed",49,5,26.2336983689176,14.8226576104632,0.918367346938776,106.596907963478,0.229606438177233,20.5869381526459,0.229606438177233,0.974357914678699,1.01434374042164,"spatial",TRUE,4,50,1000
"latent",49,5,20.2218799628319,13.4761330310294,0.448979591836735,22.3007115683042,0.597729941835329,15.8984957648666,0.597729941835329,0.986372196275417,1.04705914745592,"nonspatial",TRUE,4,50,1000
"observed",49,5,26.4178986871331,15.0290782241815,0.938775510204082,103.908765740799,0.140954019608453,20.9884201812124,0.140954019608453,0.973992046900126,1.01456860930385,"nonspatial",TRUE,4,50,1000
"latent",49,5,21.1552060306323,12.1895268112504,0.857142857142857,59.433292465773,-0.364111881408085,16.3007495768356,-0.364111881408085,0.985548518642351,0.979244092180425,"spatial",TRUE,5,50,1000
"observed",49,5,25.6933640095895,14.7061067189071,0.959183673469388,107.110731611945,0.00220863274273075,20.6409156382125,0.00220863274273075,0.979460839583993,1.0013131215831,"spatial",TRUE,5,50,1000
"latent",49,5,21.1019507862511,13.9586862222953,0.408163265306122,22.7694053647278,-0.34030984673892,16.2644254951165,-0.34030984673892,0.985619806976254,0.97936022992643,"nonspatial",TRUE,5,50,1000
"observed",49,5,25.797044959515,14.7484272987074,0.959183673469388,105.561763877792,-0.141501107518177,20.6572358173274,-0.141501107518177,0.979293047054176,1.00075910595887,"nonspatial",TRUE,5,50,1000
"latent",49,5,22.1950937637584,13.1280172366278,0.836734693877551,62.5719420453011,0.570727797209339,17.8258286241603,0.570727797209339,0.982923258647185,0.957647519596717,"spatial",TRUE,6,50,1000
"observed",49,5,27.9663831595902,15.9911968348459,0.938775510204082,111.572617021561,-0.0947422167220732,22.1687304917367,-0.0947422167220732,0.973670879263714,0.990964801904303,"spatial",TRUE,6,50,1000
"latent",49,5,22.0782240555992,15.2086047590209,0.346938775510204,23.8356925385785,0.561940138427093,17.7269770307554,0.561940138427093,0.983082275017463,0.958329861071242,"nonspatial",TRUE,6,50,1000
"observed",49,5,28.0963051000859,16.0600904915782,0.938775510204082,110.27537905479,-0.221704623842248,22.3732628315288,-0.221704623842248,0.973420401856068,0.991292115162851,"nonspatial",TRUE,6,50,1000
"latent",49,5,18.1983116915313,10.5070062450639,0.897959183673469,63.7234387012182,1.26999543188206,14.7086272694534,1.26999543188206,0.988387256847144,0.985666230573611,"spatial",TRUE,7,50,1000
"observed",49,5,27.2013312820355,15.2624428353347,0.918367346938776,111.658675145442,-0.172055604049686,20.6016577898942,-0.172055604049686,0.974607237294496,0.992426647659004,"spatial",TRUE,7,50,1000
"latent",49,5,18.1713415689757,12.173333892456,0.448979591836735,23.6998972702495,1.22490719480829,14.737214376994,1.22490719480829,0.988411514893298,0.986133891736104,"nonspatial",TRUE,7,50,1000
"observed",49,5,27.1141146338999,15.2025562248749,0.938775510204082,109.280358465956,-0.269606908952663,20.6961819025214,-0.269606908952663,0.974765565326113,0.993582103724806,"nonspatial",TRUE,7,50,1000
"latent",49,5,17.4243991649878,10.3322585287953,0.877551020408163,55.5631448441381,-1.17608713395967,14.6044923296601,-1.17608713395967,0.989367096151734,0.989536094124327,"spatial",TRUE,8,50,1000
"observed",49,5,23.337166510912,13.2510202710312,0.938775510204082,97.8635722072606,0.126615401454372,18.8777852515509,0.126615401454372,0.98165659731483,1.00771980976681,"spatial",TRUE,8,50,1000
"latent",49,5,17.3748512508973,12.1734918216562,0.36734693877551,20.4646294968545,-1.21515743001054,14.5180975434726,-1.21515743001054,0.989428832713082,0.989810571121428,"nonspatial",TRUE,8,50,1000
"observed",49,5,23.1914368789876,13.1314330086876,0.938775510204082,95.4780275545039,0.113363555031856,18.7926617321874,0.113363555031856,0.981878923776059,1.00648546514654,"nonspatial",TRUE,8,50,1000
"latent",49,5,20.9557136705435,12.6803331534197,0.857142857142857,58.7190503056667,0.539888453428088,17.8189550906521,0.539888453428088,0.985169655574617,0.982983223340512,"spatial",TRUE,9,50,1000
"observed",49,5,26.1456687895218,15.1883421981141,0.979591836734694,102.940627939382,-0.231323687570275,22.0905433637067,-0.231323687570275,0.977013635972215,0.978262491590949,"spatial",TRUE,9,50,1000
"latent",49,5,20.9627847699748,15.1291214857503,0.244897959183673,21.6689954167824,0.473983495785083,17.8341771709461,0.473983495785083,0.985183421642363,0.981558838648065,"nonspatial",TRUE,9,50,1000
"observed",49,5,26.2507829291646,15.2238315840691,0.979591836734694,100.021594148666,-0.142449363984714,22.1856323202698,-0.142449363984714,0.976819198422175,0.978432834789798,"nonspatial",TRUE,9,50,1000
"latent",49,5,20.2382634556428,12.0634392746906,0.795918367346939,56.1649897418319,-0.586931219416564,16.6153571358702,-0.586931219416564,0.985081760118903,1.00665545819825,"spatial",TRUE,10,50,1000
"observed",49,5,24.0658924551438,13.6163068460971,0.959183673469388,98.5164596873297,0.477364392677302,19.3335280347715,0.477364392677302,0.979300120830258,1.01101333196915,"spatial",TRUE,10,50,1000
"latent",49,5,19.9353658995957,13.9252014876106,0.408163265306122,20.4285812876072,-0.709054187819263,16.3526000874776,-0.709054187819263,0.985535408701579,1.00670676800906,"nonspatial",TRUE,10,50,1000
"observed",49,5,23.8021166937619,13.4771748341738,0.938775510204082,96.5204721697193,0.255204604144547,19.0078789651264,0.255204604144547,0.979754395282703,1.0112716056471,"nonspatial",TRUE,10,50,1000
"latent",49,5,23.6013754071402,13.6353500419918,0.816326530612245,60.6602647114064,-1.11402631670889,18.5656904739382,-1.11402631670889,0.979690002479146,1.03317553454828,"spatial",TRUE,1,150,1000
"observed",49,5,29.3816062699444,16.3598993656942,0.857142857142857,106.683519044388,0.208315935041975,22.2958051463928,0.208315935041975,0.968176460949241,1.02672683259183,"spatial",TRUE,1,150,1000
"latent",49,5,23.6299966337754,15.747693469481,0.387755102040816,22.5389047539803,-1.22464447783909,18.6148844084771,-1.22464447783909,0.979655310528629,1.03340212233309,"nonspatial",TRUE,1,150,1000
"observed",49,5,29.4505038021199,16.3919470162863,0.857142857142857,104.536603606257,0.23286213832001,22.2753578716897,0.23286213832001,0.968024246617394,1.02676516807478,"nonspatial",TRUE,1,150,1000
"latent",49,5,24.3096958685259,14.2268573880482,0.816326530612245,62.2873834667438,-0.34940537333545,19.3014503736871,-0.34940537333545,0.980502753503525,1.04538280897135,"spatial",TRUE,2,150,1000
"observed",49,5,28.8975564127658,16.3713098978854,0.897959183673469,110.61180104566,0.144589266475323,22.7812757857316,0.144589266475323,0.970415859666785,1.02086040860379,"spatial",TRUE,2,150,1000
"latent",49,5,24.4757551694225,16.5349713806685,0.346938775510204,23.5035486767085,-0.312462377120509,19.3424670122564,-0.312462377120509,0.980237352660194,1.04585973145792,"nonspatial",TRUE,2,150,1000
"observed",49,5,28.8347509691377,16.3313383707673,0.918367346938776,108.863180676997,0.0760089329889544,22.6442368634308,0.0760089329889544,0.970549089306254,1.02098794723071,"nonspatial",TRUE,2,150,1000
"latent",49,5,25.6324806624246,14.9445554122347,0.836734693877551,72.6799088245835,-1.43524006692701,20.2787525986291,-1.43524006692701,0.977490327421715,0.993607663055864,"spatial",TRUE,3,150,1000
"observed",49,5,31.6491747155165,18.3309008128718,0.918367346938776,128.164195657829,-0.143594730073498,26.1444139131369,-0.143594730073498,0.965752320410968,0.986330145435588,"spatial",TRUE,3,150,1000
"latent",49,5,25.5201226076825,16.9844685753189,0.408163265306122,26.9356976660851,-1.51700904293876,20.1030959445648,-1.51700904293876,0.977695574430812,0.994117483431546,"nonspatial",TRUE,3,150,1000
"observed",49,5,31.5870800175652,18.2548816069084,0.938775510204082,126.39170635465,-0.232273092062557,26.1733239924443,-0.232273092062557,0.965887045094704,0.986583685576318,"nonspatial",TRUE,3,150,1000
"latent",49,5,24.6372684251271,14.4378947121009,0.775510204081633,72.9413317378501,0.717348501180805,19.4624316001204,0.717348501180805,0.979565464403996,1.04800876450102,"spatial",TRUE,4,150,1000
"observed",49,5,30.1646205360999,17.2577622463655,0.959183673469388,121.805334393952,0.285232692785042,24.4620522115375,0.285232692785042,0.966551064046812,1.01641671233813,"spatial",TRUE,4,150,1000
"latent",49,5,24.9661966370362,16.8164399412531,0.448979591836735,25.7613167906698,0.613228955713446,19.6260430655182,0.613228955713446,0.978958681218129,1.04758463134371,"nonspatial",TRUE,4,150,1000
"observed",49,5,30.6383153560914,17.5931711080149,0.938775510204082,120.620059069019,0.243264435360478,24.9296564640459,0.243264435360478,0.965458395100729,1.01575837366572,"nonspatial",TRUE,4,150,1000
"latent",49,5,25.5685336101019,14.8585504913845,0.816326530612245,66.8787597458462,-0.45083834273676,19.8013717287163,-0.45083834273676,0.980087753174819,0.981031661975295,"spatial",TRUE,5,150,1000
"observed",49,5,29.1308017959195,16.6026308383858,0.959183673469388,119.521652624641,-0.138513861220205,23.0677544481179,-0.138513861220205,0.975176511750383,1.00199310522676,"spatial",TRUE,5,150,1000
"latent",49,5,25.4297484750943,16.9804885172458,0.387755102040816,25.6862125250556,-0.283376928627993,19.7059325392607,-0.283376928627993,0.980292088499162,0.981636956158948,"nonspatial",TRUE,5,150,1000
"observed",49,5,29.0569045372009,16.5809162063929,0.938775510204082,118.063698447893,-0.0137746621077371,22.927174080783,-0.0137746621077371,0.975301808027576,1.00090768235648,"nonspatial",TRUE,5,150,1000
"latent",49,5,26.6854667157077,16.2141343080362,0.836734693877551,69.0505038479345,0.632309314692068,22.0313520774269,0.632309314692068,0.974645131407946,0.955050322033682,"spatial",TRUE,6,150,1000
"observed",49,5,31.4935861556204,18.0163310699519,0.938775510204082,123.783875185628,-0.140487984434061,25.16759879711,-0.140487984434061,0.966147702153656,0.989041629178583,"spatial",TRUE,6,150,1000
"latent",49,5,26.6467728546398,18.9660584169291,0.26530612244898,26.211625173907,0.566958137462591,21.9933673928085,0.566958137462591,0.974723846790331,0.95497309625982,"nonspatial",TRUE,6,150,1000
"observed",49,5,31.6003610233778,18.1787395592668,0.938775510204082,121.997708337637,-0.316666154176915,25.3958167858729,-0.316666154176915,0.965916016586467,0.989047382783642,"nonspatial",TRUE,6,150,1000
"latent",49,5,22.3270499139821,13.0566950896752,0.857142857142857,71.268147784609,1.26500165950655,18.0000843214377,1.26500165950655,0.982416400172422,0.985694863208801,"spatial",TRUE,7,150,1000
"observed",49,5,30.65564610969,17.1759807691229,0.918367346938776,125.531752426977,-0.165849327389777,23.3166281032635,-0.165849327389777,0.967770216232702,0.992702703249324,"spatial",TRUE,7,150,1000
"latent",49,5,22.3827356193615,15.1831293620119,0.408163265306122,26.7973798056106,1.239805177992,18.0525729287343,1.239805177992,0.982319694672731,0.986040328483906,"nonspatial",TRUE,7,150,1000
"observed",49,5,30.7585478100924,17.2532221173833,0.918367346938776,123.222262918551,-0.192181160310186,23.3342883253302,-0.192181160310186,0.9675535192666,0.992228480034055,"nonspatial",TRUE,7,150,1000
"latent",49,5,21.1983077293754,12.7573724722586,0.877551020408163,61.3450142615474,-1.22049931517907,17.7069549522937,-1.22049931517907,0.984416628576091,0.989744395279153,"spatial",TRUE,8,150,1000
"observed",49,5,26.3393436299668,14.9818925887018,0.938775510204082,109.014519245268,0.0913369353656321,21.5595760208214,0.0913369353656321,0.976926009741315,1.00760710014191,"spatial",TRUE,8,150,1000
"latent",49,5,21.1908018324965,15.0486627146612,0.285714285714286,22.9265072335853,-1.26141474860842,17.7114682038087,-1.26141474860842,0.984428648311576,0.990012096054689,"nonspatial",TRUE,8,150,1000
"observed",49,5,26.5471920705255,15.0735830685262,0.938775510204082,107.347138350625,-0.085563533798692,21.7713312882665,-0.085563533798692,0.976551831616485,1.00708112887167,"nonspatial",TRUE,8,150,1000
"latent",49,5,26.047094443157,15.9691753454869,0.857142857142857,68.3103491523261,0.440277009012303,22.0438788782299,0.440277009012303,0.977283541906755,0.980822047505476,"spatial",TRUE,9,150,1000
"observed",49,5,30.5144902714592,17.6776456863073,0.979591836734694,117.750642443289,-0.231599048093973,25.6096938456217,-0.231599048093973,0.968992525126072,0.975746435449973,"spatial",TRUE,9,150,1000
"latent",49,5,26.2111296164128,18.9349849705755,0.306122448979592,25.4382030898383,0.477084196340161,22.2204316569389,0.477084196340161,0.977027861046049,0.979087148025126,"nonspatial",TRUE,9,150,1000
"observed",49,5,30.6063281825486,17.7233586295502,0.979591836734694,115.874184214587,-0.288988817982992,25.5940545304041,-0.288988817982992,0.968815981899289,0.975188198016482,"nonspatial",TRUE,9,150,1000
"latent",49,5,26.6816314843626,16.2580848372922,0.775510204081633,67.6578255253227,-0.437805539377515,22.2107116395315,-0.437805539377515,0.973947824072947,1.00492019226757,"spatial",TRUE,10,150,1000
"observed",49,5,29.2380013036024,16.5827161819122,0.938775510204082,112.951507423397,0.491138975672809,23.3179278303943,0.491138975672809,0.969249532469568,1.00895506046472,"spatial",TRUE,10,150,1000
"latent",49,5,25.6611993692524,18.2919658196416,0.326530612244898,24.1401075249974,-0.662591757738074,21.25558049404,-0.662591757738074,0.975979506367966,1.01063317147913,"nonspatial",TRUE,10,150,1000
"observed",49,5,28.436081189769,16.1586487981579,0.938775510204082,112.445881145889,0.351964940618067,22.930458674458,0.351964940618067,0.971001476118769,1.01479555523464,"nonspatial",TRUE,10,150,1000
"latent",49,5,23.4950292349544,13.6391978417204,0.836734693877551,62.4296909925248,-1.08395805264729,18.7581900016624,-1.08395805264729,0.979648785684529,1.03159201909447,"spatial",TRUE,1,350,1000
"observed",49,5,28.9387416367171,16.092781231778,0.918367346938776,106.245258797253,0.242344821605611,21.747401301113,0.242344821605611,0.968773633621396,1.02521511671363,"spatial",TRUE,1,350,1000
"latent",49,5,23.7672543630084,16.2445181431722,0.26530612244898,22.2655914861006,-1.28374567282619,19.0356454002253,-1.28374567282619,0.979170938351373,1.03143809017641,"nonspatial",TRUE,1,350,1000
"observed",49,5,29.0641974305346,16.170532041525,0.918367346938776,103.626243650253,0.184402062766535,21.9490282641029,0.184402062766535,0.968499808506991,1.02546101898636,"nonspatial",TRUE,1,350,1000
"latent",49,5,23.3310817236123,13.7221009389792,0.775510204081633,62.0864156991476,-0.360952209577456,18.6748162855818,-0.360952209577456,0.981217886281407,1.04362360793119,"spatial",TRUE,2,350,1000
"observed",49,5,27.360735995025,15.471889908365,0.918367346938776,107.817121691846,0.164462991699968,21.1871418417629,0.164462991699968,0.972213483384208,1.01806927800094,"spatial",TRUE,2,350,1000
"latent",49,5,23.3071818083824,15.9151453707036,0.387755102040816,22.9480446999162,-0.362563388427296,18.7204742957447,-0.362563388427296,0.981221541002612,1.04263152662067,"nonspatial",TRUE,2,350,1000
"observed",49,5,27.2568865011563,15.4228390510674,0.918367346938776,105.96336539324,0.0550804597531252,21.0504991541461,0.0550804597531252,0.972434119814558,1.0184728941457,"nonspatial",TRUE,2,350,1000
"latent",49,5,24.8050586625397,14.5241168578878,0.877551020408163,77.0983688778819,-1.23587824005656,20.2743405688508,-1.23587824005656,0.977964238500573,0.996346057710474,"spatial",TRUE,3,350,1000
"observed",49,5,31.2775790167375,17.9976379908679,0.938775510204082,127.536445851442,0.0671643331927941,26.3595704452922,0.0671643331927941,0.965083945687438,0.988340689257181,"spatial",TRUE,3,350,1000
"latent",49,5,25.3877838018542,17.5457161698833,0.306122448979592,26.9735477445107,-1.52607621332733,20.7804417846097,-1.52607621332733,0.976941371258775,0.994066767005035,"nonspatial",TRUE,3,350,1000
"observed",49,5,31.5191399586953,18.1499217934953,0.938775510204082,127.357025490679,-0.326417502772355,26.4520266974953,-0.326417502772355,0.964549225842052,0.987194024344242,"nonspatial",TRUE,3,350,1000
"latent",49,5,22.2616026597485,12.8458445553446,0.938775510204082,83.7907355777098,1.07963079899708,17.6917017264912,1.07963079899708,0.983455545811166,1.04211929008605,"spatial",TRUE,4,350,1000
"observed",49,5,28.1307660218814,15.9555966037293,0.959183673469388,121.584958261779,0.621048345458206,22.3787120944232,0.621048345458206,0.971348713528467,1.01460602274555,"spatial",TRUE,4,350,1000
"latent",49,5,26.136342245408,18.1753527267813,0.36734693877551,27.9308747258077,0.6268387134329,21.2339679354529,0.6268387134329,0.976800324105964,1.04316517932855,"nonspatial",TRUE,4,350,1000
"observed",49,5,33.0733611223059,19.0664065845234,0.938775510204082,130.298830553562,0.22000849002876,27.3879255686121,0.22000849002876,0.960058857763877,1.01003997309923,"nonspatial",TRUE,4,350,1000
"latent",49,5,23.5448924678698,13.8006033208188,0.836734693877551,65.0181750092141,-0.343269565626025,18.5648906470372,-0.343269565626025,0.984008557405655,0.981377267602627,"spatial",TRUE,5,350,1000
"observed",49,5,27.4196050470368,15.7061118295788,0.959183673469388,112.422515310469,-0.0426389283308912,21.7593786599544,-0.0426389283308912,0.979084087800374,1.00078306999632,"spatial",TRUE,5,350,1000
"latent",49,5,23.4571409832929,15.9029281037001,0.36734693877551,23.9970735554645,-0.196932023177117,18.3280244204534,-0.196932023177117,0.984092115720176,0.983310069919071,"nonspatial",TRUE,5,350,1000
"observed",49,5,26.8970467265647,15.3659637904441,0.938775510204082,110.630992766757,0.124732100964031,21.17108992962,0.124732100964031,0.979888540023887,1.00368820963435,"nonspatial",TRUE,5,350,1000
"latent",49,5,26.4208038476868,16.0870767151987,0.795918367346939,67.9694304203133,0.482661421666874,22.0602214247751,0.482661421666874,0.975651456281254,0.952658792023646,"spatial",TRUE,6,350,1000
"observed",49,5,30.1859044705367,17.4804351027867,0.979591836734694,119.24757970137,-0.378676527970904,25.1349653439325,-0.378676527970904,0.969293397999537,0.98596869471502,"spatial",TRUE,6,350,1000
"latent",49,5,26.5548813962005,18.9545143962742,0.387755102040816,24.9119527135744,0.482727041791392,22.1340315379992,0.482727041791392,0.975434687355144,0.951788297870787,"nonspatial",TRUE,6,350,1000
"observed",49,5,30.3044687019214,17.530157851922,0.959183673469388,116.798316536643,-0.386409320973526,25.2434404282453,-0.386409320973526,0.969050583492472,0.985731466504324,"nonspatial",TRUE,6,350,1000
"latent",49,5,21.2471993814848,12.6230029076104,0.918367346938776,75.0840312069813,1.07002837989202,17.5024025163785,1.07002837989202,0.983695996141967,0.981197677638787,"spatial",TRUE,7,350,1000
"observed",49,5,30.8725326127989,17.3822751574259,0.918367346938776,125.868358112961,-0.237389193409425,23.7796389093608,-0.237389193409425,0.966536747868284,0.988514502054651,"spatial",TRUE,7,350,1000
"latent",49,5,21.7148950196851,15.2227770008487,0.387755102040816,26.7047886974225,1.21420492803634,17.8744325788349,1.21420492803634,0.982954032344768,0.98182046961895,"nonspatial",TRUE,7,350,1000
"observed",49,5,31.3181936860949,17.669888775275,0.918367346938776,124.408637011429,-0.253893508464178,24.0931824412625,-0.253893508464178,0.965554945660107,0.987639510964514,"nonspatial",TRUE,7,350,1000
"latent",49,5,20.4418722430563,12.1533403939661,0.816326530612245,59.8686892337424,-1.17569794900697,16.792192521265,-1.17569794900697,0.98593951382415,0.990527309105125,"spatial",TRUE,8,350,1000
"observed",49,5,25.0952897030373,14.2225100238212,0.938775510204082,104.698825266743,0.0667682440321692,20.7795906740562,0.0667682440321692,0.979639014945904,1.0087775239314,"spatial",TRUE,8,350,1000
"latent",49,5,20.5654678737138,14.2999341281266,0.408163265306122,22.0687024839204,-1.22851392982772,16.8508158754936,-1.22851392982772,0.985768071182163,0.990831011238013,"nonspatial",TRUE,8,350,1000
"observed",49,5,25.2097403649939,14.3339826110161,0.938775510204082,101.880260952765,0.0128790561620708,20.8184711473887,0.0128790561620708,0.979441373248804,1.00762251381967,"nonspatial",TRUE,8,350,1000
"latent",49,5,25.3890804304359,15.084622730765,0.877551020408163,78.0598828900268,0.375244954379188,20.8645546316425,0.375244954379188,0.978031125782851,0.988508703941621,"spatial",TRUE,9,350,1000
"observed",49,5,30.1135147617961,17.2689579944253,0.959183673469388,121.173732460578,-0.286628956877688,24.839202399324,-0.286628956877688,0.969260361248614,0.985023621355659,"spatial",TRUE,9,350,1000
"latent",49,5,27.5781521813588,19.6731916986381,0.346938775510204,26.3210299700511,0.463398259342155,22.9447013934619,0.463398259342155,0.974124243047077,0.981451660077562,"nonspatial",TRUE,9,350,1000
"observed",49,5,31.9064654205864,18.2532949042075,0.959183673469388,122.009422179563,-0.356389742995086,26.2339014306047,-0.356389742995086,0.965564125849049,0.97708263996388,"nonspatial",TRUE,9,350,1000
"latent",49,5,24.6030231276368,14.5848452735589,0.897959183673469,74.4897752003513,-0.549389569916642,20.7058800638861,-0.549389569916642,0.977862600067251,1.01095143205925,"spatial",TRUE,10,350,1000
"observed",49,5,27.0646702327044,15.4013233839895,0.938775510204082,111.710910557099,0.38719244822268,21.4136567299881,0.38719244822268,0.973671935394197,1.01531491749078,"spatial",TRUE,10,350,1000
"latent",49,5,28.1865281240955,20.5347862636598,0.26530612244898,25.974382616997,-0.55960831489979,23.7475277569542,-0.55960831489979,0.970844391099884,1.01322238382413,"nonspatial",TRUE,10,350,1000
"observed",49,5,30.4466077991601,17.3657391648625,0.979591836734694,120.572567411923,0.409003477593812,25.4105746668319,0.409003477593812,0.966557931745439,1.01727737180633,"nonspatial",TRUE,10,350,1000
"latent",49,5,21.6069452167825,12.2947150634789,0.877551020408163,60.9825901557275,-1.16285319098062,17.2595396538775,-1.16285319098062,0.982903281594699,1.02791747774088,"spatial",TRUE,1,750,1000
"observed",49,5,26.691815270112,14.8022663037242,0.938775510204082,101.613286381978,0.248537545217672,20.7563075860033,0.248537545217672,0.973571015781252,1.02215191608048,"spatial",TRUE,1,750,1000
"latent",49,5,22.0949841076358,14.9959412691242,0.244897959183673,21.5015536652429,-1.40441860772785,17.8407086683526,-1.40441860772785,0.982081600975222,1.0263946289886,"nonspatial",TRUE,1,750,1000
"observed",49,5,27.0323851105028,15.0318555397527,0.938775510204082,99.2719217410502,-0.0463635525327179,21.0240267830196,-0.0463635525327179,0.972835669372395,1.02015387123777,"nonspatial",TRUE,1,750,1000
"latent",49,5,18.9181117140774,11.1517785316328,0.816326530612245,56.3649687978846,-0.382201172637467,15.5745117361654,-0.382201172637467,0.987356521491318,1.03798543967525,"spatial",TRUE,2,750,1000
"observed",49,5,24.0557400651727,13.6770689985818,0.959183673469388,98.8177446848298,0.0700840830394505,18.8767363602051,0.0700840830394505,0.977807812996647,1.0119153503202,"spatial",TRUE,2,750,1000
"latent",49,5,18.9894594942949,13.1264204868156,0.36734693877551,21.1352547888504,-0.44420776314156,15.656626683997,-0.44420776314156,0.987274595586941,1.03850320383009,"nonspatial",TRUE,2,750,1000
"observed",49,5,24.0275499625221,13.6223528096875,0.938775510204082,96.7162965303287,0.0600448660459311,18.8367574962554,0.0600448660459311,0.977882093445122,1.01370605421325,"nonspatial",TRUE,2,750,1000
"latent",49,5,20.6908930572523,11.893951412317,0.938775510204082,75.9503673093148,-1.00367718098629,16.9221583625109,-1.00367718098629,0.984115096937161,1.00186336672468,"spatial",TRUE,3,750,1000
"observed",49,5,28.0996060285553,16.186399421646,0.959183673469388,118.596652555882,0.269410299460815,23.2405632894509,0.269410299460815,0.970785060267429,0.99398467262141,"spatial",TRUE,3,750,1000
"latent",49,5,22.5222137093694,15.7413741583684,0.36734693877551,25.4624104569298,-1.38952717740592,18.858542534852,-1.38952717740592,0.981180581463375,0.997054112991107,"nonspatial",TRUE,3,750,1000
"observed",49,5,29.3364280368523,16.8712409751164,0.959183673469388,119.046438088403,-0.232727700938831,24.4499485234771,-0.232727700938831,0.968149352372969,0.989329157433622,"nonspatial",TRUE,3,750,1000
"latent",49,5,16.698642233516,9.48767821622757,1,76.8992881671325,0.0730369883842575,12.9446037740288,0.0730369883842575,0.990713898129617,1.03473902070829,"spatial",TRUE,4,750,1000
"observed",49,5,23.4302398685506,13.2893476209081,0.979591836734694,106.556768680228,-0.354081885437517,18.4182102495123,-0.354081885437517,0.980093346210331,1.01104949320284,"spatial",TRUE,4,750,1000
"latent",49,5,26.1605842435572,18.8025222665432,0.306122448979592,28.6468201734954,0.560913428900812,22.0844186046198,0.560913428900812,0.976293332174876,1.03699866011133,"nonspatial",TRUE,4,750,1000
"observed",49,5,33.9854793767235,19.6553169705498,0.938775510204082,135.177281388435,0.235867689345251,28.0529509760518,0.235867689345251,0.95751986651324,1.00591846358218,"nonspatial",TRUE,4,750,1000
"latent",49,5,21.7815841481493,12.979398672971,0.857142857142857,62.0280172251482,-0.554291692298025,17.7860758211369,-0.554291692298025,0.986408570177944,0.973122019510509,"spatial",TRUE,5,750,1000
"observed",49,5,26.7258127967646,15.3691164534612,0.959183673469388,104.074556300406,-0.180244817580691,21.5483827218975,-0.180244817580691,0.979957600925147,0.99075008326492,"spatial",TRUE,5,750,1000
"latent",49,5,21.3449619401615,14.5086905633483,0.428571428571429,22.0790297222836,-0.116947849858799,16.8234251267884,-0.116947849858799,0.986754981987758,0.981622217135995,"nonspatial",TRUE,5,750,1000
"observed",49,5,24.9526009961237,14.2384124380658,0.959183673469388,103.433994124884,0.0610616653305126,20.0242076374948,0.0610616653305126,0.982514971959411,1.001436099902,"nonspatial",TRUE,5,750,1000
"latent",49,5,24.745312069619,14.5436643631136,0.775510204081633,64.9114863991879,0.283166721428555,19.275697504212,0.283166721428555,0.979900960648328,0.950951296913633,"spatial",TRUE,6,750,1000
"observed",49,5,28.4575829785874,16.4657395784556,0.959183673469388,111.450262710108,-0.565401897756046,24.1565149931484,-0.565401897756046,0.973903304755487,0.983307632024194,"spatial",TRUE,6,750,1000
"latent",49,5,25.0526696127572,16.7551256464958,0.448979591836735,23.3194181099927,0.387012183251082,19.3946449967943,0.387012183251082,0.979341878358974,0.951305538670917,"nonspatial",TRUE,6,750,1000
"observed",49,5,28.4487402137923,16.4497252012127,0.959183673469388,109.039347979867,-0.347438438195277,24.1405216414739,-0.347438438195277,0.973898379801548,0.984205285753441,"nonspatial",TRUE,6,750,1000
"latent",49,5,17.6491522880797,10.5010506099185,0.979591836734694,73.6724497773682,1.00796089110017,14.7050916695553,1.00796089110017,0.988490513312085,0.980448965295639,"spatial",TRUE,7,750,1000
"observed",49,5,28.3453418802304,15.9230749729872,0.938775510204082,118.62454715058,-0.333350474915415,21.6408342217417,-0.333350474915415,0.971023374678482,0.989202669724605,"spatial",TRUE,7,750,1000
"latent",49,5,18.6155167659278,13.1240355230243,0.387755102040816,25.7591271839087,1.13864680835405,15.6051945246915,1.13864680835405,0.987151509308522,0.981419617921017,"nonspatial",TRUE,7,750,1000
"observed",49,5,29.6275682496483,16.8132503177072,0.918367346938776,117.787747038672,-0.443450893965998,22.6579909931231,-0.443450893965998,0.968317167810164,0.987380908413079,"nonspatial",TRUE,7,750,1000
"latent",49,5,18.8884836783351,10.9676228278883,0.877551020408163,56.0400147357631,-1.15341400755598,14.7867235473558,-1.15341400755598,0.988249765332091,0.98995453749254,"spatial",TRUE,8,750,1000
"observed",49,5,22.6526419813171,12.8019669628837,0.979591836734694,95.4541669211815,0.123388563562126,18.1581542873154,0.123388563562126,0.983679362784668,1.00644643677565,"spatial",TRUE,8,750,1000
"latent",49,5,19.2191262567876,13.0486972246623,0.387755102040816,20.1305398389782,-1.18789275534518,15.1124670237503,-1.18789275534518,0.987843756040695,0.988824168216708,"nonspatial",TRUE,8,750,1000
"observed",49,5,23.086713248718,13.0357163949918,0.959183673469388,92.4154720735413,0.101713514325288,18.6016295381294,0.101713514325288,0.98303532255895,1.00536934562422,"nonspatial",TRUE,8,750,1000
"latent",49,5,18.6788191971649,10.6918795073374,0.959183673469388,76.6306171455802,-0.621250091785743,14.5948810567487,-0.621250091785743,0.988035403138171,0.999463574791368,"spatial",TRUE,9,750,1000
"observed",49,5,25.0500735914474,14.3898661906753,0.979591836734694,107.147991333229,-1.29344140261457,20.6549807360243,-1.29344140261457,0.978617573274492,0.994333269531475,"spatial",TRUE,9,750,1000
"latent",49,5,28.8117377477934,20.7888573472117,0.36734693877551,27.3591548802962,0.484392900995763,23.949193287147,0.484392900995763,0.971373818329513,0.985392091970209,"nonspatial",TRUE,9,750,1000
"observed",49,5,32.8288095258489,18.9627277053146,0.959183673469388,127.383355691807,-0.360517939132798,26.927102391826,-0.360517939132798,0.963034968542654,0.981267289600546,"nonspatial",TRUE,9,750,1000
"latent",49,5,18.7144189074926,10.7066667169185,0.938775510204082,67.7590017658211,-1.32391967474873,15.3120771563026,-1.32391967474873,0.98699678572058,1.00716041733202,"spatial",TRUE,10,750,1000
"observed",49,5,21.9455924367472,12.5868128752193,0.979591836734694,97.1164182422431,-0.439774317522187,17.379847192099,-0.439774317522187,0.982385252958684,1.01229580680095,"spatial",TRUE,10,750,1000
"latent",49,5,27.7352567785843,20.4065747285471,0.204081632653061,25.9393373549021,-0.635054390509865,23.7096612587653,-0.635054390509865,0.97106647130191,1.0094960383857,"nonspatial",TRUE,10,750,1000
"observed",49,5,30.2934049594314,17.3615560551674,0.979591836734694,121.467393190274,0.333918425172012,25.8750044650559,0.333918425172012,0.966098234201502,1.01381281965224,"nonspatial",TRUE,10,750,1000
"latent",49,5,20.7096830031402,11.5852924288461,0.877551020408163,59.7246292012111,-1.13634471392324,16.0564343368541,-1.13634471392324,0.98437906240757,1.02581295648328,"spatial",TRUE,1,1000,1000
"observed",49,5,25.7577370176256,14.2695147538321,0.938775510204082,99.748312918365,0.240495358259159,20.1668690021818,0.240495358259159,0.975512623386746,1.01989617437916,"spatial",TRUE,1,1000,1000
"latent",49,5,21.3314672683494,14.076006580419,0.326530612244898,21.338551324379,-1.40343167004159,16.8078640903176,-1.40343167004159,0.98338379057269,1.02414432595731,"nonspatial",TRUE,1,1000,1000
"observed",49,5,26.1286626534388,14.5252037775836,0.938775510204082,97.8807190822275,0.158918033807015,20.4739771786777,0.158918033807015,0.974759472034127,1.01838335702544,"nonspatial",TRUE,1,1000,1000
"latent",49,5,17.1301223455313,10.0357769173705,0.877551020408163,54.5906706717891,-0.473213488318158,14.062273125846,-0.473213488318158,0.989641090665975,1.03577190515387,"spatial",TRUE,2,1000,1000
"observed",49,5,23.0432803610055,13.0664311163221,0.938775510204082,95.8455022363892,0.103392111187937,18.1082212068594,0.103392111187937,0.979559513959527,1.01122091172676,"spatial",TRUE,2,1000,1000
"latent",49,5,17.2040046338404,11.7662390946002,0.326530612244898,20.3558763838544,-0.417554183399346,14.0987761791462,-0.417554183399346,0.98954399047349,1.03577419882113,"nonspatial",TRUE,2,1000,1000
"observed",49,5,22.9635897533007,13.0518688794242,0.938775510204082,93.1035137296491,-0.0246279362733138,18.0324916000842,-0.0246279362733138,0.979698064230176,1.01082968037276,"nonspatial",TRUE,2,1000,1000
"latent",49,5,18.8343847154677,10.7910789450391,0.959183673469388,73.5978757321487,-0.902772834196629,15.2712517456283,-0.902772834196629,0.98674442174818,1.00288259625997,"spatial",TRUE,3,1000,1000
"observed",49,5,26.5888468626031,15.2729623465112,0.979591836734694,113.817947552159,0.362009089035633,22.1081925146409,0.362009089035633,0.97364551300079,0.995311916538021,"spatial",TRUE,3,1000,1000
"latent",49,5,21.1705082423172,14.7732686217778,0.346938775510204,24.5937038393282,-1.36680353015971,17.7540651709226,-1.36680353015971,0.983251839525722,0.997603331595289,"nonspatial",TRUE,3,1000,1000
"observed",49,5,28.2863804715813,16.3462739924593,0.959183673469388,115.391641709358,0.0432272081264676,23.7447098237258,0.0432272081264676,0.970150820845768,0.990041599009422,"nonspatial",TRUE,3,1000,1000
"latent",49,5,15.0396251563357,8.58111211952786,1,74.1285932050431,0.137917118433816,11.6098391862676,0.137917118433816,0.992502765340916,1.03419687392841,"spatial",TRUE,4,1000,1000
"observed",49,5,22.0263297630294,12.5683888759702,0.979591836734694,103.104855655311,-0.0856650066252637,17.1386263606242,-0.0856650066252637,0.982308214705116,1.0114243427865,"spatial",TRUE,4,1000,1000
"latent",49,5,25.7475529377867,18.703528137727,0.326530612244898,28.7771551156583,0.545250484479752,21.9823802672751,0.545250484479752,0.976855480387579,1.03626087702337,"nonspatial",TRUE,4,1000,1000
"observed",49,5,33.7968830996367,19.4972473072646,0.959183673469388,133.642318043527,0.124404041996983,28.050311949418,0.124404041996983,0.957677667180572,1.00222130815265,"nonspatial",TRUE,4,1000,1000
"latent",49,5,20.8377793342587,12.4035417846409,0.857142857142857,60.5022840188831,-0.584005109264548,16.9681906823807,-0.584005109264548,0.987424648520648,0.972515001327649,"spatial",TRUE,5,1000,1000
"observed",49,5,26.0255897064531,14.9049178040842,0.938775510204082,100.360676485824,-0.17752314770834,21.023929429918,-0.17752314770834,0.98072392249421,0.990371222977988,"spatial",TRUE,5,1000,1000
"latent",49,5,20.681815920708,14.1380903072187,0.408163265306122,21.8988224123839,-0.292924951131321,16.4252816906885,-0.292924951131321,0.987419604460307,0.980163621644403,"nonspatial",TRUE,5,1000,1000
"observed",49,5,24.5563492197728,14.0403264078582,0.959183673469388,101.03254225955,-0.0245347044899318,19.9909301193722,-0.0245347044899318,0.982815398702146,0.999992405454327,"nonspatial",TRUE,5,1000,1000
"latent",49,5,23.905333739369,13.80187771294,0.795918367346939,64.42694172373,0.186956913835176,18.0669537512831,0.186956913835176,0.981629101459274,0.950613261441877,"spatial",TRUE,6,1000,1000
"observed",49,5,27.4772270994485,15.8647217590823,0.959183673469388,108.082398036769,-0.581592055174723,23.1930052572366,-0.581592055174723,0.976026615576354,0.982122146392156,"spatial",TRUE,6,1000,1000
"latent",49,5,24.2677987420715,15.9220801677702,0.469387755102041,22.9014709862697,0.437854317245211,18.3673504798094,0.437854317245211,0.980996584923525,0.95113034967424,"nonspatial",TRUE,6,1000,1000
"observed",49,5,27.6387450083926,15.9358019160535,0.938775510204082,105.633189938561,-0.366557743110093,23.2484743675207,-0.366557743110093,0.975707102565497,0.983514261154186,"nonspatial",TRUE,6,1000,1000
"latent",49,5,16.0762862184236,9.49465140325276,0.979591836734694,71.2670071826476,0.950477933468396,13.5384179821237,0.950477933468396,0.990413474053762,0.980808069395648,"spatial",TRUE,7,1000,1000
"observed",49,5,27.4252668792541,15.4241279292191,0.959183673469388,114.509888368813,-0.535780542513165,21.0619043140956,-0.535780542513165,0.972705438885577,0.988306181066454,"spatial",TRUE,7,1000,1000
"latent",49,5,17.3545515428777,12.122249742743,0.387755102040816,24.7664894812917,1.16059912605205,14.6474551567421,1.16059912605205,0.988829350600236,0.979341006581556,"nonspatial",TRUE,7,1000,1000
"observed",49,5,28.6637273170107,16.1823606048472,0.938775510204082,114.204562251048,-0.24500245269309,22.0533592815283,-0.24500245269309,0.970163532341584,0.985737053780551,"nonspatial",TRUE,7,1000,1000
"latent",49,5,18.2165462056608,10.5333637057127,0.877551020408163,55.6493988511308,-1.24227414939977,14.3477487084006,-1.24227414939977,0.989116953576057,0.988623785762253,"spatial",TRUE,8,1000,1000
"observed",49,5,21.6771539504379,12.2189382952341,0.979591836734694,93.0642203742587,0.0399640900904529,17.1351685419768,0.0399640900904529,0.98506385632617,1.00558224256467,"spatial",TRUE,8,1000,1000
"latent",49,5,18.9434014072653,12.9356337666949,0.387755102040816,19.3736785493318,-1.19785244309002,15.1094147910045,-1.19785244309002,0.988220774865464,0.987942912764458,"nonspatial",TRUE,8,1000,1000
"observed",49,5,22.493918078822,12.7063875223291,0.959183673469388,90.6366113820027,0.147301164361361,17.8407910968589,0.147301164361361,0.983905971642348,1.00535521784211,"nonspatial",TRUE,8,1000,1000
"latent",49,5,16.6823178420219,9.54952358923225,1,73.1164294936544,-0.698742957780948,12.9439587350354,-0.698742957780948,0.990469246773767,1.00172453571254,"spatial",TRUE,9,1000,1000
"observed",49,5,23.581464338456,13.5413828959984,0.979591836734694,101.870958102977,-1.43972848403047,19.4561985246892,-1.43972848403047,0.981067684288428,0.996469345241442,"spatial",TRUE,9,1000,1000
"latent",49,5,29.1170493248207,21.2592242213787,0.346938775510204,27.818397219291,0.462733898283077,24.3584227107872,0.462733898283077,0.970709064294287,0.986999013699508,"nonspatial",TRUE,9,1000,1000
"observed",49,5,32.943509295276,19.0355152851007,0.959183673469388,128.035105522745,-0.210968592213305,27.3497216060028,-0.210968592213305,0.962702300910424,0.982660032056786,"nonspatial",TRUE,9,1000,1000
"latent",49,5,17.2414445402558,9.81598681528042,0.938775510204082,65.773347129695,-1.61069469950991,14.1326189817037,-1.61069469950991,0.988868458869431,1.00591845051762,"spatial",TRUE,10,1000,1000
"observed",49,5,20.950778751347,12.0750651981474,1,94.4590533937359,-0.613190815539424,16.5420659095635,-0.613190815539424,0.983758893264749,1.01110828246026,"spatial",TRUE,10,1000,1000
"latent",49,5,26.7543587546193,19.4938570714591,0.26530612244898,25.7432425121685,-0.687432828214748,22.635022138528,-0.687432828214748,0.972756954932535,1.00936312645523,"nonspatial",TRUE,10,1000,1000
"observed",49,5,29.6307515128709,17.0838604077967,0.979591836734694,117.808560100654,0.169331475769584,25.6240864052998,0.169331475769584,0.967183730424643,1.0139231955428,"nonspatial",TRUE,10,1000,1000
